東,一
菄,一
鶇,一
𠍀,一
倲,一
𩜍,一
𢘐,一
涷,一
蝀,一
凍,一
鯟,一
𢔅,一
崠,一
埬,一
𧓕,一
䰤,一
同,一
童,一
僮,一
銅,一
桐,一
峒,一
硐,一
𦨴,一
𧱁,一
筒,一
瞳,一
㼧,一
𤭁,一
犝,一
筩,一
曈,一
洞,一
侗,一
烔,一
䴀,一
挏,一
酮,一
𦏆,一
𦍻,一
眮,一
蕫,一
衕,一
𩍅,一
𢈉,一
䆚,一
哃,一
𢏕,一
絧,一
𨚯,一
𨝯,一
𪔝,一
𩦶,一
𪒿,一
中,三
衷,三
忠,三
𦬕,三
蟲,三
沖,三
种,三
盅,三
翀,三
終,三
衆,三
𣧩,三
螽,三
𧑄,三
鼨,三
蔠,三
柊,三
𩅧,三
鴤,三
䈺,三
泈,三
䝦,三
忡,三
浺,三
崇,三
崈,三
㓽,三
𩞉,三
嵩,三
崧,三
𪀚,三
娀,三
菘,三
硹,三
㣝,三
𧊕,三
𨱿,三
戎,三
𢦦,三
茙,三
㭜,三
駥,三
𥬪,三
𠈋,三
狨,三
絨,三
弓,三
躳,三
躬,三
㴦,三
宮,三
匑,三
融,三
肜,三
瀜,三
雄,三
熊,三
夢,三
𨞯,三
𦫰,三
𧲎,三
穹,三
𢞏,三
焪,三
芎,三
𦵡,三
𥳎,三
窮,三
藭,三
𥨪,三
馮,三
堸,三
汎,三
𨝭,三
渢,三
梵,三
風,三
飌,三
楓,三
猦,三
偑,三
檒,三
𧆉,三
豐,三
酆,三
蘴,三
灃,三
寷,三
麷,三
㒥,三
㠦,三
充,三
珫,三
茺,三
㤝,三
䘪,三
㳘,三
隆,三
癃,三
𪔳,三
窿,三
霳,三
㚅,三
空,一
箜,一
硿,一
䅝,一
埪,一
倥,一
鵼,一
𦱇,一
𢃐,一
𧌆,一
公,一
功,一
工,一
疘,一
魟,一
攻,一
㓚,一
愩,一
碽,一
篢,一
蒙,一
冡,一
濛,一
𩦺,一
艨,一
䑃,一
矇,一
饛,一
䰒,一
檬,一
𨢊,一
䴿,一
𨣘,一
鸏,一
幪,一
𢄐,一
髳,一
蠓,一
𦿏,一
霿,一
朦,一
䀄,一
霥,一
豅,一
㰍,一
朧,一
𡃡,一
龓,一
䪊,一
聾,一
𨏠,一
礱,一
䆍,一
𪚗,一
嚨,一
櫳,一
𤮨,一
巃,一
𧙥,一
瓏,一
曨,一
𩟭,一
蠪,一
屸,一
洪,一
鉷,一
訌,一
紅,一
仜,一
鴻,一
葒,一
葓,一
谼,一
䉺,一
烘,一
渱,一
𨹁,一
䧆,一
䪦,一
𦏺,一
䫹,一
𨾊,一
叢,一
藂,一
䕺,一
𥵫,一
翁,一
螉,一
䱵,一
蓊,一
䈵,一
䩺,一
㮬,一
𩔚,一
怱,一
忩,一
葱,一
楤,一
𨍉,一
聦,一
繱,一
𤧚,一
騘,一
䗓,一
𨣭,一
鍯,一
㷓,一
𢉛,一
通,一
蓪,一
恫,一
痌,一
𧳆,一
𨀜,一
葼,一
鬷,一
嵕,一
猣,一
鯼,一
椶,一
騣,一
𩮀,一
嵸,一
蝬,一
𥓻,一
翪,一
緵,一
㚇,一
㣭,一
稯,一
鬉,一
蓬,一
𥭗,一
篷,一
髼,一
𧚋,一
韸,一
叿,一
𩐠,一
𩗄,一
檧,一
憽,一
㬝,一
冬,一
𠔙,一
苳,一
䳉,一
笗,一
𩂓,一
𧲴,一
彤,一
疼,一
佟,一
炵,一
䳋,一
鼕,一
𢥞,一
𢾮,一
㤏,一
痋,一
䂈,一
鉵,一
𧹝,一
浵,一
𠩁,一
鉖,一
𨜳,一
㠽,一
赨,一
賨,一
琮,一
悰,一
孮,一
誴,一
𢃏,一
農,一
䢉,一
辳,一
𨑋,一
𩅽,一
憹,一
儂,一
𧗕,一
膿,一
䃔,一
㗢,一
𩘎,一
䃧,一
䥢,一
𣫣,一
宗,一
倧,一
䯳,一
鍾,三
鐘,三
忪,三
䇗,三
蹱,三
彸,三
衳,三
伀,三
籦,三
妐,三
㕬,三
炂,三
𦬘,三
𨳗,三
鈆,三
龍,三
𪚝,三
躘,三
𪚠,三
𦪽,三
舂,三
𧐍,三
摏,三
蹖,三
𪄻,三
松,三
㮤,三
淞,三
訟,三
𧘂,三
衝,三
褈,三
𠟍,三
𠝤,三
䂌,三
容,三
溶,三
滽,三
庸,三
𦤘,三
𧴄,三
㺎,三
𤛑,三
墉,三
鎔,三
鏞,三
銿,三
鄘,三
傭,三
𪅟,三
㼸,三
𤮇,三
鱅,三
蓉,三
䗤,三
傛,三
褣,三
搈,三
瑢,三
䈶,三
嵱,三
頌,三
㝐,三
䡆,三
㟾,三
𨲟,三
𪃾,三
槦,三
㣑,三
𢧳,三
封,三
𡉚,三
犎,三
葑,三
崶,三
胷,三
凶,三
𣧑,三
銎,三
洶,三
恟,三
𧧗,三
兇,三
訩,三
匈,三
顒,三
𩤛,三
鰅,三
喁,三
邕,三
雍,三
噰,三
嗈,三
澭,三
灉,三
癰,三
廱,三
饔,三
壅,三
雝,三
𪄉,三
㻾,三
𧴗,三
醲,三
濃,三
襛,三
穠,三
檂,三
𪒬,三
𨲳,三
重,三
緟,三
䳯,三
蝩,三
從,三
从,三
𩀰,三
𦟛,三
𨙦,三
䝑,三
𨤩,三
𪒒,三
逢,三
縫,三
漨,三
䩼,三
𥎌,三
𥛝,三
捀,三
峯,三
鋒,三
丰,三
𡴀,三
𢓱,三
妦,三
蠭,三
𧒒,三
桻,三
㷭,三
烽,三
莑,三
仹,三
㸼,三
縱,三
𣯨,三
蹤,三
䡮,三
樅,三
磫,三
熧,三
𧺣,三
茸,三
䩸,三
髶,三
䇯,三
搑,三
𥎂,三
榵,三
穁,三
蛩,三
邛,三
舼,三
𦨰,三
筇,三
輁,三
𦭭,三
䂬,三
蛬,三
𠌖,三
𩬰,三
桏,三
䅃,三
𤤶,三
𩢽,三
慵,三
𩌨,三
恭,三
龔,三
供,三
珙,三
䢼,三
共,三
𤱨,三
廾,三
髸,三
䳍,三
蜙,三
倯,三
𢔋,三
暰,三
瑽,三
䐫,三
𥡬,三
𨑪,三
江,二
扛,二
杠,二
茳,二
矼,二
豇,二
肛,二
䜫,二
厖,二
駹,二
狵,二
尨,二
浝,二
哤,二
牻,二
娏,二
䵨,二
㟌,二
蛖,二
𥆙,二
痝,二
𠈵,二
𦗳,二
𣰊,二
鬞,二
䁸,二
𪆯,二
䆫,二
牎,二
窓,二
䎫,二
𥍷,二
邦,二
𤰫,二
梆,二
垹,二
栙,二
䜶,二
降,二
缸,二
缻,二
夅,二
跭,二
胮,二
𤵸,二
𩐨,二
𪔔,二
𪐿,二
雙,二
艭,二
䉶,二
𢥠,二
䝄,二
𨇯,二
龐,二
逄,二
舽,二
啌,二
舡,二
腔,二
𤟄,二
羫,二
跫,二
𩩝,二
㾤,二
幢,二
撞,二
噇,二
𩪘,二
䚎,二
𥡟,二
䄝,二
𧜧,二
樁,二
𣻛,二
𩞐,二
支,三
𥾣,三
只,三
汥,三
㲍,三
巵,三
梔,三
枝,三
衹,三
㽻,三
衼,三
肢,三
胑,三
𨈛,三
馶,三
氏,三
疻,三
㩼,三
鳷,三
䧴,三
觶,三
榰,三
㯄,三
𪂅,三
𧌔,三
眵,三
䡋,三
𩍲,三
移,三
䄬,三
迻,三
𠩗,三
杝,三
鉹,三
箷,三
𥠥,三
㥴,三
簃,三
䔟,三
熪,三
扅,三
衪,三
暆,三
迆,三
𤝻,三
歋,三
酏,三
匜,三
拸,三
謻,三
𠗺,三
虵,三
螔,三
𠐀,三
𣣢,三
䬁,三
爲,三
為,三
潙,三
䧦,三
鄬,三
𩻟,三
嬀,三
𪎮,三
麾,三
噅,三
撝,三
逶,三
𣨙,三
萎,三
㮃,三
覣,三
蜲,三
痿,三
委,三
䴧,三
蟡,三
糜,三
縻,三
㸏,三
𪎕,三
蘼,三
䊳,三
𪎭,三
𦗕,三
醿,三
隓,三
隳,三
睢,三
䜐,三
錘,三
甀,三
𡍮,三
垂,三
陲,三
倕,三
𦈼,三
𨿠,三
圌,三
篅,三
𥳙,三
𠂹,三
羸,三
吹,三
炊,三
䶴,三
鈹,三
帔,三
鮍,三
披,三
𤱍,三
耚,三
狓,三
翍,三
旇,三
秛,三
𤿎,三
㱟,三
陂,三
詖,三
碑,三
羆,三
𥀍,三
𨰟,三
𤜑,三
𨧦,三
𥶓,三
襬,三
藣,三
隨,三
𥶻,三
虧,三
闚,三
窺,三
竒,三
琦,三
騎,三
鵸,三
弜,三
鬾,三
碕,三
𢺷,三
㩽,三
錡,三
祇,三
示,三
岐,三
歧,三
𨙸,三
疧,三
蚑,三
忯,三
䞚,三
翄,三
𢻚,三
軝,三
𩉬,三
芪,三
跂,三
䲬,三
䉻,三
𦭲,三
伎,三
𨱜,三
𠁭,三
犧,三
羲,三
焁,三
桸,三
巇,三
羛,三
𤃪,三
曦,三
𢹍,三
𧕆,三
䚙,三
䖒,三
㺣,三
𣤴,三
𢨛,三
㚀,三
隵,三
㩻,三
觭,三
踦,三
㱦,三
崎,三
𦖊,三
𤘌,三
㥓,三
䗁,三
攲,三
宜,三
宐,三
𠣨,三
㝖,三
儀,三
𥪺,三
䣡,三
䴊,三
轙,三
皮,三
疲,三
𦑡,三
㖷,三
匙,三
䈕,三
𦳚,三
姼,三
眂,三
𣏚,三
𠒆,三
唲,三
婼,三
籬,三
醨,三
罹,三
璃,三
𪖂,三
樆,三
鸝,三
鵹,三
𪅆,三
縭,三
褵,三
蘺,三
离,三
䍦,三
㰚,三
䅻,三
孋,三
漓,三
灕,三
𧕯,三
㷰,三
𧕮,三
攡,三
黐,三
矖,三
穲,三
𢟢,三
𢥗,三
疵,三
骴,三
𣐑,三
胔,三
飺,三
鴜,三
貲,三
頿,三
𪕊,三
鮆,三
訾,三
鄑,三
㠿,三
媊,三
𨚖,三
㰣,三
鈭,三
姕,三
𦺱,三
䖪,三
觜,三
羈,三
畸,三
羇,三
掎,三
妓,三
躸,三
卑,三
鵯,三
裨,三
𩔹,三
痺,三
𢃍,三
陴,三
𩫫,三
焷,三
脾,三
䴽,三
埤,三
蜱,三
𧓎,三
𪌈,三
紕,三
䌳,三
絁,三
施,三
葹,三
䙾,三
鍦,三
鉈,三
鸍,三
𪓿,三
䗐,三
𧠜,三
𢻫,三
斯,三
虒,三
榹,三
㴲,三
廝,三
㒋,三
凘,三
磃,三
傂,三
𪆁,三
蟴,三
䫢,三
䔮,三
𥕶,三
蜤,三
燍,三
禠,三
鐁,三
嵯,三
𪙉,三
摛,三
螭,三
魑,三
𡴥,三
彲,三
彌,三
𢏏,三
镾,三
䍘,三
𨤐,三
㣆,三
獼,三
𥸀,三
擟,三
麊,三
冞,三
㜷,三
䥸,三
𥎖,三
雌,三
𦙼,三
𦍧,三
知,三
䵹,三
鼅,三
蜘,三
䣽,三
䝷,三
漪,三
猗,三
椅,三
旖,三
禕,三
陭,三
欹,三
㾨,三
犄,三
𩕲,三
檹,三
馳,三
趍,三
篪,三
䶵,三
踟,三
褫,三
䪧,三
䶔,三
誃,三
䞾,三
危,三
㕒,三
洈,三
峗,三
釃,三
簁,三
襹,三
褷,三
䭨,三
䬐,三
厜,三
㭰,三
𩓸,三
𩓡,三
槻,三
規,三
鬹,三
𨾚,三
摫,三
𦸺,三
臇,三
𤎱,三
㷷,三
衰,三
夊,三
腄,三
箠,三
㩾,三
䮔,三
齜,三
䔺,三
𩁌,三
欈,三
𧲚,三
䝐,三
脂,三
祗,三
汦,三
砥,三
鴲,三
㴯,三
䓜,三
𥁼,三
姨,三
彞,三
寅,三
夷,三
峓,三
恞,三
眱,三
𣟗,三
珆,三
蔩,三
𡰥,三
痍,三
䧅,三
蛦,三
胰,三
羠,三
羨,三
鏔,三
𢓡,三
𡱐,三
跠,三
師,三
鰤,三
蒒,三
篩,三
獅,三
螄,三
𣬈,三
毗,三
比,三
琵,三
芘,三
沘,三
貔,三
豼,三
肶,三
蚍,三
𧖈,三
枇,三
仳,三
𨈚,三
魮,三
𦳈,三
𦊁,三
阰,三
𧑜,三
鵧,三
咨,三
資,三
粢,三
𪗉,三
𪗋,三
𧞓,三
諮,三
姿,三
齍,三
澬,三
𣳩,三
𩆂,三
𩄚,三
飢,三
机,三
肌,三
虮,三
鴟,三
𨾦,三
鵄,三
胵,三
𩶅,三
𧪡,三
𨒬,三
絺,三
辴,三
郗,三
𥭘,三
脪,三
瓻,三
訵,三
趑,三
趀,三
𧾒,三
𧠵,三
𡰾,三
𡳠,三
蠀,三
茨,三
薋,三
餈,三
𩜴,三
垐,三
䆅,三
𧓉,三
瓷,三
𥿆,三
尼,三
柅,三
怩,三
蚭,三
跜,三
呢,三
𩚯,三
䝚,三
墀,三
𡎰,三
泜,三
遲,三
遟,三
蚳,三
彽,三
阺,三
謘,三
貾,三
私,三
鋖,三
厶,三
𦮺,三
㺨,三
尸,三
鳲,三
屍,三
蓍,三
鬐,三
𦓀,三
耆,三
愭,三
𧡺,三
𥉙,三
䅲,三
祁,三
𨪌,三
鰭,三
鮨,三
伊,三
咿,三
𧉅,三
黝,三
棃,三
梨,三
𠠍,三
秜,三
蜊,三
犂,三
刕,三
𢤂,三
鑗,三
䴻,三
蟍,三
葵,三
鄈,三
楑,三
𩹍,三
𢜽,三
𦝢,三
䳫,三
𧍜,三
追,三
䨨,三
龜,三
𪚦,三
𤕣,三
䟸,三
騩,三
蕤,三
甤,三
緌,三
桵,三
䅑,三
榱,三
𤸬,三
惟,三
𣄧,三
維,三
遺,三
濰,三
壝,三
𥌰,三
蓶,三
琟,三
唯,三
𧔥,三
㶟,三
纍,三
虆,三
欙,三
𤜖,三
𡿔,三
㠥,三
𡤯,三
𥍔,三
鸓,三
纝,三
綏,三
雖,三
荾,三
荽,三
䒘,三
奞,三
濉,三
逵,三
夔,三
𣦞,三
馗,三
戣,三
鍨,三
犪,三
躨,三
艽,三
𠊾,三
𨾗,三
頯,三
𠐽,三
𧢦,三
𢌳,三
頄,三
眉,三
睂,三
嵋,三
湄,三
𤃱,三
鶥,三
楣,三
瑂,三
矀,三
覹,三
䉠,三
麋,三
蘪,三
郿,三
㵟,三
薇,三
葿,三
攗,三
悲,三
錐,三
隹,三
𪋇,三
騅,三
㮅,三
䶆,三
鵻,三
誰,三
脽,三
帷,三
邳,三
鉟,三
䲹,三
岯,三
魾,三
䫠,三
丕,三
㔻,三
伾,三
秠,三
䪹,三
駓,三
怌,三
豾,三
髬,三
倠,三
婎,三
𢊄,三
椎,三
槌,三
桘,三
顀,三
胝,三
疷,三
秪,三
㩺,三
𧧺,三
𢞗,三
嶉,三
巋,三
蘬,三
狋,三
咦,三
忾,三
䐅,三
𣢂,三
屎,三
之,三
臸,三
芝,三
㞢,三
飴,三
𩛛,三
䬮,三
怡,三
弬,三
媐,三
异,三
㼢,三
𣐵,三
圯,三
貽,三
巸,三
洍,三
𦣝,三
𩠞,三
頤,三
㺿,三
沶,三
宧,三
𦚟,三
䱌,三
姬,三
眙,三
瓵,三
時,三
旹,三
塒,三
鼭,三
榯,三
蒔,三
鰣,三
疑,三
嶷,三
觺,三
思,三
恖,三
司,三
罳,三
伺,三
絲,三
緦,三
𥯨,三
禗,三
覗,三
㺇,三
𥄶,三
蕬,三
楒,三
輜,三
颸,三
其,三
期,三
旗,三
綦,三
綨,三
𢃛,三
萁,三
𧯯,三
蜝,三
琪,三
麒,三
騏,三
淇,三
䳢,三
錤,三
藄,三
棊,三
櫀,三
碁,三
𤪌,三
璂,三
鯕,三
蘄,三
祺,三
禥,三
踑,三
𦪆,三
䑴,三
畁,三
䶞,三
詩,三
邿,三
齝,三
𪗪,三
呞,三
䀢,三
而,三
栭,三
𣚊,三
𨼏,三
陑,三
髵,三
峏,三
𨎪,三
輀,三
𦠌,三
胹,三
𦓒,三
𩰴,三
洏,三
鮞,三
咡,三
誀,三
鴯,三
欺,三
娸,三
䫏,三
𠐾,三
魌,三
僛,三
𪅾,三
𪀩,三
抾,三
朞,三
稘,三
基,三
箕,三
䇫,三
諅,三
居,三
諆,三
詞,三
祠,三
柌,三
辭,三
辤,三
辝,三
釐,三
貍,三
狸,三
嫠,三
剺,三
梩,三
𣁟,三
倈,三
艃,三
孷,三
𢟤,三
𩭇,三
㾖,三
𠩬,三
𠭰,三
葘,三
甾,三
湽,三
𥀜,三
茬,三
輺,三
鍿,三
鶅,三
緇,三
䊷,三
椔,三
鯔,三
䎩,三
䣎,三
僖,三
歖,三
熙,三
嬉,三
禧,三
譆,三
𠩺,三
瞦,三
熹,三
嘻,三
𣢑,三
娭,三
誒,三
醫,三
毉,三
譩,三
癡,三
笞,三
痴,三
治,三
持,三
蚩,三
嗤,三
妛,三
媸,三
𦐉,三
𥉍,三
慈,三
礠,三
鶿,三
濨,三
兹,三
孳,三
嵫,三
孜,三
滋,三
嗞,三
𪑿,三
鎡,三
孖,三
鰦,三
仔,三
鷀,三
稵,三
漦,三
䀵,三
微,三
𢼸,三
䥩,三
癓,三
揮,三
輝,三
暉,三
徽,三
翬,三
褘,三
鰴,三
幑,三
瀈,三
㫎,三
幃,三
韋,三
闈,三
圍,三
䙟,三
𩎯,三
違,三
湋,三
囗,三
鍏,三
潿,三
婔,三
𧝕,三
𠆎,三
𢾁,三
霏,三
䬠,三
菲,三
䩁,三
婓,三
騑,三
裶,三
𥇖,三
猆,三
飛,三
扉,三
緋,三
𩙲,三
非,三
馡,三
𩹉,三
騛,三
誹,三
餥,三
肥,三
腓,三
䈈,三
淝,三
𤷂,三
蜰,三
𩇯,三
蟦,三
威,三
葳,三
隇,三
㟪,三
蝛,三
鰄,三
媁,三
楲,三
祈,三
頎,三
旂,三
𩴆,三
畿,三
㙨,三
𧰙,三
𦠄,三
俟,三
幾,三
玂,三
蟣,三
岓,三
𪙧,三
機,三
譏,三
嘰,三
𦺬,三
磯,三
鞿,三
饑,三
禨,三
䟇,三
鐖,三
僟,三
璣,三
𧗇,三
希,三
晞,三
莃,三
鵗,三
睎,三
稀,三
豨,三
𧻶,三
悕,三
俙,三
欷,三
依,三
郼,三
衣,三
繶,三
㛄,三
㐆,三
䧇,三
㥋,三
沂,三
溰,三
巍,三
犩,三
歸,三
㱕,三
魚,三
𩺰,三
漁,三
𩼪,三
䰻,三
,三
鋙,三
䁩,三
初,三
𠿝,三
書,三
鵨,三
瑹,三
舒,三
𦺗,三
紓,三
𨛭,三
𡨢,三
据,三
裾,三
琚,三
䝻,三
鶋,三
車,三
蜛,三
崌,三
椐,三
涺,三
𦱅,三
腒,三
渠,三
𨎶,三
𦄽,三
璩,三
磲,三
蕖,三
籧,三
𥴧,三
淭,三
醵,三
𪆫,三
螶,三
蟝,三
䝣,三
豦,三
蘧,三
鐻,三
璖,三
𨞙,三
㯫,三
䟊,三
𦼫,三
䆽,三
𧝔,三
懅,三
余,三
蜍,三
藇,三
㶛,三
餘,三
輿,三
旟,三
璵,三
艅,三
畬,三
𤰩,三
𤄕,三
歟,三
與,三
譽,三
嬩,三
舁,三
擧,三
妤,三
伃,三
㦛,三
𪋮,三
予,三
㺞,三
𩦡,三
𧾚,三
狳,三
鸒,三
雓,三
胥,三
䱬,三
䈝,三
稰,三
楈,三
諝,三
㥠,三
湑,三
蝑,三
揟,三
疽,三
岨,三
砠,三
䢸,三
趄,三
沮,三
狙,三
䏣,三
蛆,三
雎,三
𣻐,三
坥,三
𡳆,三
鉏,三
鋤,三
耡,三
豠,三
𧱑,三
𪆷,三
攄,三
㯉,三
摴,三
䟽,三
梳,三
綀,三
蔬,三
踈,三
𥿇,三
𦌿,三
𤕟,三
㽰,三
虚,三
驉,三
歔,三
噓,三
魖,三
𥛳,三
徐,三
䍱,三
俆,三
扵,三
箊,三
淤,三
唹,三
豬,三
䐗,三
猪,三
瀦,三
櫫,三
藸,三
臚,三
閭,三
廬,三
櫚,三
驢,三
藘,三
䕡,三
爈,三
𤁵,三
㠠,三
櫖,三
璷,三
䮉,三
𥶆,三
𢣻,三
諸,三
櫧,三
㶆,三
藷,三
𧄔,三
䃴,三
蠩,三
除,三
躇,三
儲,三
篨,三
𦿀,三
宁,三
㾻,三
著,三
滁,三
蒢,三
如,三
𨚴,三
洳,三
鴽,三
𨾵,三
𡫽,三
茹,三
且,三
墟,三
𥬔,三
袪,三
阹,三
胠,三
㠊,三
𢴮,三
㭕,三
䒧,三
菹,三
𧄗,三
袽,三
帤,三
𣭠,三
𣖹,三
虞,三
𩦢,三
愚,三
湡,三
堣,三
𪃍,三
嵎,三
禺,三
隅,三
䴁,三
鍝,三
澞,三
𧍪,三
㷒,三
鸆,三
𨜖,三
芻,三
犓,三
無,三
毋,三
瞴,三
蕪,三
誣,三
巫,三
莁,三
璑,三
𨼊,三
鷡,三
𦌬,三
𢃀,三
譕,三
鵐,三
憮,三
䍢,三
于,三
迂,三
盂,三
邘,三
雩,三
𦏴,三
竽,三
玗,三
芋,三
䣿,三
杅,三
釪,三
𧘘,三
骬,三
𠌶,三
謣,三
䩒,三
䢓,三
𦱃,三
訏,三
吁,三
欨,三
㽳,三
盱,三
𧙆,三
𥈈,三
姁,三
𦀒,三
扜,三
荂,三
𢖳,三
旴,三
㰭,三
𥈸,三
衢,三
劬,三
氍,三
眗,三
䧁,三
臞,三
癯,三
鸜,三
灈,三
躣,三
忂,三
𩢳,三
鼩,三
斪,三
蠷,三
瞿,三
欋,三
葋,三
翑,三
𪓞,三
𧾱,三
䞤,三
𠣪,三
絇,三
𡱺,三
𥃔,三
𥗫,三
戵,三
鑺,三
儒,三
襦,三
懦,三
嚅,三
鱬,三
𪋯,三
嬬,三
繻,三
顬,三
䞕,三
臑,三
醹,三
㼱,三
須,三
鬚,三
嬃,三
𩓣,三
𥪥,三
𢄼,三
需,三
娶,三
蕦,三
鑐,三
隃,三
株,三
誅,三
邾,三
鼄,三
蛛,三
跦,三
袾,三
列,三
㦵,三
鴸,三
𪏿,三
貙,三
𤠾,三
殊,三
銖,三
洙,三
茱,三
㼡,三
殳,三
𢎦,三
㸡,三
𦤂,三
陎,三
几,三
杸,三
逾,三
踰,三
臾,三
楰,三
腴,三
諛,三
鄃,三
覦,三
𨵦,三
俞,三
愉,三
𢋅,三
褕,三
瑜,三
崳,三
㥚,三
羭,三
蝓,三
榆,三
萸,三
堬,三
渝,三
𤜹,三
㳛,三
𤧙,三
瘉,三
螸,三
蕍,三
𦺮,三
䩱,三
䜽,三
萮,三
𧃠,三
舀,三
㼶,三
騟,三
𢔢,三
𥯮,三
𥔢,三
鰸,三
驅,三
敺,三
嶇,三
軀,三
䧢,三
朱,三
珠,三
侏,三
絑,三
秼,三
咮,三
鮢,三
𤝹,三
硃,三
趨,三
氀,三
㟺,三
㺏,三
𤗬,三
扶,三
𢺻,三
芙,三
符,三
颫,三
鳧,三
榑,三
苻,三
蚨,三
夫,三
𦽏,三
𣿆,三
𧥱,三
枎,三
坿,三
泭,三
𣻜,三
𤱽,三
𣘧,三
𣻥,三
𢞦,三
𦑹,三
𦔾,三
玸,三
䅳,三
雛,三
鶵,三
媰,三
搊,三
敷,三
麩,三
麱,三
孚,三
𣞒,三
郛,三
筟,三
俘,三
殍,三
怤,三
䎔,三
𧀮,三
孵,三
尃,三
䱐,三
罦,三
稃,三
𥹃,三
莩,三
郙,三
㕊,三
桴,三
㩤,三
姇,三
紨,三
䓵,三
㲗,三
䓏,三
諏,三
㖩,三
𡸨,三
娵,三
跗,三
趺,三
膚,三
肤,三
邞,三
鈇,三
衭,三
㠸,三
玞,三
𩿧,三
𧀴,三
簠,三
鳺,三
柎,三
𩬙,三
𩵩,三
䄮,三
䃿,三
妋,三
紆,三
陓,三
䩽,三
㝼,三
虶,三
䨕,三
輸,三
樞,三
姝,三
𩪍,三
䇬,三
廚,三
蹰,三
趎,三
幮,三
拘,三
駒,三
䀠,三
㪺,三
𨞜,三
捄,三
跔,三
鮈,三
俱,三
痀,三
𥇛,三
毹,三
㡏,三
橾,三
螋,三
模,一
橅,一
摸,一
嫫,一
謨,一
𠻚,一
膜,一
酺,一
匍,一
荹,一
䔕,一
蒲,一
蒱,一
䈻,一
胡,一
𩑶,一
𠴱,一
壺,一
狐,一
瓳,一
餬,一
瑚,一
湖,一
鶘,一
猢,一
醐,一
𪏻,一
䊀,一
𪍒,一
糊,一
弧,一
乎,一
𠀒,一
𪕱,一
瓠,一
葫,一
㾰,一
魱,一
箶,一
䉉,一
𥶜,一
𧛞,一
㯛,一
孤,一
苽,一
菰,一
胍,一
𡗷,一
姑,一
辜,一
呱,一
泒,一
酤,一
觚,一
蛄,一
箛,一
鴣,一
橭,一
𠷞,一
沽,一
柧,一
𨬕,一
𧇡,一
盬,一
嫴,一
罛,一
軱,一
箍,一
䐻,一
徒,一
𨑒,一
瘏,一
途,一
酴,一
駼,一
𤙛,一
㭸,一
圖,一
𤺈,一
菟,一
捈,一
䅷,一
嵞,一
峹,一
鍍,一
䤅,一
蒤,一
䖘,一
鷵,一
奴,一
㚢,一
砮,一
駑,一
帑,一
孥,一
呼,一
嘑,一
𧦝,一
歑,一
謼,一
幠,一
恗,一
軤,一
虍,一
苸,一
雐,一
䰧,一
滹,一
鼯,一
𪁙,一
𧋋,一
吳,一
浯,一
䓊,一
㹳,一
㻍,一
珸,一
蜈,一
郚,一
鯃,一
娪,一
梧,一
峿,一
𦨳,一
祦,一
租,一
盧,一
鑪,一
壚,一
籚,一
顱,一
髗,一
鱸,一
攎,一
櫨,一
轤,一
黸,一
獹,一
鸕,一
艫,一
纑,一
瀘,一
瓐,一
爐,一
玈,一
𢐸,一
㢚,一
𤮧,一
嚧,一
矑,一
㿖,一
㭔,一
𧇄,一
𧆨,一
罏,一
蠦,一
㪭,一
𦿊,一
蘇,一
穌,一
㢝,一
酥,一
徂,一
䢐,一
殂,一
𣨐,一
烏,一
嗚,一
洿,一
汚,一
杇,一
圬,一
鰞,一
歍,一
鎢,一
㢪,一
瑦,一
盓,一
螐,一
惡,一
扝,一
𦶀,一
㮧,一
鴮,一
逋,一
餔,一
𥂈,一
晡,一
庯,一
陠,一
鵏,一
𧻷,一
峬,一
誧,一
抪,一
枯,一
刳,一
郀,一
軲,一
㱠,一
跍,一
挎,一
鮬,一
麤,一
麁,一
𧆓,一
𥼡,一
𤿚,一
㻌,一
稌,一
嶀,一
㻯,一
𡸂,一
庩,一
䞮,一
㻬,一
䩣,一
都,一
𥳉,一
𦘴,一
𧷿,一
䩲,一
𥠵,一
𩹲,一
𨁏,一
䮒,一
𢼹,一
齊,四
臍,四
蠐,四
𪗍,四
懠,四
䶒,四
癠,四
𨥳,四
黎,四
犁,四
𤛿,四
黧,四
藜,四
𦃇,四
盠,四
邌,四
𨛫,四
廲,四
瓈,四
𥌛,四
𩧋,四
㦒,四
𨿯,四
妻,四
萋,四
淒,四
凄,四
悽,四
鶈,四
緀,四
齌,四
霋,四
低,四
袛,四
磾,四
鞮,四
腣,四
羝,四
隄,四
䧑,四
奃,四
趆,四
𡰖,四
鍉,四
柢,四
䐎,四
䚣,四
𥿄,四
㓳,四
䬫,四
嗁,四
啼,四
㖒,四
蹏,四
蹄,四
𥶛,四
詆,四
瑅,四
題,四
𧡨,四
綈,四
罤,四
𣹲,四
𣖅,四
締,四
蕛,四
稊,四
𦯔,四
䬾,四
醍,四
鵜,四
䱱,四
崹,四
緹,四
騠,四
䨑,四
銕,四
䖙,四
𥉘,四
𢔭,四
𡰄,四
厗,四
𪂿,四
鶙,四
蝭,四
𨪉,四
㡗,四
銻,四
鮷,四
趧,四
𧋘,四
豍,四
㡙,四
螕,四
𦱔,四
蓖,四
篦,四
梐,四
𥏠,四
𨻼,四
狴,四
鎞,四
䚜,四
雞,四
鷄,四
稽,四
枅,四
笄,四
㮷,四
䗗,四
卟,四
𨪴,四
奚,四
豯,四
徯,四
㜎,四
蹊,四
螇,四
騱,四
胿,四
𡗞,四
郋,四
𪓷,四
傒,四
嵇,四
兮,四
鼷,四
蒵,四
貕,四
鷖,四
翳,四
𧫦,四
嫛,四
黳,四
㙠,四
䃜,四
繄,四
䚷,四
𣕁,四
倪,四
蜺,四
霓,四
郳,四
齯,四
婗,四
輗,四
棿,四
猊,四
麑,四
貎,四
鯢,四
䘽,四
𠆵,四
觬,四
㪒,四
醯,四
䒊,四
𦫬,四
忚,四
西,四
卤,四
𠧧,四
棲,四
栖,四
犀,四
嘶,四
撕,四
𤺊,四
㯕,四
屖,四
𧬊,四
𠞂,四
梯,四
睇,四
鷈,四
𠥸,四
㔸,四
𨁃,四
𩤽,四
鼙,四
㼰,四
笓,四
磇,四
𠜱,四
𪄆,四
批,四
賷,四
𩐒,四
齏,四
𧅱,四
櫅,四
䂑,四
擠,四
躋,四
隮,四
𢥎,四
迷,四
𡝠,四
䤍,四
麛,四
𧠠,四
𪓬,四
泥,四
屔,四
谿,四
嵠,四
溪,四
磎,四
鸂,四
檕,四
𤳤,四
圭,四
珪,四
邽,四
閨,四
袿,四
窐,四
𪊧,四
𨾴,四
𡌲,四
𦓯,四
茥,四
睽,四
奎,四
刲,四
𠝥,四
䯓,四
聧,四
䖯,四
蝰,四
㨒,四
楏,四
藈,四
攜,四
携,四
𩰳,四
畦,四
驨,四
雟,四
酅,四
𢥘,四
𦋅,四
𣫴,四
𡸔,四
㔒,四
䙵,四
𡰢,四
䀘,四
烓,四
𧟼,四
𤮰,四
睳,四
佳,二
街,二
㥟,二
膎,二
鞵,二
鞋,二
䙎,二
牌,二
䱝,二
𥱼,二
棑,二
媧,二
𧬭,二
蝸,二
騧,二
歄,二
蛙,二
鼃,二
咼,二
喎,二
絓,二
䓙,二
𦹬,二
柴,二
祡,二
𪗶,二
㾹,二
査,二
釵,二
靫,二
𩑐,二
叉,二
芆,二
䐤,二
㼮,二
𠞊,二
竵,二
𦶎,二
𡁑,二
𩝨,二
䍲,二
誽,二
啀,二
𪘲,二
厓,二
娃,二
哇,二
𠴺,二
崽,二
㗨,二
㰨,二
扠,二
䁲,二
𩍃,二
皆,二
偕,二
䕸,二
稭,二
喈,二
階,二
𦝨,二
薢,二
痎,二
堦,二
楷,二
鶛,二
湝,二
𤭧,二
𩘅,二
蝔,二
鍇,二
𢰇,二
諧,二
𩤠,二
骸,二
瑎,二
龤,二
排,二
俳,二
猈,二
乖,二
𦮃,二
𠦬,二
㾩,二
懷,二
褱,二
㜳,二
𪊉,二
㠢,二
𤜄,二
淮,二
褢,二
𧞷,二
瀤,二
㨤,二
㔞,二
豺,二
儕,二
𡺵,二
𩓬,二
埋,二
薶,二
霾,二
㦟,二
齋,二
崴,二
䴜,二
𪘨,二
榸,二
揩,二
𦂄,二
𢔡,二
𥻄,二
摨,二
𥳧,二
娾,二
搋,二
𢓬,二
䐯,二
膗,二
𢶀,二
灰,一
䖶,一
豗,一
㾯,一
恢,一
詼,一
魁,一
𥲖,一
㷇,一
顝,一
盔,一
隈,一
煨,一
䋿,一
渨,一
椳,一
偎,一
𩗯,一
揋,一
𧤖,一
葨,一
鰃,一
回,一
洄,一
迴,一
徊,一
瑰,一
蚘,一
蛕,一
佪,一
烠,一
𤜡,一
𩢱,一
茴,一
枚,一
梅,一
媒,一
玫,一
煤,一
脢,一
脄,一
腜,一
禖,一
塺,一
鋂,一
䊈,一
䤂,一
傀,一
𤪿,一
𠐤,一
瓌,一
膭,一
䐩,一
䕇,一
雷,一
𩂩,一
儡,一
㔣,一
櫑,一
罍,一
鑘,一
𦌵,一
鐳,一
𤮚,一
畾,一
穨,一
頽,一
㿉,一
隤,一
㢈,一
魋,一
蘈,一
𧮓,一
𧝋,一
蹪,一
𤗴,一
崔,一
催,一
縗,一
𨻵,一
𢕘,一
𧽠,一
磓,一
塠,一
頧,一
䭔,一
堆,一
鴭,一
𠩰,一
搥,一
䜃,一
嵟,一
𩈜,一
𠂤,一
敦,一
𡏩,一
𤗯,一
挼,一
毸,一
蓑,一
摧,一
慛,一
槯,一
徘,一
培,一
陪,一
𨛬,一
䣙,一
婄,一
毰,一
𤗏,一
桮,一
杯,一
盃,一
坯,一
㾦,一
𩵣,一
𤬃,一
抔,一
鮠,一
嵬,一
磑,一
峞,一
𨌴,一
𨋱,一
㷟,一
藬,一
㞜,一
𢅼,一
𨡌,一
脧,一
䘒,一
𡱥,一
咍,一
㾂,一
𨸜,一
開,一
㱾,一
奒,一
㚊,一
哀,一
埃,一
毐,一
臺,一
擡,一
苔,一
炱,一
嬯,一
薹,一
儓,一
檯,一
駘,一
𪒴,一
籉,一
跆,一
𩿡,一
該,一
豥,一
垓,一
郂,一
㱯,一
剴,一
陔,一
姟,一
晐,一
峐,一
祴,一
賅,一
㨟,一
胲,一
䶣,一
裁,一
財,一
才,一
材,一
䴭,一
溨,一
𦬁,一
來,一
萊,一
郲,一
騋,一
崍,一
𤦃,一
𧳟,一
猍,一
淶,一
鯠,一
鶆,一
䅘,一
䋱,一
庲,一
㾢,一
棶,一
逨,一
𪎂,一
麳,一
𤲓,一
𪑚,一
徠,一
烖,一
灾,一
災,一
𤆎,一
栽,一
哉,一
𡿧,一
𢦔,一
𦳦,一
渽,一
睵,一
猜,一
㯁,一
胎,一
孡,一
鮐,一
邰,一
𧉟,一
𩬠,一
孩,一
咳,一
頦,一
𧻲,一
䠽,一
䱺,一
鰓,一
揌,一
䚡,一
顋,一
愢,一
𪃄,一
毢,一
皚,一
嵦,一
敳,一
隑,一
獃,一
能,一
㾍,一
懛,一
㹗,一
眞,三
甄,三
振,三
禛,三
稹,三
畛,三
籈,三
侲,三
桭,三
蒖,三
唇,三
㖘,三
帪,三
薽,三
㲀,三
胂,三
縝,三
因,三
茵,三
鞇,三
禋,三
闉,三
駰,三
氤,三
絪,三
垔,三
陻,三
㘻,三
堙,三
洇,三
姻,三
婣,三
諲,三
裀,三
歅,三
㧢,三
新,三
辛,三
薪,三
辰,三
晨,三
䢅,三
敐,三
宸,三
鷐,三
麎,三
茞,三
屒,三
臣,三
䢻,三
䣅,三
仁,三
朲,三
人,三
神,三
親,三
寴,三
𡪔,三
𧥺,三
申,三
伸,三
紳,三
娠,三
呻,三
𣢘,三
𠲳,三
眒,三
㑗,三
𩉼,三
𣇗,三
身,三
柛,三
䰠,三
訷,三
賔,三
𧶉,三
濱,三
檳,三
䚔,三
顮,三
儐,三
鑌,三
矉,三
𩴱,三
㷠,三
燐,三
鄰,三
轔,三
嶙,三
粼,三
磷,三
疄,三
麟,三
麐,三
鱗,三
璘,三
駗,三
翷,三
𧲂,三
瞵,三
驎,三
壣,三
𩻜,三
繗,三
𥎊,三
㨷,三
堇,三
墐,三
珍,三
鎭,三
陳,三
敶,三
趁,三
塵,三
津,三
𦩨,三
璡,三
濜,三
𦘔,三
瞋,三
謓,三
䐜,三
𣞟,三
秦,三
螓,三
𤚩,三
夤,三
𦟘,三
螾,三
𡐔,三
紉,三
繽,三
䎙,三
𢣐,三
𩰝,三
頻,三
蘋,三
薲,三
嬪,三
㰋,三
獱,三
顰,三
𧭹,三
嚬,三
𦇖,三
𡤉,三
銀,三
㹞,三
狺,三
䖜,三
檭,三
鄞,三
圁,三
誾,三
訔,三
嚚,三
䓄,三
䴦,三
𪛊,三
巾,三
麏,三
麇,三
麕,三
頵,三
莙,三
汮,三
筠,三
囩,三
縜,三
荺,三
囷,三
箘,三
箟,三
輑,三
𧋕,三
峮,三
珉,三
岷,三
罠,三
閩,三
緡,三
䪸,三
笢,三
旻,三
旼,三
𤸅,三
闅,三
汶,三
㨉,三
忞,三
盿,三
䁕,三
鍲,三
𪃯,三
鈱,三
貧,三
𡧋,三
𪔗,三
贇,三
奫,三
彬,三
斌,三
份,三
玢,三
豳,三
邠,三
霦,三
㻞,三
攽,三
砏,三
民,三
泯,三
諄,三
𥇜,三
肫,三
訰,三
椿,三
楯,三
輴,三
䡅,三
鶞,三
杶,三
櫄,三
瑃,三
䣩,三
荀,三
詢,三
峋,三
珣,三
𣓓,三
洵,三
恂,三
檈,三
槆,三
㰬,三
純,三
蓴,三
蒓,三
醇,三
鶉,三
𦎧,三
陙,三
𢗋,三
淳,三
𡗥,三
焞,三
犉,三
𩀋,三
瞤,三
脣,三
漘,三
䔚,三
㸪,三
紃,三
淪,三
倫,三
䑳,三
輪,三
陯,三
鯩,三
棆,三
侖,三
踚,三
䈁,三
迍,三
逡,三
竣,三
皴,三
㕙,三
墫,三
竴,三
踆,三
𠣟,三
夋,三
遵,三
僎,三
鷷,三
春,三
勻,三
旬,三
𠣙,三
巡,三
馴,三
循,三
揗,三
䋸,三
𪀠,三
灥,三
㽦,三
𧾩,三
䖲,三
均,三
鈞,三
袀,三
𧼒,三
臻,三
蓁,三
搸,三
溱,三
潧,三
𣓀,三
榛,三
樼,三
瀙,三
莘,三
㜪,三
扟,三
駪,三
籸,三
䯂,三
甡,三
兟,三
詵,三
侁,三
𩺵,三
屾,三
𨐔,三
燊,三
𦐹,三
𢓠,三
㯜,三
阠,三
𦿒,三
帘,三
文,三
聞,三
𦖫,三
彣,三
紋,三
雯,三
馼,三
蟁,三
蚊,三
螡,三
䰚,三
鳼,三
鼤,三
雲,三
芸,三
蕓,三
𦔐,三
𦓷,三
耘,三
鄖,三
妘,三
紜,三
溳,三
澐,三
云,三
篔,三
䢵,三
員,三
𪔅,三
愪,三
𧶊,三
耺,三
橒,三
䉙,三
煴,三
氳,三
蒀,三
𥠺,三
䡝,三
蘊,三
㚃,三
汾,三
墳,三
氛,三
𣱦,三
鼖,三
䩿,三
𪔵,三
焚,三
燌,三
羒,三
豶,三
羵,三
枌,三
蕡,三
𦶁,三
橨,三
棼,三
魵,三
𧮱,三
妢,三
棻,三
梤,三
䫶,三
鐼,三
馩,三
馚,三
㞣,三
鼢,三
蚡,三
轒,三
分,三
饙,三
餴,三
𡊄,三
𣯻,三
羣,三
帬,三
裠,三
宭,三
薰,三
曛,三
勲,三
勛,三
熏,三
燻,三
獯,三
纁,三
醺,三
葷,三
焄,三
臐,三
君,三
軍,三
皸,三
桾,三
䇹,三
鮶,三
芬,三
紛,三
𢁥,三
𣬩,三
衯,三
𦐈,三
雰,三
𨷹,三
錀,三
欣,三
忻,三
昕,三
訢,三
炘,三
邤,三
慇,三
㶏,三
溵,三
勤,三
芹,三
懃,三
慬,三
懄,三
瘽,三
斤,三
筋,三
䈥,三
釿,三
䖐,三
㹜,三
齗,三
斦,三
元,三
原,三
𨙅,三
源,三
厵,三
杬,三
嫄,三
沅,三
騵,三
𧔞,三
芫,三
邧,三
榞,三
謜,三
㹉,三
䬧,三
獂,三
阮,三
蒝,三
袁,三
爰,三
垣,三
𩫧,三
園,三
援,三
榬,三
轅,三
鶢,三
媛,三
溒,三
𧻚,三
蝯,三
猨,三
猿,三
煩,三
𨆌,三
蹯,三
蘩,三
薠,三
樊,三
𢶃,三
繙,三
燔,三
膰,三
瀿,三
羳,三
䪤,三
鷭,三
蕃,三
蠜,三
礬,三
𪖇,三
𨟄,三
鐇,三
璠,三
笲,三
𥢌,三
㺕,三
襎,三
袢,三
棥,三
緐,三
𥿋,三
墦,三
𢐲,三
䮳,三
旛,三
𧢜,三
藩,三
飜,三
翻,三
幡,三
𤃳,三
𤄜,三
轓,三
反,三
暄,三
萱,三
諼,三
塤,三
壎,三
䳦,三
吅,三
喧,三
諠,三
愋,三
翧,三
䚭,三
蝖,三
冤,三
㠾,三
鵷,三
𣹠,三
惌,三
䥉,三
宛,三
𩝸,三
蒬,三
怨,三
𡟰,三
葾,三
䩩,三
裷,三
言,三
琂,三
甗,三
䇾,三
䓂,三
攑,三
䞿,三
軒,三
掀,三
鶱,三
蓒,三
𢳚,三
𣘖,三
鞬,三
𩎀,三
㓺,三
犍,三
腱,三
騝,三
䭈,三
𩱡,三
𩱤,三
蔫,三
焉,三
鱕,三
籓,三
𥴤,三
赶,三
䰟,一
㮯,一
䮝,一
餛,一
鼲,一
渾,一
𦸌,一
俒,一
㑮,一
堚,一
𢣒,一
𣝂,一
㨡,一
顐,一
琿,一
昆,一
晜,一
𥊽,一
菎,一
㡓,一
褌,一
崐,一
琨,一
鵾,一
鯤,一
䖵,一
蜫,一
惃,一
㱎,一
錕,一
瑻,一
𪋆,一
猑,一
騉,一
𥁕,一
溫,一
輼,一
𩥈,一
殟,一
𨜵,一
豱,一
㼔,一
𪉸,一
門,一
捫,一
虋,一
璊,一
𤅣,一
䫒,一
𣯩,一
䟂,一
䊟,一
𪈿,一
孫,一
蓀,一
飧,一
蕵,一
猻,一
搎,一
尊,一
罇,一
樽,一
繜,一
存,一
蹲,一
拵,一
𨚲,一
㢯,一
驐,一
墩,一
𤭞,一
暾,一
燉,一
涒,一
𪏆,一
噋,一
𧑒,一
黗,一
豚,一
㹠,一
豘,一
臀,一
𦞠,一
𩪡,一
軘,一
飩,一
𥴫,一
坉,一
邨,一
忳,一
啍,一
芚,一
庉,一
𪎶,一
𤫭,一
村,一
瘒,一
梱,一
盆,一
𪂽,一
奔,一
犇,一
崘,一
菕,一
坤,一
巛,一
髡,一
𩒱,一
臗,一
髖,一
昏,一
惛,一
婚,一
棔,一
閽,一
殙,一
𣣏,一
噴,一
歕,一
黁,一
痕,一
鞎,一
拫,一
㯊,一
根,一
跟,一
𣥦,一
恩,一
𤇯,一
煾,一
寒,一
𩏑,一
韓,一
𦺦,一
翰,一
鶾,一
邯,一
邗,一
虷,一
汗,一
𧃙,一
䮧,一
犴,一
𡽜,一
襌,一
鄲,一
丹,一
殫,一
簞,一
匰,一
㠆,一
癉,一
䐷,一
安,一
䀂,一
鞌,一
䢿,一
侒,一
難,一
𪇠,一
𩁘,一
𩁣,一
餐,一
湌,一
䉔,一
灘,一
嘆,一
擹,一
痑,一
攤,一
㨏,一
𦙽,一
跚,一
珊,一
姍,一
䈀,一
壇,一
檀,一
彈,一
但,一
胆,一
唌,一
殘,一
䏼,一
戔,一
𥂥,一
𣦻,一
干,一
漧,一
竿,一
肝,一
奸,一
鳱,一
玕,一
迀,一
㿻,一
𢧀,一
忓,一
𨝌,一
𡯋,一
蘭,一
瀾,一
闌,一
讕,一
攔,一
𨷻,一
籣,一
䪍,一
欄,一
躝,一
幱,一
㘓,一
看,一
栞,一
𣓁,一
刊,一
頇,一
鼾,一
桓,一
完,一
䴟,一
𩾞,一
丸,一
瓛,一
紈,一
𦼉,一
汍,一
絙,一
芄,一
豲,一
梡,一
荁,一
綄,一
𦏊,一
萈,一
狟,一
峘,一
㿪,一
垸,一
寏,一
捖,一
岏,一
刓,一
园,一
忨,一
䯈,一
抏,一
𠒢,一
端,一
褍,一
𧤗,一
耑,一
鍴,一
𥵣,一
𦾸,一
𥠄,一
偳,一
剜,一
豌,一
帵,一
貒,一
䵎,一
煓,一
酸,一
狻,一
䝜,一
痠,一
𩆑,一
團,一
慱,一
𧐕,一
漙,一
𪆃,一
𩅂,一
櫕,一
巑,一
𩎈,一
襸,一
酇,一
穳,一
𥣚,一
劗,一
官,一
悹,一
棺,一
觀,一
貫,一
冠,一
涫,一
毌,一
鑾,一
鸞,一
巒,一
欒,一
羉,一
𧄶,一
㱍,一
灤,一
圞,一
曫,一
歡,一
懽,一
驩,一
貛,一
𪈩,一
鴅,一
酄,一
獾,一
犿,一
𡚊,一
𠂄,一
寬,一
鑚,一
𩎑,一
䡽,一
𣀶,一
槃,一
盤,一
鎜,一
柈,一
瘢,一
磻,一
幋,一
磐,一
蹣,一
搫,一
鞶,一
𪄀,一
𥈼,一
媻,一
縏,一
𪒀,一
䈲,一
𤠍,一
瞞,一
顢,一
䊡,一
饅,一
慲,一
鏝,一
槾,一
墁,一
㒼,一
鞔,一
䜱,一
𤡁,一
𦔔,一
悗,一
潘,一
㽃,一
拌,一
㢖,一
𤺏,一
𤳖,一
刪,二
訕,二
潸,二
𣧱,二
狦,二
關,二
関,二
癏,二
擐,二
𠴨,二
𢇇,二
彎,二
灣,二
䘎,二
𩅦,二
𣠯,二
環,二
𠟼,二
鬟,二
闤,二
糫,二
鍰,二
鐶,二
轘,二
𡍦,二
䍺,二
𦏖,二
澴,二
𩙽,二
㡲,二
𦣴,二
班,二
螌,二
斑,二
辬,二
斒,二
扳,二
𠔯,二
蠻,二
𪈮,二
鬘,二
䅼,二
𪑪,二
顏,二
楌,二
姦,二
菅,二
葌,二
䔵,二
攀,二
眅,二
奻,二
頑,二
鬜,二
山,二
疝,二
邖,二
鰥,二
䤽,二
閒,二
艱,二
囏,二
蕑,二
閑,二
嫺,二
癇,二
𩦂,二
蛝,二
瞯,二
鷴,二
藖,二
憪,二
慳,二
𧢞,二
顅,二
鬝,二
羥,二
𩋆,二
虥,二
羴,二
𤡥,二
㗴,二
虤,二
㸶,二
黫,二
斕,二
𢿻,二
𢛓,二
嘫,二
㺗,二
㣶,二
先,四
蹮,四
𥑻,四
前,四
歬,四
騚,四
千,四
圱,四
阡,四
汘,四
仟,四
芊,四
谸,四
迁,四
杄,四
箋,四
牋,四
㮍,四
瀳,四
韉,四
𢃬,四
𣚙,四
𣝕,四
𨕨,四
天,四
𠀘,四
䒶,四
𦧝,四
堅,四
𢮂,四
㡉,四
幵,四
肩,四
豜,四
𧱚,四
猏,四
菺,四
𪊑,四
麉,四
鵳,四
鰹,四
䌑,四
賢,四
弦,四
絃,四
舷,四
胘,四
蚿,四
𢛆,四
𠛑,四
伭,四
𦱁,四
婱,四
𧼏,四
痃,四
煙,四
𡨾,四
𤎟,四
燕,四
咽,四
驠,四
胭,四
𥷀,四
憐,四
怜,四
嗹,四
縺,四
𪍴,四
𨏩,四
零,四
田,四
佃,四
畋,四
窴,四
闐,四
䟧,四
鈿,四
䡘,四
沺,四
鷏,四
𨌈,四
滇,四
搷,四
秊,四
年,四
𨛲,四
顚,四
㒹,四
齻,四
𩥄,四
槙,四
瘨,四
癲,四
𧽍,四
巔,四
𠑘,四
傎,四
蹎,四
厧,四
牽,四
縴,四
郉,四
汧,四
蚈,四
岍,四
姸,四
硏,四
𥓋,四
揅,四
㿼,四
趼,四
眠,四
瞑,四
䏃,四
𥌂,四
䰓,四
㝰,四
蹁,四
骿,四
軿,四
駢,四
㼐,四
胼,四
賆,四
琕,四
淵,四
𠝃,四
囦,四
㾓,四
剈,四
𨓯,四
䨊,四
涓,四
睊,四
蠲,四
𦮻,四
䅌,四
鵑,四
鞙,四
鋗,四
駽,四
㘣,四
梋,四
邊,四
籩,四
𤄺,四
甂,四
蝙,四
𥣰,四
𨇱,四
𠑟,四
牑,四
玄,四
縣,四
懸,四
眩,四
䮄,四
玹,四
玆,四
䙲,四
𠆺,四
盷,四
祆,四
訮,四
𤜼,四
仙,三
僊,三
㒨,三
㲔,三
䉳,三
苮,三
秈,三
鮮,三
硟,三
鱻,三
廯,三
錢,三
𧔢,三
遷,三
𨙙,三
𠨧,三
𨝍,三
櫏,三
䉦,三
韆,三
㿊,三
煎,三
葏,三
鬋,三
然,三
燃,三
𤡮,三
肰,三
繎,三
𥳚,三
䕼,三
𤓉,三
延,三
埏,三
筵,三
狿,三
郔,三
綖,三
䘰,三
鋋,三
䀽,三
𨕐,三
䢭,三
莚,三
𩜾,三
饘,三
旃,三
旜,三
栴,三
氈,三
鸇,三
𩔣,三
邅,三
𧾍,三
鱣,三
𩼼,三
羶,三
挻,三
扇,三
煽,三
鯅,三
脠,三
梴,三
鏈,三
㢟,三
蟬,三
禪,三
嬋,三
纏,三
緾,三
躔,三
瀍,三
鄽,三
𨷭,三
𧔊,三
廛,三
㙻,三
嘕,三
屳,三
嫣,三
𦒜,三
連,三
聮,三
漣,三
翴,三
鰱,三
㺦,三
䃛,三
㦁,三
槤,三
𪚁,三
㶌,三
篇,三
偏,三
翩,三
媥,三
㾫,三
便,三
楩,三
平,三
諞,三
㛹,三
箯,三
𧍲,三
緜,三
綿,三
棉,三
矊,三
蝒,三
𧉄,三
𢣔,三
宀,三
𩕰,三
櫋,三
𣏜,三
臱,三
㮌,三
𣡠,三
全,三
泉,三
𧍭,三
牷,三
䀬,三
葲,三
宣,三
揎,三
㩊,三
愃,三
𡈣,三
𩕖,三
瑄,三
𩓧,三
鐫,三
鋑,三
朘,三
剶,三
翾,三
儇,三
蠉,三
𧾎,三
嬛,三
譞,三
頨,三
䙇,三
瑌,三
撋,三
穿,三
川,三
沿,三
㳂,三
鉛,三
櫞,三
捐,三
鳶,三
蝝,三
緣,三
䱲,三
𦿂,三
𦛔,三
旋,三
璿,三
𤩅,三
𤫀,三
䗠,三
㳬,三
琁,三
璇,三
𣟳,三
蜁,三
㔯,三
圓,三
䁢,三
嫙,三
鏇,三
娟,三
悁,三
𡷡,三
𡣬,三
船,三
舩,三
鞭,三
鯾,三
揙,三
㳄,三
涎,三
詮,三
銓,三
硂,三
痊,三
佺,三
悛,三
駩,三
筌,三
絟,三
譔,三
縓,三
恮,三
荃,三
𠛮,三
峑,三
𠥙,三
鐉,三
拴,三
專,三
甎,三
顓,三
嫥,三
諯,三
膞,三
鱄,三
𩠹,三
遄,三
輲,三
輇,三
椯,三
歂,三
貟,三
蟤,三
栓,三
𨏉,三
猭,三
虔,三
鰬,三
𨜻,三
榩,三
鍵,三
揵,三
愆,三
䇂,三
諐,三
𠎝,三
褰,三
騫,三
䙭,三
𧽐,三
攐,三
㗔,三
權,三
拳,三
觠,三
顴,三
踡,三
婘,三
孉,三
䠰,三
𤷄,三
犈,三
蠸,三
齤,三
卷,三
𪈻,三
𥆗,三
𥁠,三
𢑆,三
鬈,三
䟒,三
䑏,三
蜷,三
捲,三
椽,三
傳,三
攣,三
弮,三
㒽,三
棬,三
𨟠,三
鄢,三
漹,三
䗡,三
燀,三
勬,三
蕭,四
簫,四
彇,四
𩙚,四
踃,四
㲖,四
艘,四
瞍,四
祧,四
佻,四
脁,四
𣂁,四
庣,四
趒,四
聎,四
蓧,四
貂,四
𠚥,四
刁,四
琱,四
凋,四
鯛,四
䂏,四
雕,四
鵰,四
蛁,四
彫,四
𧜣,四
𧘨,四
䒒,四
𦶌,四
𦨣,四
㚋,四
奝,四
瞗,四
迢,四
條,四
樤,四
髫,四
跳,四
鋚,四
𧌁,四
蜩,四
苕,四
芀,四
岧,四
䩦,四
𠤼,四
𣬸,四
𠧪,四
鰷,四
驍,四
梟,四
𥄉,四
澆,四
憿,四
蟂,四
徼,四
聊,四
膋,四
飉,四
遼,四
竂,四
寥,四
料,四
撩,四
寮,四
鐐,四
豂,四
𥲊,四
漻,四
蟟,四
瞭,四
𧂏,四
𩯊,四
嶚,四
𡽐,四
敹,四
嘹,四
堯,四
嶢,四
僥,四
垚,四
膮,四
嘵,四
憢,四
𦟞,四
䎄,四
幺,四
𥃩,四
鄡,四
郻,四
墽,四
𡩇,四
宵,三
消,三
霄,三
逍,三
痟,三
銷,三
焇,三
硝,三
哨,三
𤞚,三
䴛,三
魈,三
超,三
怊,三
欩,三
𢁾,三
𠰉,三
䫿,三
朝,三
𦩻,三
𪓙,三
晁,三
鼂,三
潮,三
嚻,三
枵,三
毊,三
獢,三
𤣠,三
呺,三
𩱴,三
虈,三
樵,三
藮,三
劁,三
憔,三
顦,三
譙,三
嶕,三
鐎,三
𨝱,三
僬,三
䩌,三
菬,三
驕,三
嬌,三
憍,三
穚,三
鷮,三
蕎,三
喬,三
簥,三
撟,三
焦,三
𤓪,三
㲬,三
蕉,三
膲,三
鷦,三
椒,三
茮,三
噍,三
蟭,三
醮,三
𪚱,三
燋,三
䌭,三
饒,三
襓,三
㹛,三
蟯,三
蕘,三
燒,三
𤬖,三
遙,三
媱,三
傜,三
繇,三
颻,三
𣣳,三
窯,三
窰,三
䔄,三
𦾺,三
珧,三
鰩,三
姚,三
搖,三
謠,三
軺,三
愮,三
𨙂,三
蘨,三
鷂,三
烑,三
𢋇,三
𢑄,三
㫍,三
榣,三
嗂,三
䠛,三
瑤,三
猺,三
餆,三
韶,三
㲈,三
佋,三
𦯐,三
𠧙,三
玿,三
𢃳,三
柖,三
㸛,三
昭,三
鉊,三
招,三
盄,三
皽,三
飊,三
標,三
猋,三
瘭,三
幖,三
熛,三
㠒,三
𧽤,三
蔈,三
驫,三
𦠎,三
𣄠,三
贆,三
鑣,三
𩽁,三
臕,三
儦,三
瀌,三
𦔩,三
瓢,三
飄,三
剽,三
薸,三
𣞈,三
螵,三
䖢,三
篻,三
㠺,三
𪃦,三
苗,三
猫,三
要,三
腰,三
喓,三
𧍔,三
䙅,三
䳩,三
鴞,三
橋,三
趫,三
僑,三
㝯,三
鐈,三
㠐,三
轎,三
蟜,三
蹻,三
𦒓,三
䀉,三
鍫,三
篍,三
𣟼,三
𣖄,三
妖,三
祅,三
枖,三
訞,三
繑,三
趬,三
蹺,三
弨,三
爂,三
漂,三
𩙒,三
嫖,三
旚,三
犥,三
鏢,三
僄,三
𪅃,三
慓,三
彯,三
摽,三
𨄏,三
翲,三
瞟,三
嘌,三
翹,三
荍,三
𧄍,三
嘺,三
䎗,三
𤖻,三
燎,三
橇,三
鞽,三
肴,二
餚,二
𦺔,二
殽,二
洨,二
筊,二
姣,二
猇,二
㮁,二
爻,二
淆,二
笅,二
胶,二
𨠦,二
䋂,二
㤊,二
䂚,二
交,二
蛟,二
茭,二
鵁,二
膠,二
鮫,二
咬,二
郊,二
轇,二
㶀,二
䢒,二
教,二
䉰,二
𥹜,二
鉸,二
佼,二
芁,二
詨,二
嘐,二
𩎔,二
巢,二
轈,二
𣝞,二
樔,二
𡏮,二
鄛,二
鐃,二
呶,二
譊,二
怓,二
䴃,二
𥗰,二
𡽧,二
梢,二
髾,二
輎,二
旓,二
弰,二
䈰,二
筲,二
䘯,二
颵,二
娋,二
𡡏,二
茅,二
鶜,二
媌,二
虓,二
髇,二
穘,二
窙,二
䬘,二
哮,二
庨,二
灱,二
涍,二
𩾾,二
㹲,二
包,二
胞,二
苞,二
勹,二
脬,二
拋,二
泡,二
𠐋,二
𢿏,二
敲,二
跤,二
㤍,二
䂭,二
礉,二
墝,二
頝,二
磝,二
𦗔,二
罺,二
抓,二
嘲,二
䞴,二
鳭,二
䜈,二
抄,二
鈔,二
𦾱,二
䰫,二
庖,二
咆,二
匏,二
炮,二
炰,二
鉋,二
瓟,二
颮,二
鞄,二
狍,二
跑,二
㯡,二
䫜,二
㕭,二
坳,二
軪,二
梎,二
𠣑,二
䫸,二
嘮,二
顟,二
賿,二
䄻,二
豪,一
號,一
毫,一
噑,一
獋,一
濠,一
壕,一
𩕍,一
𣘫,一
𠢕,一
𨼍,一
髙,一
膏,一
臯,一
皋,一
羔,一
餻,一
𡼗,一
櫜,一
鼛,一
鷱,一
篙,一
橰,一
𧢌,一
䔌,一
㤒,一
䆁,一
𣓌,一
䓘,一
𨝲,一
勞,一
澇,一
牢,一
窂,一
簩,一
䝁,一
𧰉,一
醪,一
撈,一
㟉,一
㗦,一
髝,一
憥,一
𨦭,一
𤩂,一
嫪,一
哰,一
𣘪,一
蒿,一
𧯌,一
薧,一
薅,一
茠,一
𣐾,一
毛,一
髦,一
芼,一
𣹪,一
旄,一
楙,一
枆,一
酕,一
饕,一
韜,一
縚,一
謟,一
滔,一
叨,一
弢,一
𩥓,一
𤘸,一
慆,一
絛,一
幍,一
𠌪,一
槄,一
蜪,一
夲,一
𠦎,一
搯,一
翢,一
瑫,一
𠬢,一
䈱,一
𠚜,一
詜,一
刀,一
魛,一
忉,一
舠,一
𩕯,一
朷,一
騷,一
搔,一
缫,一
繰,一
臊,一
鰠,一
溞,一
颾,一
鱢,一
㮴,一
䑹,一
𠋺,一
慅,一
袍,一
袌,一
軳,一
襃,一
褒,一
𠅬,一
䛬,一
䛌,一
桃,一
綯,一
燾,一
逃,一
鼗,一
鞀,一
鞉,一
濤,一
掏,一
騊,一
萄,一
翿,一
匋,一
啕,一
錭,一
裪,一
糟,一
醩,一
遭,一
㷮,一
槽,一
傮,一
𣩒,一
㡟,一
敖,一
遨,一
翺,一
驁,一
熬,一
嶅,一
獒,一
滶,一
蔜,一
鷔,一
鼇,一
螯,一
嗸,一
嗷,一
䫨,一
𢧴,一
摮,一
嫯,一
䦋,一
𣘢,一
𦪈,一
𩪕,一
鰲,一
曹,一
𣍘,一
螬,一
嘈,一
䄚,一
艚,一
𩫥,一
䐬,一
蓸,一
漕,一
褿,一
𤏶,一
䥝,一
鏖,一
𤣜,一
巎,一
嶩,一
峱,一
𤫕,一
尻,一
操,一
𢻥,一
㯱,一
䫽,一
㲏,一
歌,一
謌,一
柯,一
妿,一
㤎,一
菏,一
牁,一
滒,一
哥,一
鴚,一
蹉,一
瑳,一
搓,一
磋,一
傞,一
𪘓,一
多,一
𦰿,一
𦷛,一
娑,一
挱,一
挲,一
䓾,一
𠈱,一
桫,一
䤬,一
𥆝,一
駝,一
駞,一
鼉,一
𡩆,一
紽,一
鮀,一
陀,一
䍫,一
沱,一
跎,一
酡,一
㼠,一
䭾,一
迱,一
鼧,一
袉,一
𩉺,一
䡐,一
𧕛,一
佗,一
醝,一
㽨,一
䣜,一
鹺,一
嵳,一
蔖,一
䴾,一
䑘,一
䠡,一
躦,一
虘,一
䰈,一
莪,一
哦,一
娥,一
䄉,一
峩,一
鵝,一
俄,一
𩒰,一
睋,一
涐,一
誐,一
硪,一
他,一
拕,一
它,一
羅,一
蘿,一
籮,一
儸,一
饠,一
𤄷,一
欏,一
囉,一
鑼,一
剆,一
那,一
㔮,一
𤘟,一
挪,一
儺,一
𠹈,一
𡖔,一
𩴓,一
何,一
河,一
荷,一
苛,一
蚵,一
魺,一
訶,一
呵,一
𩑸,一
㱒,一
抲,一
珂,一
𠳊,一
䯊,一
軻,一
阿,一
娿,一
痾,一
妸,一
䋪,一
鈳,一
戈,一
過,一
渦,一
鍋,一
𨍋,一
楇,一
瘑,一
㽿,一
𩰫,一
𩰬,一
㗻,一
堝,一
𩾷,一
𧒖,一
遳,一
𨹃,一
桗,一
莎,一
莏,一
𢘿,一
趖,一
唆,一
𧨀,一
梭,一
𣜤,一
婆,一
鄱,一
皤,一
𩕏,一
蔢,一
碆,一
㸰,一
碢,一
堶,一
摩,一
𩞁,一
𡡉,一
魔,一
䯢,一
磨,一
劘,一
𦟟,一
𦣆,一
䭩,一
矬,一
痤,一
銼,一
㭫,一
睉,一
訛,一
譌,一
吪,一
鈋,一
魤,一
𠂬,一
𧦭,一
涶,一
䛢,一
䜏,一
𩼊,一
摞,一
騾,一
驘,一
鸁,一
𣜄,一
螺,一
蠃,一
𥢵,一
𥡜,一
𧄿,一
𨰠,一
覼,一
波,一
嶓,一
頗,一
坡,一
𨸭,一
玻,一
和,一
咊,一
𤖱,一
禾,一
龢,一
鉌,一
䒩,一
盉,一
科,一
窠,一
薖,一
萪,一
蝌,一
犐,一
課,一
䈖,一
𠏀,一
濄,一
涹,一
𡑟,一
踒,一
𥟿,一
鞾,三
靴,三
𢪎,三
㗾,三
𦚢,三
𠏃,三
𩨷,三
𩨭,三
伽,三
佉,三
呿,三
㰦,三
𠋧,三
𩛠,三
瘸,三
𦣛,三
麻,二
犘,二
蟆,二
𪓹,二
𩔶,二
痲,二
㦄,二
硨,三
奢,三
賒,三
畲,三
邪,三
耶,三
瑘,三
釾,三
鎁,三
椰,三
擨,三
斜,三
䓉,三
𦰳,三
䔑,三
𦭿,三
𥯘,三
遮,三
𠌮,三
㸙,三
嗟,三
𧨁,三
罝,三
𨲠,三
袓,三
㜘,三
怚,三
䦈,三
華,二
驊,二
鷨,二
𧑍,二
鏵,二
樺,二
崋,二
瓜,二
㧓,二
花,二
譁,二
𧪮,二
誇,二
䠸,二
夸,二
姱,二
𠇗,二
䯞,二
拏,二
詉,二
摣,二
𧘽,二
𧦮,二
嘉,二
家,二
加,二
葭,二
笳,二
麚,二
䴥,二
豭,二
猳,二
痂,二
鴐,二
袈,二
𣮫,二
跏,二
𨔣,二
𤠙,二
𧉪,二
珈,二
瘕,二
犌,二
幏,二
貑,二
遐,二
蝦,二
鍜,二
霞,二
瑕,二
騢,二
鰕,二
䠍,二
䫗,二
碬,二
䪗,二
𩋥,二
赮,二
蕸,二
葩,二
鈀,二
妑,二
蚆,二
吧,二
舥,二
𧣃,二
鴉,二
鵶,二
錏,二
㝞,二
丫,二
䃁,二
𠜲,二
巴,二
笆,二
豝,二
芭,二
㿬,二
杈,二
鎈,二
䑡,二
鯊,二
沙,二
砂,二
裟,二
㲚,二
桬,二
紗,二
牙,二
芽,二
齖,二
呀,二
枒,二
樝,二
柤,二
𦳏,二
㪥,二
皻,二
渣,二
𤹡,二
𥡧,二
浾,二
𡨀,二
䠧,二
茶,二
𡝐,二
𤶠,二
𦛝,二
𥥸,二
𨼑,二
䅊,二
衺,三
𥍸,三
窊,二
畖,二
窪,二
髽,二
檛,二
𥬸,二
膼,二
爬,二
杷,二
琶,二
楂,二
槎,二
㢒,二
侘,二
𤵾,二
㗬,二
奓,二
𧬅,二
觰,二
咤,二
𪗭,二
䐒,二
煆,二
谺,二
疨,二
岈,二
颬,二
䶗,二
㤉,二
𡤫,二
㚗,三
若,三
𣢉,二
𩨾,二
𣘟,二
陽,三
暘,三
楊,三
揚,三
颺,三
昜,三
羊,三
眻,三
佯,三
詳,三
徉,三
洋,三
烊,三
煬,三
鍚,三
𩋬,三
輰,三
敭,三
瘍,三
鴹,三
鰑,三
鸉,三
蛘,三
禓,三
諹,三
𥂸,三
𦭵,三
𦍹,三
翔,三
庠,三
祥,三
𨀘,三
𦍙,三
痒,三
良,三
梁,三
粱,三
粮,三
糧,三
涼,三
凉,三
𩗬,三
量,三
椋,三
䝶,三
綡,三
𣄴,三
㹁,三
䣼,三
輬,三
香,三
皀,三
薌,三
鄉,三
膷,三
商,三
𧶜,三
傷,三
𥏻,三
殤,三
慯,三
觴,三
蔏,三
𪄲,三
螪,三
䵮,三
饟,三
䵼,三
塲,三
𤳈,三
防,三
坊,三
魴,三
方,三
肪,三
鴋,三
章,三
漳,三
樟,三
慞,三
璋,三
彰,三
墇,三
障,三
麞,三
獐,三
鄣,三
蔁,三
𪅂,三
𩌬,三
暲,三
昌,三
裮,三
倡,三
猖,三
閶,三
琩,三
鯧,三
菖,三
羌,三
猐,三
𡸓,三
蜣,三
薑,三
𧅁,三
畺,三
疆,三
壃,三
畕,三
㹔,三
繮,三
韁,三
殭,三
礓,三
橿,三
姜,三
䗵,三
僵,三
長,三
萇,三
腸,三
場,三
䠆,三
㙊,三
䗅,三
瓺,三
張,三
餦,三
粻,三
漲,三
穰,三
禳,三
攘,三
𣀮,三
鑲,三
𨟚,三
躟,三
瀼,三
𩆶,三
獽,三
儴,三
蘘,三
䉴,三
勷,三
瓤,三
孃,三
汸,三
蚄,三
邡,三
枋,三
鈁,三
牥,三
䄱,三
匚,三
襄,三
廂,三
湘,三
相,三
緗,三
纕,三
忀,三
驤,三
瓖,三
欀,三
箱,三
葙,三
將,三
漿,三
鱂,三
蔣,三
螿,三
𢪇,三
創,三
瘡,三
𠛂,三
亡,三
莣,三
鋩,三
硭,三
望,三
朢,三
娘,三
牀,三
床,三
莊,三
㽵,三
妝,三
裝,三
䊋,三
常,三
尚,三
裳,三
甞,三
嘗,三
鋿,三
𩼝,三
償,三
𪄹,三
徜,三
霜,三
鸘,三
鷞,三
孀,三
驦,三
騻,三
牆,三
廧,三
墻,三
嬙,三
檣,三
薔,三
蘠,三
𤞛,三
鏘,三
瑲,三
蹌,三
蹡,三
𨄚,三
斨,三
牄,三
嶈,三
𨶆,三
搶,三
匡,三
邼,三
筐,三
䖱,三
框,三
恇,三
劻,三
𩬹,三
洭,三
軭,三
眶,三
䒰,三
𩢼,三
王,三
蚟,三
𩵭,三
彺,三
央,三
殃,三
䄃,三
鉠,三
秧,三
霙,三
強,三
彊,三
䲔,三
勥,三
鼚,三
芳,三
妨,三
淓,三
狂,三
軖,三
鵟,三
㞷,三
唐,一
啺,一
𥏬,一
煻,一
糖,一
糛,一
堂,一
坣,一
𪕹,一
棠,一
搪,一
蓎,一
瑭,一
餹,一
篖,一
螗,一
𤚫,一
𤛋,一
螳,一
塘,一
碭,一
鶶,一
𩹶,一
踼,一
闛,一
赯,一
磄,一
溏,一
䣘,一
傏,一
隚,一
䧜,一
𨶈,一
鎕,一
䉎,一
𨍴,一
橖,一
榶,一
㲥,一
㼺,一
郎,一
蓈,一
稂,一
桹,一
廊,一
榔,一
鋃,一
硠,一
𪁜,一
浪,一
䯖,一
𩷕,一
琅,一
瑯,一
㝗,一
狼,一
欴,一
𦵧,一
莨,一
㟍,一
䡙,一
艆,一
駺,一
躴,一
筤,一
𥍫,一
閬,一
當,一
簹,一
襠,一
璫,一
𨎴,一
檔,一
儅,一
𦡁,一
㼕,一
蟷,一
倉,一
蒼,一
鶬,一
𩀞,一
凔,一
𠥐,一
岡,一
崗,一
剛,一
㓻,一
掆,一
笐,一
鋼,一
綱,一
亢,一
犅,一
堈,一
𤭛,一
牨,一
苀,一
魧,一
迒,一
桑,一
桒,一
𠸶,一
喪,一
𦅇,一
𩦌,一
康,一
穅,一
糠,一
㱂,一
㝩,一
槺,一
𨻷,一
䗧,一
𥉽,一
邟,一
漮,一
𤮊,一
躿,一
荒,一
𥡃,一
肓,一
衁,一
𩣐,一
鄺,一
𥿼,一
㠵,一
䀮,一
𣆖,一
㡆,一
巟,一
𣺬,一
黃,一
皇,一
璜,一
惶,一
遑,一
潢,一
堭,一
煌,一
餭,一
騜,一
艎,一
簧,一
隍,一
癀,一
𨝴,一
湟,一
徨,一
篁,一
鱑,一
凰,一
偟,一
媓,一
獚,一
蟥,一
𨜔,一
䍿,一
䅣,一
𤯷,一
葟,一
趪,一
光,一
灮,一
洸,一
桄,一
胱,一
垙,一
𨎩,一
輄,一
𩧉,一
恍,一
茪,一
僙,一
簜,一
鏜,一
𧼮,一
盪,一
蝪,一
鼞,一
薚,一
滂,一
鎊,一
霶,一
雱,一
䨦,一
尣,一
尪,一
𪁘,一
佒,一
咉,一
𧲱,一
㹧,一
眏,一
姎,一
炕,一
㰠,一
䐠,一
忼,一
航,一
𨁈,一
頏,一
𦐄,一
杭,一
沆,一
蚢,一
肮,一
抗,一
吭,一
茫,一
吂,一
恾,一
忙,一
𥐞,一
蘉,一
𡩩,一
臧,一
匨,一
䍧,一
贓,一
囊,一
傍,一
膀,一
髈,一
䠙,一
旁,一
𨜷,一
螃,一
䅭,一
䭹,一
枊,一
昂,一
㭿,一
䩕,一
藏,一
䯑,一
幫,一
縍,一
㨍,一
𨢐,一
鞤,一
庚,二
鶊,二
更,二
䢚,二
秔,二
稉,二
粳,二
賡,二
羹,二
𩱧,二
埂,二
浭,二
坑,二
𥉸,二
劥,二
盲,二
蝱,二
鄳,二
𥋝,二
𨞚,二
䥰,二
𥭮,二
黌,二
鐄,二
瑝,二
喤,二
鍠,二
䬝,二
㶇,二
䄓,二
𧝒,二
𤮏,二
𪏓,二
𢘌,二
彋,二
閍,二
祊,二
𥛱,二
嗙,二
㔙,二
諻,二
䎕,二
嚝,二
觵,二
觥,二
𩃙,二
䍔,二
𣘯,二
彭,二
膨,二
蟚,二
䄘,二
𩡕,二
憉,二
輣,二
𨍩,二
脝,二
悙,二
瞠,二
橕,二
樘,二
鎗,二
琤,二
傖,二
䚘,二
𩫿,二
鬇,二
崢,二
韺,三
渶,三
鶧,三
英,三
瑛,三
㿮,三
媖,三
楧,三
恲,三
評,三
苹,三
枰,三
泙,三
坪,三
胓,三
蚲,三
驚,三
京,三
荆,三
麠,三
麖,三
鶁,三
明,三
𥁰,三
䳟,三
鳴,三
棖,二
盯,二
掁,二
挰,二
趟,二
𩘽,二
榮,三
禜,三
蠑,三
揘,三
兵,三
兄,三
卿,三
生,三
笙,三
牲,三
狌,三
甥,三
䴤,三
鼪,三
珄,三
擎,三
勍,三
黥,三
䵞,三
剠,三
鯨,三
檠,三
樈,三
葝,三
䫆,三
迎,三
衡,二
䯒,二
洐,二
珩,二
蘅,二
𦣍,二
㲰,二
𠽽,二
獰,二
𥣗,二
𧂘,二
耕,二
鏗,二
銵,二
䡰,二
誙,二
牼,二
𡷨,二
硻,二
㧶,二
䡩,二
硜,二
摼,二
㰢,二
甍,二
𣞑,二
䉚,二
萌,二
氓,二
甿,二
𧂛,二
𥌯,二
浜,二
捠,二
宏,二
紘,二
紭,二
閎,二
嵤,二
𧮯,二
耾,二
翃,二
浤,二
竑,二
宖,二
鈜,二
吰,二
𥐪,二
莖,二
䪫,二
朾,二
𠑅,二
𧯫,二
䆸,二
甖,二
罌,二
罃,二
鶯,二
嚶,二
櫻,二
鸚,二
譻,二
鸎,二
𠠜,二
𦱊,二
埩,二
鏳,二
崝,二
錚,二
凈,二
棦,二
噌,二
儜,二
薴,二
鬡,二
𧭈,二
鑏,二
䭢,二
嬣,二
怦,二
閛,二
𤘾,二
伻,二
弸,二
䍬,二
㛁,二
匉,二
抨,二
砰,二
轟,二
輷,二
揈,二
鍧,二
渹,二
𦑟,二
𥕗,二
𢝁,二
繃,二
絣,二
𢆸,二
拼,二
䑫,二
揨,二
𢾊,二
𢿦,二
䆵,二
䁎,二
䆑,二
泓,二
𨳮,二
㥊,二
庄,二
爭,二
箏,二
䋫,二
䱢,二
清,三
圊,三
情,三
晴,三
請,三
夝,三
䝼,三
精,三
菁,三
晶,三
鼱,三
婧,三
睛,三
𣻒,三
旌,三
旍,三
箐,三
𩓨,三
聙,三
盈,三
嬴,三
㜲,三
瀛,三
籝,三
楹,三
贏,三
𤟣,三
䕦,三
𨜏,三
𦝚,三
攍,三
營,三
塋,三
濴,三
嬰,三
瓔,三
纓,三
攖,三
𨟙,三
賏,三
蘡,三
貞,三
楨,三
禎,三
𨜓,三
𨺟,三
檉,三
赬,三
䞓,三
蟶,三
成,三
𢦩,三
城,三
誠,三
宬,三
郕,三
筬,三
盛,三
珹,三
呈,三
程,三
酲,三
珵,三
䇸,三
裎,三
聲,三
征,三
𨢹,三
𦙫,三
鉦,三
怔,三
正,三
鴊,三
䋊,三
眐,三
𧘿,三
佂,三
輕,三
名,三
洺,三
并,三
栟,三
傾,三
頃,三
𩛿,三
縈,三
䪯,三
𢄋,三
瓊,三
璚,三
煢,三
焭,三
睘,三
惸,三
𢶇,三
藑,三
𡞦,三
赹,三
憌,三
𦽓,三
𦾵,三
𨍶,三
㒌,三
騂,三
𤙡,三
垶,三
觪,三
𦳲,三
靑,四
靘,四
經,四
巠,四
㓝,四
刑,四
形,四
邢,四
𤬐,四
䣆,四
桯,四
鉶,四
型,四
陘,四
侀,四
鈃,四
㼛,四
𤭓,四
鋞,四
庭,四
停,四
鼮,四
莛,四
葶,四
筳,四
亭,四
聤,四
霆,四
渟,四
𩹇,四
綎,四
娗,四
㼗,四
𧖧,四
挺,四
楟,四
蜓,四
廷,四
㹶,四
𧓴,四
釘,四
䦺,四
靪,四
仃,四
叮,四
馨,四
𠷓,四
蛵,四
星,四
曐,四
腥,四
胜,四
鮏,四
鯹,四
𥠀,四
醒,四
篂,四
竮,四
𢖊,四
艵,四
頩,四
覮,四
靈,四
霛,四
𩄀,四
𩆜,四
舲,四
齡,四
麢,四
𦏰,四
囹,四
鴒,四
䉁,四
蛉,四
鈴,四
霝,四
醽,四
苓,四
櫺,四
𩆚,四
伶,四
泠,四
瓴,四
𧕅,四
拎,四
刢,四
𧆺,四
𤣘,四
𤫲,四
玲,四
𦉢,四
𩖊,四
㾉,四
聆,四
竛,四
𠄖,四
蘦,四
軨,四
䡼,四
笭,四
孁,四
𪕌,四
灵,四
𩟃,四
𩵀,四
龗,四
翎,四
閝,四
鹷,四
䴇,四
昤,四
駖,四
𧖜,四
𩆮,四
蕶,四
酃,四
彾,四
䯍,四
呤,四
狑,四
𤣤,四
爧,四
𠱠,四
𦫊,四
𢺰,四
澪,四
𥤞,四
秢,四
岭,四
𣬹,四
𩚹,四
紷,四
䉹,四
砱,四
羚,四
姈,四
㸳,四
寧,四
寍,四
鸋,四
䆨,四
𧕝,四
嚀,四
聹,四
汀,四
訂,四
聽,四
廳,四
町,四
艼,四
𦉬,四
䩠,四
鞓,四
䋼,四
𦀚,四
庁,四
冥,四
榠,四
銘,四
鄍,四
溟,四
䫤,四
螟,四
𧱴,四
猽,四
蓂,四
𥹆,四
覭,四
暝,四
瓶,四
缾,四
蛢,四
䶄,四
荓,四
䈂,四
萍,四
蓱,四
郱,四
畊,四
洴,四
熒,四
螢,四
滎,四
扃,四
駉,四
駫,四
坰,四
冋,四
𪕍,四
絅,四
𣕄,四
蒸,三
䒱,三
烝,三
𦚦,三
䕄,三
篜,三
脀,三
承,三
丞,三
𨋬,三
澂,三
懲,三
陵,三
淩,三
夌,三
綾,三
凌,三
𠗲,三
蔆,三
菱,三
䔖,三
㥄,三
鯪,三
崚,三
𡕮,三
𩜁,三
掕,三
𣣋,三
膺,三
應,三
𧕄,三
鷹,三
凭,三
憑,三
淜,三
㵗,三
冫,三
冰,三
掤,三
蠅,三
繩,三
譝,三
憴,三
乗,三
椉,三
𠅞,三
澠,三
溗,三
塍,三
塖,三
騬,三
升,三
昇,三
陞,三
勝,三
抍,三
仍,三
艿,三
䚮,三
辸,三
礽,三
扔,三
㭁,三
兢,三
矜,三
徵,三
𨟃,三
癥,三
繒,三
鄫,三
驓,三
嶒,三
凝,三
興,三
𨞾,三
稱,三
爯,三
偁,三
殑,三
䔷,三
㱡,三
庱,三
睖,三
砯,三
登,一
璒,一
燈,一
簦,一
㲪,一
䔲,一
㽅,一
䳾,一
楞,一
棱,一
稜,一
輘,一
倰,一
僧,一
鬙,一
䒏,一
崩,一
增,一
憎,一
曾,一
矰,一
罾,一
熷,一
䎖,一
譄,一
𦼏,一
䒐,一
層,一
䁬,一
朋,一
堋,一
鵬,一
倗,一
鬅,一
弘,一
鞃,一
苰,一
肱,一
𩉦,一
薨,一
𠐿,一
𩖉,一
𩙛,一
𤃫,一
騰,一
滕,一
縢,一
幐,一
藤,一
謄,一
𧈜,一
儯,一
𤻴,一
𥉋,一
恒,一
𢛢,一
搄,一
縆,一
鼟,一
膯,一
𤃶,一
𧰥,一
漰,一
尤,三
𣏞,三
疣,三
肬,三
𪐤,三
沋,三
郵,三
訧,三
憂,三
優,三
瀀,三
𢕶,三
麀,三
𪋎,三
櫌,三
鄾,三
𢆶,三
嚘,三
耰,三
獶,三
𧀥,三
纋,三
㱊,三
劉,三
留,三
蒥,三
勠,三
鶹,三
騮,三
駵,三
疁,三
𥹷,三
流,三
㳅,三
飂,三
飀,三
瘤,三
榴,三
瑬,三
旒,三
瑠,三
𪕚,三
𤠑,三
䉧,三
𥰣,三
瀏,三
䬟,三
䱖,三
鰡,三
嵧,三
𣠚,三
鎦,三
𦃓,三
𢷶,三
懰,三
餾,三
䖻,三
裗,三
𪆱,三
𪎣,三
硫,三
遛,三
䚧,三
鏐,三
秋,三
秌,三
鞧,三
緧,三
𦃈,三
鞦,三
鶖,三
鰍,三
楸,三
萩,三
𪓰,三
䵸,三
蟗,三
䨂,三
趥,三
猷,三
猶,三
悠,三
油,三
由,三
攸,三
蕕,三
浟,三
𠧷,三
冘,三
邎,三
輶,三
秞,三
蚰,三
蝣,三
櫾,三
楢,三
𦳷,三
斿,三
游,三
遊,三
𨒰,三
卣,三
䚻,三
鮋,三
䱔,三
偤,三
䍃,三
𤪎,三
㾞,三
㘥,三
庮,三
𣔴,三
𧡹,三
𦵵,三
牛,三
遒,三
鮂,三
䎿,三
蝤,三
啾,三
逎,三
𩭓,三
揂,三
揫,三
酋,三
㥢,三
崷,三
鰌,三
煪,三
𧤕,三
脩,三
修,三
羞,三
𩛢,三
𩝧,三
䡭,三
樇,三
抽,三
𢭆,三
㨨,三
婤,三
𥈌,三
惆,三
瘳,三
妯,三
恘,三
㲃,三
犫,三
犨,三
周,三
州,三
𥺝,三
輖,三
洲,三
賙,三
喌,三
舟,三
郮,三
讎,三
𣫐,三
𣀓,三
酬,三
醻,三
詶,三
雔,三
魗,三
𨞪,三
柔,三
鍒,三
㽥,三
騥,三
蝚,三
蹂,三
葇,三
鞣,三
鰇,三
瑈,三
腬,三
鶔,三
揉,三
䰆,三
𨛶,三
䐓,三
收,三
丘,三
丠,三
蚯,三
邱,三
䬌,三
𡫺,三
紑,三
鳩,三
𠠳,三
朻,三
䡂,三
𨷺,三
丩,三
勼,三
不,三
哹,三
鴀,三
𢯱,三
捜,三
𩜯,三
䬒,三
𣸈,三
䤹,三
廋,三
蒐,三
獀,三
𨜛,三
䗏,三
䮟,三
䤇,三
𧼭,三
𢬆,三
篘,三
醔,三
㮲,三
𥻤,三
鄒,三
郰,三
騶,三
䑼,三
𨃘,三
箃,三
黀,三
愁,三
㵞,三
休,三
貅,三
㹯,三
鵂,三
𩢮,三
㾋,三
庥,三
脙,三
𦜵,三
髤,三
䰍,三
咻,三
㵻,三
囚,三
泅,三
汓,三
苬,三
躊,三
𢃖,三
𠷎,三
疇,三
紬,三
稠,三
燽,三
薵,三
鯈,三
籌,三
𪆇,三
𪇘,三
棸,三
椆,三
怞,三
𦡴,三
菗,三
𢤉,三
輈,三
盩,三
譸,三
侜,三
𩢸,三
𧻖,三
𥎻,三
矪,三
𧚍,三
裘,三
仇,三
叴,三
厹,三
求,三
𡨃,三
蛷,三
𧒔,三
逑,三
球,三
璆,三
莍,三
䣇,三
賕,三
殏,三
梂,三
朹,三
㭝,三
俅,三
䊵,三
絿,三
䜪,三
扏,三
銶,三
𩒮,三
𥭑,三
毬,三
䟵,三
犰,三
𧻱,三
訅,三
釚,三
肍,三
𢛃,三
𦬖,三
浮,三
𥰛,三
琈,三
粰,三
䳕,三
罘,三
涪,三
芣,三
蜉,三
烰,三
鉜,三
𡦄,三
𢀼,三
艀,三
䨗,三
謀,三
䱕,三
眸,三
牟,三
侔,三
矛,三
𢦵,三
鍪,三
麰,三
𦭷,三
劺,三
蟊,三
鷚,三
𩭾,三
䋷,三
恈,三
鴾,三
蛑,三
繆,三
侯,一
矦,一
𥎦,一
帿,一
鄇,一
䫛,一
鍭,一
銗,一
猴,一
糇,一
翭,一
餱,一
喉,一
篌,一
鯸,一
㮢,一
𧮶,一
瘊,一
䗔,一
葔,一
骺,一
睺,一
䙈,一
謳,一
嘔,一
歐,一
甌,一
漚,一
鷗,一
䁱,一
瞘,一
櫙,一
剾,一
鏂,一
膒,一
羺,一
樓,一
𧁾,一
𠞭,一
𦎹,一
艛,一
耬,一
髏,一
𤬏,一
廔,一
剅,一
嘍,一
螻,一
鞻,一
遱,一
䩳,一
𩌱,一
𩮶,一
摗,一
𠘂,一
𡠼,一
彄,一
𢂁,一
滱,一
夠,一
齁,一
𪅺,一
𣠏,一
偷,一
鍮,一
鋀,一
頭,一
㓱,一
投,一
𪎨,一
骰,一
𣪌,一
㢏,一
𪁞,一
鉤,一
𠛎,一
溝,一
褠,一
緱,一
篝,一
𥴴,一
𪓟,一
㗕,一
𤫱,一
䑦,一
冓,一
兠,一
侸,一
吺,一
篼,一
𥆖,一
𧢗,一
𧯠,一
郖,一
𩮷,一
㔌,一
裒,一
䏽,一
𩚭,一
箁,一
呣,一
幽,三
泑,三
呦,三
𣢜,三
𧍘,三
虯,三
觩,三
觓,三
蟉,三
𤙠,三
彪,三
樛,三
𠃚,三
𦭺,三
淲,三
飍,三
烋,三
侵,三
𢔀,三
駸,三
浸,三
䜷,三
𥍯,三
綅,三
尋,三
𢒫,三
潯,三
鱏,三
樳,三
鄩,三
𨼔,三
𦠅,三
𩖣,三
枔,三
灊,三
鬵,三
𦅀,三
林,三
琳,三
淋,三
臨,三
痳,三
箖,三
瀶,三
霖,三
琛,三
棽,三
䑣,三
𥉨,三
綝,三
郴,三
賝,三
斟,三
針,三
鍼,三
𪈁,三
箴,三
葴,三
鱵,三
㘰,三
沈,三
沉,三
𤘣,三
莐,三
霃,三
枕,三
鈂,三
碪,三
砧,三
椹,三
枮,三
諶,三
愖,三
訦,三
忱,三
煁,三
瘎,三
㽸,三
任,三
鵀,三
恁,三
壬,三
紝,三
銋,三
䛘,三
深,三
𦸂,三
淫,三
霪,三
婬,三
𥮍,三
鷣,三
𢓕,三
𨟏,三
㸒,三
心,三
𦁍,三
𨊳,三
杺,三
愔,三
韾,三
祲,三
梫,三
兓,三
埐,三
𩀿,三
𪖼,三
𩻛,三
𩷒,三
嶜,三
梣,三
𣜣,三
䤁,三
䋻,三
琴,三
㩒,三
捦,三
擒,三
黔,三
禽,三
芩,三
𨙽,三
檎,三
㕋,三
鵭,三
澿,三
凜,三
庈,三
雂,三
㱽,三
黚,三
䅾,三
耹,三
靲,三
欽,三
菳,三
衾,三
嶔,三
吟,三
訡,三
䪩,三
唫,三
崟,三
荶,三
乑,三
歆,三
廞,三
金,三
今,三
黅,三
衿,三
襟,三
䘳,三
禁,三
㦗,三
𪑙,三
音,三
陰,三
瘖,三
霠,三
䜾,三
䤃,三
森,三
曑,三
薓,三
襳,三
𥥿,三
穼,三
岑,三
涔,三
㞥,三
𣠟,三
𩅨,三
笒,三
旡,三
㻸,三
嵾,三
𥤇,三
覃,一
𨝸,一
曇,一
藫,一
譚,一
𧽼,一
壜,一
眈,一
𦗡,一
𩡝,一
𧂗,一
蕁,一
䊤,一
㽑,一
驂,一
䟃,一
傪,一
㜗,一
南,一
男,一
楠,一
抩,一
𤱣,一
諳,一
䳺,一
庵,一
腤,一
㞄,一
馣,一
盦,一
含,一
涵,一
䈄,一
筨,一
梒,一
䤴,一
顄,一
𩔞,一
蜬,一
頷,一
𣹢,一
鋡,一
𤭙,一
𠥴,一
䶃,一
圅,一
肣,一
䨡,一
𩄙,一
𢎘,一
𠗴,一
婪,一
惏,一
燷,一
嵐,一
葻,一
啉,一
蠶,一
䣟,一
𨅔,一
篸,一
𥸢,一
䍼,一
鐕,一
探,一
貪,一
耽,一
酖,一
妉,一
甔,一
媅,一
𡖓,一
龕,一
𢦟,一
𩑟,一
堪,一
𤯌,一
𤬪,一
㟏,一
𩈣,一
馠,一
𣢺,一
谽,一
唅,一
𡬖,一
𡪶,一
毿,一
淦,一
䜙,一
𡪁,一
談,一
郯,一
惔,一
錟,一
痰,一
澹,一
倓,一
餤,一
𥰨,一
甘,一
柑,一
䇞,一
苷,一
泔,一
𤯎,一
媣,一
擔,一
儋,一
聸,一
頕,一
三,一
弎,一
𢁘,一
鬖,一
藍,一
襤,一
䰐,一
㩜,一
籃,一
𩈵,一
𪇖,一
懢,一
䆾,一
儖,一
蘫,一
坩,一
聃,一
𨈭,一
㘱,一
䔜,一
䆱,一
㴂,一
𦸁,一
慙,一
慚,一
酣,一
甝,一
䗣,一
魽,一
炶,一
姏,一
蚶,一
𧵊,一
歛,一
憨,一
鹽,三
塩,三
𣡶,三
閻,三
壛,三
阽,三
檐,三
簷,三
櫩,三
𣡞,三
㶄,三
𪂈,三
䦲,三
㿕,三
𤅸,三
廉,三
鐮,三
鎌,三
𩄡,三
㡘,三
簾,三
薟,三
蘞,三
匳,三
籨,三
𥖝,三
獫,三
蠊,三
䆂,三
𨎷,三
𣀃,三
覝,三
砭,三
𥑁,三
暹,三
𦃌,三
韱,三
纖,三
憸,三
孅,三
䯹,三
𢘁,三
籤,三
僉,三
𠠃,三
㡨,三
譣,三
詹,三
瞻,三
占,三
蟾,三
噡,三
厃,三
棎,三
苫,三
𡝫,三
䪜,三
㚲,三
幨,三
襜,三
㾆,三
𢛈,三
𢃔,三
𩓾,三
髯,三
蚺,三
呥,三
𧦦,三
蛅,三
冉,三
袡,三
黏,三
粘,三
炎,三
霑,三
𪏉,三
覘,三
淹,三
崦,三
醃,三
䣍,三
閹,三
𨦄,三
尖,三
殲,三
瀸,三
𡄑,三
漸,三
虃,三
熸,三
䇝,三
鑯,三
鋟,三
潛,三
𤎢,三
螹,三
箝,三
鉗,三
𢁮,三
拑,三
鳹,三
鈐,三
懕,三
猒,三
饜,三
嬮,三
㤿,三
䅧,三
𨣻,三
燅,三
𤍙,三
燖,三
爓,三
𦢨,三
䕭,三
𢸧,三
㰊,三
𢅮,三
𪏂,三
誗,三
添,四
黇,四
舚,四
𩬑,四
敁,四
佔,四
𧚊,四
𦕒,四
甜,四
恬,四
湉,四
菾,四
𦳇,四
熑,四
濓,四
燫,四
謙,四
兼,四
縑,四
鶼,四
𥻧,四
蒹,四
𦋰,四
嫌,四
鮎,四
拈,四
馦,四
㾾,四
䵌,四
㽐,四
咸,二
鹹,二
醎,二
𩤥,二
諴,二
椷,二
㮀,二
輱,二
緘,二
玪,二
尲,二
黬,二
𪒹,二
攕,二
摻,二
檆,二
杉,二
櫼,二
𩁺,二
䀐,二
𨏪,二
𩌰,二
㺑,二
𤟟,二
黯,二
嵒,二
䫡,二
𧇱,二
麙,二
㺂,二
𧬌,二
㰹,二
𧍧,二
𧮰,二
䩂,二
䩇,二
鵮,二
𪉜,二
諵,二
喃,二
讒,二
獑,二
饞,二
毚,二
㺥,二
𪗂,二
欃,二
攙,二
𪖎,二
𢽝,二
儳,二
酁,二
𢽣,二
𠔺,二
銜,二
甉,二
巉,二
嶃,二
艬,二
鑱,二
巖,二
𡆑,二
衫,二
縿,二
芟,二
穇,二
監,二
礛,二
𥌈,二
鑑,二
𨂝,二
嚴,三
䉷,三
𩏩,三
杴,三
㿌,三
𥟕,三
腌,三
凡,三
帆,三
𠆩,三
𦨲,三
氾,三
颿,三
柉,三
䒦,三
𣢲,三
董,一
箽,一
懂,一
䵔,一
𧄓,一
𤾬,一
曚,一
懵,一
孔,一
㪌,一
𥳺,一
桶,一
捅,一
緫,一
揔,一
𢝰,一
㢔,一
蓯,一
𩱛,一
𨍈,一
偬,一
澒,一
𧋔,一
𠳃,一
汞,一
滃,一
暡,一
勜,一
䐥,一
塕,一
𤌏,一
琫,一
菶,一
竉,一
攏,一
𢤱,一
嗊,一
𢦅,一
動,一
𨔝,一
姛,一
詷,一
埲,一
腫,三
種,三
踵,三
歱,三
㣫,三
喠,三
寵,三
𧼙,三
埫,三
隴,三
壠,三
㙙,三
擁,三
𢶜,三
宂,三
𡦼,三
䢇,三
𣭲,三
氄,三
軵,三
𤘺,三
𪕎,三
𢫨,三
𨍷,三
𢝆,三
冢,三
塚,三
奉,三
捧,三
勇,三
恿,三
涌,三
甬,三
踊,三
慂,三
𧻹,三
塎,三
悀,三
埇,三
蛹,三
𧗴,三
恐,三
𢖶,三
𦶐,三
尰,三
瘇,三
𢡹,三
拱,三
拲,三
鞏,三
孓,三
𢪒,三
㤨,三
𢸁,三
㼦,三
㧬,三
䡗,三
䱋,三
巩,三
栱,三
悚,三
竦,三
慫,三
聳,三
𦄼,三
㩳,三
愯,三
傱,三
䙕,三
詾,三
覂,三
𢇫,三
䏵,一
𨿿,三
𢃭,三
𢃓,三
講,二
傋,二
耩,二
㭋,二
棒,二
玤,二
𢗒,二
蚌,二
蜯,二
䎧,二
慃,二
項,二
缿,二
𢞡,二
紙,三
帋,三
軹,三
枳,三
咫,三
扺,三
𣲵,三
坁,三
抧,三
恀,三
䅩,三
䳅,三
是,三
諟,三
徥,三
𤜣,三
䟗,三
靡,三
𨇻,三
𪎓,三
骳,三
彼,三
㗗,三
柀,三
佊,三
𠐌,三
被,三
毀,三
燬,三
檓,三
毇,三
𥶵,三
𠷏,三
譭,三
㩓,三
烜,三
𡢕,三
骫,三
䍴,三
跪,三
𣄲,三
詭,三
垝,三
陒,三
䣀,三
攱,三
䤥,三
觤,三
恑,三
蛫,三
祪,三
庪,三
䃽,三
庋,三
𪀗,三
姽,三
佹,三
髓,三
嶲,三
䭉,三
𣿂,三
絫,三
累,三
樏,三
䉂,三
厽,三
垒,三
技,三
徛,三
倚,三
輢,三
剞,三
㞆,三
綺,三
婍,三
螘,三
蟻,三
礒,三
齮,三
艤,三
檥,三
㠖,三
䰙,三
蔿,三
儰,三
𤾸,三
𤺉,三
薳,三
寪,三
蘂,三
蕊,三
繠,三
此,三
跐,三
佌,三
𩢑,三
𠈈,三
𧺼,三
䊓,三
阤,三
䚦,三
徙,三
壐,三
璽,三
𢇌,三
肔,三
崺,三
扡,三
邐,三
峛,三
𩎉,三
纚,三
縰,三
屣,三
𢔌,三
俾,三
𠬈,三
𢳋,三
爾,三
尒,三
邇,三
𨒛,三
渳,三
弭,三
濔,三
芈,三
敉,三
侎,三
葞,三
蝆,三
㥝,三
婢,三
庳,三
侈,三
𡚼,三
㢋,三
㢁,三
垑,三
懘,三
㶴,三
袳,三
𧰲,三
弛,三
豕,三
紫,三
訿,三
𣸆,三
呰,三
捶,三
𦓝,三
沝,三
𤢍,三
舓,三
𦧇,三
舐,三
諀,三
庀,三
疕,三
䚹,三
吡,三
䓈,三
芛,三
撱,三
𤼒,三
跬,三
䞨,三
頍,三
䠑,三
狔,三
旎,三
抳,三
硊,三
㨖,三
𧛢,三
𪖪,三
企,三
菙,三
㥨,三
旨,三
指,三
恉,三
䛗,三
厎,三
茋,三
視,三
眎,三
美,三
媺,三
𤛎,三
渼,三
媄,三
鄙,三
娝,三
痞,三
兕,三
𧰽,三
𠒅,三
𠒃,三
䒨,三
𪊨,三
麂,三
㞦,三
䢳,三
𤜝,三
㞛,三
䂹,三
𡛷,三
秭,三
妣,三
秕,三
䃾,三
朼,三
軌,三
簋,三
晷,三
厬,三
𣷾,三
宄,三
匭,三
㔲,三
氿,三
𧗝,三
洧,三
鮪,三
痏,三
矢,三
𠂕,三
𦳊,三
雉,三
滍,三
死,三
牝,三
履,三
水,三
壘,三
蜼,三
櫐,三
蘽,三
𡻭,三
藟,三
誄,三
讄,三
𤢹,三
揆,三
趡,三
踓,三
𨿐,三
癸,三
否,三
圮,三
𢁦,三
䤏,三
𢻹,三
嚭,三
𡺮,三
㨊,三
㰻,三
濢,三
噿,三
臎,三
黹,三
𢾫,三
夂,三
𡳭,三
𧿲,三
䁤,三
跽,三
止,三
畤,三
沚,三
洔,三
趾,三
址,三
阯,三
芷,三
市,三
恃,三
𧩼,三
喜,三
憙,三
蟢,三
紀,三
己,三
妀,三
𠮯,三
以,三
㠯,三
巳,三
苡,三
苢,三
攺,三
似,三
佀,三
祀,三
𥘰,三
禩,三
姒,三
耜,三
𦓨,三
汜,三
泤,三
鈶,三
𪊍,三
史,三
使,三
駛,三
𩰢,三
耳,三
洱,三
駬,三
䋙,三
𪕔,三
里,三
裏,三
鯉,三
李,三
理,三
娌,三
俚,三
𨛋,三
枲,三
萆,三
𤟧,三
葸,三
𠪙,三
始,三
歭,三
跱,三
峙,三
痔,三
㣥,三
秲,三
庤,三
起,三
邔,三
杞,三
屺,三
玘,三
芑,三
士,三
仕,三
𣐈,三
𢨪,三
戺,三
竢,三
涘,三
𥾩,三
𥏳,三
𢓪,三
子,三
㜽,三
虸,三
耔,三
秄,三
梓,三
杍,三
矣,三
𦮸,三
擬,三
薿,三
孴,三
𥣖,三
齒,三
恥,三
祉,三
𠟴,三
欼,三
㱀,三
滓,三
笫,三
胏,三
䔂,三
𠂔,三
醷,三
伱,三
聻,三
尾,三
斖,三
浘,三
娓,三
䞔,三
䅏,三
䬿,三
扆,三
偯,三
庡,三
豈,三
穖,三
斐,三
悱,三
𩦎,三
奜,三
䨽,三
匪,三
篚,三
棐,三
榧,三
䕁,三
蜚,三
韙,三
煒,三
暐,三
偉,三
瑋,三
葦,三
椲,三
韡,三
𩘚,三
愇,三
𢯷,三
鬼,三
𤈦,三
𩃾,三
虫,三
卉,三
顗,三
𪖥,三
霼,三
唏,三
膹,三
䆏,三
陫,三
䒈,三
語,三
篽,三
籞,三
圉,三
敔,三
圄,三
䥏,三
禦,三
蘌,三
吕,三
膂,三
旅,三
𥰠,三
祣,三
穭,三
梠,三
儢,三
侣,三
㭚,三
郘,三
絽,三
𢈚,三
佇,三
竚,三
芧,三
苧,三
紵,三
杼,三
羜,三
眝,三
与,三
𢌱,三
䰞,三
煑,三
陼,三
渚,三
汝,三
肗,三
𪏮,三
暑,三
鼠,三
黍,三
𧑓,三
癙,三
杵,三
處,三
貯,三
𡪄,三
𢁼,三
褚,三
𤲑,三
䍆,三
詝,三
䘢,三
醑,三
糈,三
𥚩,三
柠,三
女,三
籹,三
許,三
鄦,三
巨,三
拒,三
秬,三
距,三
𧣒,三
炬,三
粔,三
𧇽,三
虡,三
鉅,三
苣,三
駏,三
𦊐,三
詎,三
歫,三
䶙,三
所,三
𠩄,三
齭,三
盨,三
䝪,三
楚,三
礎,三
齼,三
𪓐,三
䙘,三
憷,三
濋,三
阻,三
俎,三
齟,三
跙,三
𧽟,三
𢮁,三
𩩘,三
舉,三
莒,三
櫸,三
筥,三
𧺹,三
弆,三
柜,三
䢹,三
𠢈,三
敘,三
緒,三
序,三
漵,三
抒,三
嶼,三
鱮,三
𨣦,三
𥎗,三
𡱣,三
去,三
麮,三
𧉧,三
野,三
墅,三
𥅗,三
䃊,三
俁,三
噳,三
羽,三
禹,三
雨,三
宇,三
㝢,三
瑀,三
祤,三
栩,三
鄅,三
楀,三
萭,三
䣁,三
聥,三
䨞,三
聚,三
甫,三
脯,三
斧,三
俯,三
府,三
腑,三
黼,三
莆,三
𧉊,三
俌,三
㕮,三
父,三
𥒰,三
蚥,三
武,三
舞,三
儛,三
嫵,三
侮,三
㒇,三
珷,三
碔,三
廡,三
𢋑,三
甒,三
潕,三
鵡,三
娬,三
敄,三
䒉,三
𤍍,三
輔,三
䩉,三
𩒺,三
腐,三
𩾿,三
滏,三
䭸,三
㾈,三
鬴,三
釜,三
䪔,三
撫,三
𢻬,三
弣,三
𠛺,三
拊,三
䋨,三
䌗,三
𠟌,三
柱,三
跓,三
嵀,三
詡,三
𠳲,三
珝,三
喣,三
煦,三
豎,三
竪,三
樹,三
裋,三
庾,三
窳,三
𥦠,三
愈,三
㼌,三
貐,三
斞,三
主,三
麈,三
宔,三
炷,三
傴,三
噢,三
齲,三
踽,三
拄,三
丶,三
𪐴,三
乳,三
窶,三
貗,三
矩,三
榘,三
䅓,三
𦐛,三
蒟,三
椇,三
縷,三
𪈜,三
㜢,三
𦳭,三
䅡,三
䝒,三
𧱛,三
姥,一
莽,一
䥈,一
媽,一
峔,一
土,一
吐,一
芏,一
杜,一
靯,一
𡍨,一
𢾖,一
肚,一
𥀁,一
荰,一
魯,一
櫓,一
虜,一
擄,一
𢲸,一
樐,一
艣,一
鐪,一
蓾,一
𧀦,一
鹵,一
㔪,一
鏀,一
䲐,一
覩,一
睹,一
暏,一
賭,一
帾,一
㕆,一
古,一
皷,一
鼓,一
瞽,一
股,一
𦙶,一
罟,一
蠱,一
估,一
鈷,一
羖,一
𦍩,一
詁,一
牯,一
夃,一
焸,一
𠒂,一
𥂩,一
五,一
午,一
旿,一
伍,一
仵,一
簿,一
部,一
粗,一
駔,一
祖,一
珇,一
組,一
䔃,一
靻,一
虎,一
琥,一
戽,一
滸,一
𨛵,一
萀,一
䗂,一
隖,一
塢,一
䃖,一
𢄓,一
溩,一
䛩,一
𧽋,一
䡧,一
苦,一
𥯶,一
怒,一
弩,一
努,一
𧉭,一
戸,一
楛,一
扈,一
怙,一
鄠,一
帍,一
祜,一
昈,一
𡻮,一
岵,一
雇,一
𩿇,一
𪄮,一
𨛸,一
婟,一
𡜂,一
滬,一
簄,一
普,一
溥,一
浦,一
烳,一
補,一
譜,一
圃,一
𩶆,四
鱭,四
禮,四
礼,四
𥴡,四
𦫈,四
澧,四
醴,四
鱧,四
鱺,四
𩽵,四
欚,四
豊,四
體,四
軆,四
涕,四
䪆,四
挮,四
𣈡,四
䫌,四
濟,四
䍤,四
夘,四
邸,四
底,四
䏄,四
抵,四
牴,四
觝,四
弤,四
㪆,四
軧,四
弟,四
娣,四
悌,四
䑯,四
遞,四
㼵,四
禰,四
苨,四
𩋪,四
𦰫,四
坭,四
𩯨,四
薾,四
檷,四
鑈,四
𩍦,四
洗,四
皉,四
啓,四
棨,四
綮,四
䭬,四
闙,四
启,四
䏿,四
㒅,四
䡔,四
𥰥,四
𦩶,四
涀,四
𧨍,四
匸,四
𥉐,四
米,四
眯,四
䋛,四
洣,四
蔝,四
䱊,四
陛,四
䯗,四
㙄,四
𤙞,四
𠈺,四
𠯋,四
堄,四
晲,四
㪏,四
𤽊,四
蟹,二
䲒,二
解,二
獬,二
澥,二
嶰,二
𨼬,二
買,二
嘪,二
蕒,二
鷶,二
䒓,二
𧳋,二
㚷,二
矲,二
䥯,二
𢟡,二
㔥,二
矮,二
㢊,二
躷,二
擺,二
捭,二
檞,二
𠁥,二
枴,二
㧳,二
箉,二
拐,二
駭,二
駴,二
𠢲,二
𥏪,二
𤶗,二
𧡋,二
賄,一
𧶅,一
䏨,一
燘,一
悔,一
㷄,一
猥,一
腲,一
鍡,一
㛱,一
𥓔,一
㱬,一
㞇,一
𨝀,一
磥,一
磊,一
癗,一
𡾋,一
礧,一
䣂,一
㵽,一
𡼊,一
蕾,一
𨻾,一
𦢏,一
頛,一
陮,一
𨯝,一
𦶏,一
辠,一
罪,一
浼,一
每,一
挴,一
䜸,一
骽,一
腿,一
僓,一
脮,一
㟎,一
㱣,一
㞂,一
瘣,一
㱱,一
䜋,一
廆,一
㚍,一
𦞙,一
䇏,一
𡑈,一
餒,一
娞,一
𩗔,一
鮾,一
㼏,一
𩬳,一
隗,一
䃬,一
皠,一
𣿒,一
𣿓,一
漼,一
璀,一
𥼺,一
䊫,一
琲,一
𢳁,一
嶊,一
洅,一
海,一
醢,一
愷,一
凱,一
颽,一
塏,一
暟,一
鎧,一
闓,一
輆,一
宰,一
縡,一
䏁,一
載,一
殆,一
待,一
怠,一
迨,一
𨽿,一
紿,一
軩,一
𠷂,一
乃,一
迺,一
鼐,一
改,一
絠,一
亥,一
㧡,一
𥩲,一
啡,一
采,一
採,一
綵,一
寀,一
彩,一
䰂,一
㥒,一
等,一
䆀,一
𢮇,一
在,一
俖,一
㕈,一
㘆,一
疓,一
𨦂,一
䑂,一
𦚪,一
倍,一
蓓,一
軫,三
胗,三
疹,三
賑,三
㐱,三
鬒,三
槇,三
紾,三
𦕑,三
診,三
袗,三
裖,三
眕,三
䪾,三
𠘱,三
腎,三
蜃,三
祳,三
脤,三
㰮,三
鋠,三
忍,三
荵,三
矤,三
矧,三
訠,三
哂,三
弞,三
頣,三
僯,三
𩕔,三
橉,三
撛,三
紖,三
䏖,三
䀕,三
眹,三
緊,三
𦜌,三
𤷌,三
盡,三
㯸,三
髕,三
臏,三
磭,三
𪙤,三
听,三
笉,三
窘,三
僒,三
㖥,三
㻒,三
菌,三
䐃,三
蔨,三
蜠,三
引,三
𢎢,三
蚓,三
𠻤,三
𢯼,三
濥,三
廴,三
戭,三
縯,三
鈏,三
靷,三
愍,三
慜,三
憫,三
閔,三
敏,三
敃,三
暋,三
簢,三
𥴲,三
𦌡,三
𨏵,三
鰵,三
𤿕,三
僶,三
䟨,三
刡,三
𨍌,三
䐇,三
殞,三
磒,三
隕,三
霣,三
準,三
准,三
尹,三
䪳,三
允,三
狁,三
馻,三
玧,三
𡴞,三
𧉃,三
筍,三
笋,三
𠣬,三
隼,三
箰,三
簨,三
𥯗,三
𣕍,三
蝡,三
蠢,三
𢧨,三
䐏,三
踳,三
惷,三
𦚧,三
偆,三
僢,三
𢾎,三
吮,三
耣,三
𦓾,三
𣯍,三
𦃢,三
螼,三
𤿳,三
賰,三
㾙,三
吻,三
𦝮,三
刎,三
抆,三
伆,三
𦮶,三
粉,三
黺,三
憤,三
𢤬,三
㿎,三
鱝,三
弅,三
𢅯,三
坋,三
忿,三
惲,三
藴,三
褞,三
賱,三
醖,三
齳,三
夽,三
喗,三
𧼐,三
抎,三
𪏚,三
𤸫,三
𦄐,三
隱,三
磤,三
𤻘,三
䌥,三
㥯,三
櫽,三
嶾,三
乚,三
𨏈,三
謹,三
𪏴,三
㹏,三
槿,三
𡎸,三
漌,三
巹,三
𧯷,三
菦,三
𧤛,三
𣐽,三
赾,三
近,三
齔,三
䘆,三
𠒜,三
遠,三
𩔃,三
偃,三
㫃,三
䞁,三
鶠,三
郾,三
褗,三
堰,三
匽,三
鼴,三
鰋,三
湕,三
𥍹,三
㔓,三
蹇,三
寋,三
楗,三
𠐻,三
𧥛,三
𧥜,三
巘,三
𪗛,三
幰,三
攇,三
䜢,三
晚,三
娩,三
挽,三
輓,三
㿸,三
㝃,三
脕,三
䡊,三
坂,三
返,三
橎,三
𧯦,三
圈,三
婉,三
菀,三
苑,三
踠,三
䖤,三
畹,三
倇,三
𩌑,三
䘼,三
夗,三
𩎺,三
晼,三
𤗍,三
䛄,三
䅚,三
綣,三
虇,三
䊎,三
𪐂,三
暅,三
咺,三
飯,三
軬,三
䪻,三
混,一
鯶,一
焜,一
倱,一
棍,一
睔,一
䚠,一
𨡫,一
䧰,一
掍,一
睴,一
翉,一
忖,一
𢩭,一
刌,一
本,一
畚,一
𤲙,一
笨,一
㡷,一
苯,一
損,一
䐣,一
𠟃,一
撙,一
噂,一
譐,一
䔿,一
僔,一
穩,一
𡁋,一
囤,一
𥫱,一
遁,一
遯,一
鱒,一
𩩌,一
𧞢,一
衮,一
緄,一
鯀,一
輥,一
蓘,一
丨,一
䃂,一
畽,一
𤊯,一
吨,一
閫,一
壼,一
稇,一
裍,一
悃,一
𩑔,一
㤻,一
碖,一
獖,一
㨧,一
体,一
懣,一
㶧,一
𦃕,一
很,一
墾,一
懇,一
䫀,一
旱,一
𡷛,一
皔,一
䓍,一
䛞,一
亶,一
𤺺,一
疸,一
觛,一
狚,一
担,一
坦,一
䦔,一
散,一
𢽳,一
𢿨,一
饊,一
糤,一
鏾,一
繖,一
䉈,一
傘,一
𣀧,一
𢄻,一
蜑,一
誕,一
潬,一
䩥,一
繵,一
膻,一
瓉,一
趲,一
禶,一
笴,一
簳,一
皯,一
䵟,一
𤿊,一
稈,一
秆,一
仠,一
𦼮,一
矸,一
衦,一
𥾍,一
嬾,一
懶,一
𥻂,一
𥽭,一
侃,一
衎,一
䍐,一
蔊,一
厂,一
暵,一
焊,一
䰖,一
緩,一
澣,一
浣,一
㬊,一
棵,一
𧶲,一
鰀,一
嵈,一
晥,一
䈠,一
短,一
𢭃,一
斷,一
𢷖,一
椀,一
盌,一
䝹,一
疃,一
𤲫,一
瘓,一
䠪,一
算,一
匴,一
篹,一
管,一
筦,一
脘,一
輨,一
盥,一
琯,一
痯,一
䩪,一
錧,一
䗆,一
䘾,一
卵,一
款,一
歀,一
欵,一
窾,一
䥗,一
䲌,一
煗,一
㬉,一
暖,一
餪,一
渜,一
稬,一
纂,一
䂎,一
纉,一
儹,一
籫,一
鄼,一
繤,一
𦆈,一
伴,一
㚘,一
滿,一
𢟮,一
𥲈,一
鏋,一
粄,一
䉽,一
䬳,一
𩋦,一
緞,一
坢,一
𧺾,一
綰,二
版,二
板,二
蝂,二
鈑,二
䩆,二
拃,二
赧,二
𩈶,二
㫱,二
僩,二
橌,二
睆,二
睅,二
𪍺,二
鯇,二
皖,二
魬,二
矕,二
𪘪,二
䗃,二
𪗙,二
㹽,二
産,二
簅,二
摌,二
㹌,二
嵼,二
汕,二
滻,二
㦃,二
𥽽,二
𩥮,二
限,二
硍,二
䁂,二
䦘,二
𥇅,二
簡,二
㶕,二
僴,二
𧟉,二
柬,二
暕,二
剗,二
鏟,二
丳,二
羼,二
䐮,二
㟞,二
嶘,二
轏,二
𠊩,二
輚,二
眼,二
琖,二
盞,二
𧣴,二
銑,四
跣,四
毨,四
箲,四
筅,四
㭠,四
𦭶,四
𩶤,四
腆,四
痶,四
圢,四
淟,四
𤲖,四
錪,四
靦,四
㥏,四
琠,四
蚕,四
䠄,四
𨆁,四
賟,四
晪,四
典,四
蕇,四
𩒝,四
𥮏,四
宴,四
嬿,四
殄,四
跈,四
繭,四
絸,四
蠒,四
𥀹,四
𢆞,四
𡘸,四
垷,四
筧,四
襺,四
𢺃,四
挸,四
𢹕,四
峴,四
臔,四
哯,四
晛,四
蜆,四
俔,四
顈,四
䵤,四
睍,四
㦓,四
顯,四
韅,四
抮,四
𣊡,四
㨠,四
丏,四
眄,四
撚,四
匾,四
𦄒,四
𥤓,四
惼,四
碥,四
糄,四
泫,四
鉉,四
琄,四
贙,四
埍,四
𦇏,四
䀏,四
䩙,四
䧎,四
𨊼,四
𩉥,四
𡿨,四
畎,四
𤰝,四
詃,四
罥,四
羂,四
汱,四
辮,四
艑,四
𪉱,四
㲢,四
𤻶,四
𩩯,四
犬,四
𥧬,四
䵖,四
蜸,四
齞,四
獮,三
𤣗,三
𥙮,三
尠,三
尟,三
癬,三
𤐨,三
𧕇,三
蘚,三
演,三
衍,三
𧍢,三
𧊔,三
踐,三
諓,三
餞,三
俴,三
𤷃,三
𧗸,三
㣤,三
展,三
㞡,三
搌,三
輾,三
㠭,三
㜊,三
𧎰,三
𦗢,三
𠟉,三
樿,三
𩕊,三
䆄,三
䡀,三
䁴,三
𥊳,三
橏,三
㔊,三
𨭖,三
嫸,三
𨋚,三
𠬝,三
闡,三
䵐,三
幝,三
𨼒,三
灛,三
𦆀,三
遣,三
繾,三
䭤,三
𥳐,三
𠳋,三
𨺫,三
𩝡,三
謇,三
搴,三
𢷘,三
𢵈,三
𦂇,三
𡾰,三
藆,三
𩽜,三
善,三
譱,三
墠,三
鱓,三
蟺,三
僐,三
鄯,三
墡,三
磰,三
𪍶,三
翦,三
剪,三
揃,三
戩,三
𦺍,三
𥰸,三
𥳟,三
㨵,三
㒄,三
輦,三
𪍦,三
𤒤,三
璉,三
鄻,三
摙,三
膦,三
齴,三
遃,三
嵃,三
讞,三
𤫣,三
件,三
鑳,三
辯,三
𧦪,三
辡,三
緬,三
沔,三
汅,三
湎,三
愐,三
𩋠,三
偭,三
勔,三
𢃮,三
褊,三
㦚,三
𧕣,三
雋,三
隽,三
𤺻,三
𦼱,三
䁵,三
鴘,三
兖,三
渷,三
沇,三
𢯻,三
抁,三
萒,三
㕣,三
𦁙,三
𩘍,三
孌,三
𡡗,三
脟,三
轉,三
𣓧,三
菤,三
韏,三
𨹵,三
埢,三
輭,三
軟,三
㮕,三
䓴,三
碝,三
䞂,三
耎,三
𢘎,三
㞋,三
緛,三
舛,三
喘,三
荈,三
腨,三
𡭐,三
𦺲,三
篆,三
瑑,三
𦁆,三
䧘,三
堟,三
孨,三
𨷱,三
𡇰,三
選,三
𦌻,三
𥶷,三
𩔊,三
𩻝,三
𢣑,三
免,三
勉,三
俛,三
鮸,三
冕,三
𨩪,三
蕆,三
𧈪,三
䩶,三
篠,四
筱,四
𩵌,四
皎,四
璬,四
𢅎,四
䥵,四
㿟,四
皦,四
恔,四
晈,四
䘨,四
儌,四
鳥,四
𢁕,四
蔦,四
釕,四
扚,四
䄪,四
𠄏,四
了,四
镽,四
鄝,四
䑠,四
𥗀,四
𤁸,四
𧘈,四
窱,四
䠷,四
曉,四
皢,四
杳,四
窈,四
偠,四
騕,四
𩡻,四
𨱧,四
㫏,四
婹,四
㫐,四
䆞,四
𡧮,四
苭,四
嬲,四
嫋,四
𨲂,四
㒟,四
褭,四
㜵,四
䃵,四
𢴶,四
㵿,四
𦯪,四
𠄔,四
窕,四
𤕷,四
𤱩,四
誂,四
䂽,四
䂪,四
劋,四
㭂,四
𧂈,四
小,三
𩵖,三
䒕,三
肇,三
肁,三
兆,三
趙,三
旐,三
狣,三
䍮,三
垗,三
𠧞,三
沼,三
䈃,三
殀,三
仸,三
巐,三
少,三
䒚,三
𨙹,三
擾,三
𢹎,三
繞,三
遶,三
𤛾,三
𧳨,三
𢹰,三
鰾,三
顠,三
𩮳,三
膘,三
𦭼,三
𪍑,三
麨,三
眧,三
縹,三
醥,三
皫,三
眇,三
渺,三
𦳥,三
淼,三
杪,三
秒,三
篎,三
紹,三
綤,三
袑,三
䙼,三
矯,三
鱎,三
䚩,三
敽,三
𥃧,三
譑,三
𨝰,三
表,三
𧘝,三
𧞧,三
䔸,三
褾,三
𧢄,三
㟽,三
𦳤,三
𠬪,三
㰶,三
㹾,三
𧴎,三
鷕,三
溔,三
𦥨,三
抭,三
𩨴,三
䁘,三
悄,三
愀,三
釥,三
𠞰,三
𠟯,三
漅,三
𤃭,三
𨲭,三
𢻢,三
䩍,三
闄,三
巧,二
䲾,二
澩,二
㺒,二
䕧,二
䀊,二
飽,二
𩝰,二
𩛁,二
卯,二
戼,二
泖,二
昴,二
絞,二
狡,二
攪,二
𢯴,二
𥂔,二
𢽻,二
爪,二
㕚,二
䝖,二
瑵,二
笊,二
𢁬,二
𦬔,二
拗,二
𢂊,二
𥃯,二
狕,二
鮑,二
𡂟,二
齩,二
㑿,二
煼,二
𩱦,二
𤌉,二
炒,二
𩱈,二
𢾐,二
晧,一
昊,一
昦,一
暭,一
鎬,一
浩,一
顥,一
灝,一
鰝,一
夰,一
薃,一
𨛴,一
𧇼,一
𥢑,一
抱,一
老,一
轑,一
潦,一
䕩,一
栳,一
𣠼,一
𩔇,一
恅,一
𡂕,一
䵏,一
討,一
𡘷,一
道,一
衟,一
𡬲,一
稻,一
𣜦,一
𨱵,一
堖,一
腦,一
𠜶,一
惱,一
碯,一
㺁,一
𧳦,一
㛴,一
㛮,一
嫂,一
㛐,一
燥,一
埽,一
掃,一
倒,一
擣,一
搗,一
㠀,一
禂,一
䮻,一
禱,一
壔,一
草,一
艸,一
懆,一
騲,一
𠹊,一
愺,一
早,一
澡,一
藻,一
薻,一
𧎮,一
蚤,一
䲃,一
璪,一
璅,一
棗,一
繅,一
皁,一
𦯑,一
造,一
艁,一
暠,一
杲,一
稾,一
藳,一
縞,一
槀,一
菒,一
𥓖,一
好,一
𡚽,一
蓩,一
䓮,一
冃,一
寶,一
珤,一
保,一
𡥀,一
堢,一
堡,一
褓,一
緥,一
鴇,一
葆,一
駂,一
䎂,一
宲,一
賲,一
𠤏,一
襖,一
镺,一
䴠,一
媪,一
㤇,一
郩,一
䯠,一
𪁾,一
考,一
攷,一
栲,一
槁,一
祰,一
洘,一
燺,一
丂,一
䯪,一
𦽀,一
𩑤,一
哿,一
舸,一
𥰮,一
嚲,一
䯬,一
䫂,一
褨,一
柁,一
舵,一
𣵻,一
我,一
騀,一
㧴,一
㰁,一
𩝢,一
砢,一
㦬,一
曪,一
𣂞,一
𠻡,一
橠,一
娜,一
㡅,一
𢄴,一
㪃,一
㪋,一
可,一
岢,一
坷,一
𨵌,一
𣘨,一
㫊,一
𧙃,一
左,一
㝾,一
,一
果,一
菓,一
猓,一
鐹,一
裹,一
蜾,一
惈,一
粿,一
埵,一
挆,一
𦀉,一
朵,一
朶,一
綞,一
鍺,一
𨹄,一
䤪,一
𩊜,一
鎖,一
瑣,一
溑,一
䈗,一
䵀,一
𩹳,一
𥔭,一
䣔,一
𢱡,一
𧴪,一
垛,一
𤬾,一
𥬲,一
𥳔,一
䤻,一
憜,一
惰,一
嫷,一
嶞,一
妥,一
媠,一
橢,一
𨼰,一
鵎,一
麼,一
𣋟,一
懡,一
坐,一
𡋲,一
㛂,一
裸,一
躶,一
𧝹,一
臝,一
瘰,一
𤼠,一
蓏,一
𢫷,一
簸,一
駊,一
㝿,一
叵,一
𡽠,一
禍,一
𥚁,一
𡖿,一
𣄸,一
𨘌,一
火,一
邩,一
顆,一
堁,一
敤,一
爸,一
馬,二
碼,二
䣕,二
罵,二
𥧓,二
鷌,二
鰢,二
者,三
赭,三
壄,三
也,三
冶,三
雅,二
庌,二
厊,二
㿿,二
檟,二
榎,二
嘏,二
假,二
叚,二
斝,二
椵,二
婽,二
啞,二
瘂,二
𤺘,二
灺,三
䵦,三
下,二
丅,二
夏,二
廈,二
寫,三
𣞐,三
瀉,三
𣬕,三
𡎬,三
乜,三
閜,二
襾,二
社,三
𥁹,三
𣝒,三
跒,二
跁,二
䇑,二
捨,三
舍,三
騇,三
䬷,三
𩜉,三
姐,三
飷,三
把,二
踝,二
𡱏,二
𦖍,二
觟,二
𩸄,二
𢦚,二
寡,二
冎,二
剮,二
𣑍,二
𠊰,二
䈑,二
𧤐,二
瓦,二
邷,二
惹,三
𠰒,三
鮓,二
厏,二
痄,二
奲,三
㨋,三
䰩,三
撦,三
䋾,二
䋈,二
骻,二
㡁,二
銙,二
𢄳,二
𡕒,二
䊬,二
𧫝,二
傻,二
藞,二
養,三
癢,三
瀁,三
勨,三
𧓲,三
像,三
象,三
蟓,三
橡,三
襐,三
鱌,三
𨖶,三
𦺨,三
嶑,三
㢡,三
獎,三
䉃,三
槳,三
㯍,三
㒳,三
兩,三
脼,三
𣓈,三
緉,三
蜽,三
魎,三
㔝,三
鞅,三
柍,三
䬬,三
詇,三
岟,三
炴,三
𧵌,三
怏,三
紻,三
滰,三
仰,三
磢,三
㼽,三
𠞮,三
漺,三
愴,三
想,三
鯗,三
掌,三
仉,三
𤓯,三
𤕤,三
爽,三
𦄍,三
塽,三
樉,三
䫪,三
響,三
饗,三
蠁,三
䖮,三
亯,三
嚮,三
曏,三
敞,三
𢠵,三
氅,三
𪅶,三
廠,三
僘,三
繈,三
鏹,三
襁,三
膙,三
憼,三
丈,三
杖,三
仗,三
㽴,三
昶,三
鋹,三
壤,三
䖆,三
䑋,三
𥗝,三
賞,三
𩞧,三
𩞃,三
髣,三
仿,三
紡,三
鶭,三
䲱,三
网,三
網,三
罔,三
輞,三
棢,三
惘,三
菵,三
誷,三
𡔞,三
𦖉,三
蛧,三
魍,三
昉,三
倣,三
放,三
瓬,三
枉,三
𢽃,三
𣢫,三
往,三
怳,三
摤,三
上,三
丄,三
俇,三
臩,三
迋,三
𠏤,三
逛,三
𩦠,三
傸,三
蕩,一
婸,一
𥯕,一
𢠽,一
愓,一
璗,一
䑗,一
嵣,一
顙,一
𣞙,一
𣡆,一
磉,一
廣,一
牓,一
𣮧,一
髒,一
曩,一
灢,一
骯,一
䟘,一
𡕬,一
曭,一
儻,一
偒,一
戃,一
矘,一
爣,一
𣎲,一
㼒,一
㿩,一
攩,一
茻,一
壾,一
䁳,一
䒎,一
㬒,一
蠎,一
漭,一
㟐,一
黨,一
讜,一
欓,一
䣣,一
𧅗,一
朗,一
朖,一
誏,一
俍,一
崀,一
坱,一
醠,一
䇦,一
盎,一
軮,一
慷,一
𡻚,一
䡉,一
懬,一
㳹,一
瀇,一
晃,一
幌,一
櫎,一
榥,一
滉,一
皝,一
䒍,一
慌,一
爌,一
𡧽,一
䁜,一
㬻,一
䴚,一
𨟼,一
㽘,一
奘,一
汻,一
酐,一
𤰟,一
梗,二
挭,二
哽,二
郠,二
綆,二
鯁,二
骾,二
𧋑,二
丙,三
昞,三
怲,三
邴,三
炳,三
秉,三
窉,三
苪,三
蛃,三
警,三
儆,三
景,三
境,三
璥,三
㯳,三
影,三
璟,三
璄,三
䭘,三
摬,三
㲟,三
𠝟,三
𩘑,三
省,三
眚,三
㾪,三
𡞞,三
䚇,三
𨵥,三
㼳,三
渻,三
𨜜,三
永,三
栐,三
𦬺,三
皿,三
𥥊,三
憬,三
囧,三
煚,三
暻,三
杏,二
莕,二
荇,二
猛,二
蜢,二
艋,二
礦,二
鑛,二
𨥥,二
𪍿,二
䵃,二
穬,二
㑟,二
𧚭,二
浻,二
奣,二
卝,二
澋,二
檸,二
耿,二
𦵸,二
𥉔,二
䁅,二
鼆,二
幸,二
𠂷,二
倖,二
㼬,二
𠊧,二
𩶁,二
皏,二
靜,三
睜,三
𩇕,三
靖,三
妌,三
穽,三
阱,三
竫,三
整,三
逞,三
騁,三
悜,三
睈,三
郢,三
浧,三
梬,三
痙,三
潁,三
穎,三
領,三
嶺,三
袊,三
餅,三
鉼,三
䴵,三
㩩,三
䔛,三
井,三
𨙷,三
廮,三
癭,三
𣤵,三
𦡺,三
㮐,三
𢜫,三
慏,三
𣵹,三
迥,四
炯,四
泂,四
𦳖,四
熲,四
炅,四
𠖷,四
㯋,四
𩚱,四
煛,四
𧍮,四
茗,四
酩,四
姳,四
頂,四
𩠑,四
𩕢,四
奵,四
耵,四
鼎,四
薡,四
酊,四
濎,四
㞟,四
艇,四
鋌,四
梃,四
涏,四
誔,四
珽,四
脡,四
侹,四
頲,四
𡈼,四
𤱹,四
䦐,四
汫,四
濙,四
謦,四
𩕳,四
䗿,四
濘,四
䔭,四
婞,四
涬,四
脛,四
𢙼,四
緈,四
箵,四
褧,四
剄,四
烴,四
巊,四
𩳍,四
𦊓,四
竝,四
並,四
矨,四
拯,三
撜,三
氶,三
剻,一
肯,一
肎,一
有,三
右,三
䳑,三
友,三
㕛,三
䀁,三
𥁓,三
栯,三
䒴,三
柳,三
罶,三
𦊑,三
珋,三
𩖴,三
嬼,三
𪕋,三
綹,三
𨋖,三
狃,三
紐,三
鈕,三
杻,三
莥,三
𠘯,三
扭,三
𢔟,三
䏔,三
𨙺,三
丑,三
杽,三
肘,三
疛,三
𤶡,三
朽,三
㱙,三
㽲,三
殠,三
久,三
九,三
玖,三
灸,三
韭,三
𡚰,三
𨾉,三
首,三
𩠐,三
𦣻,三
手,三
䭭,三
守,三
醜,三
𧃝,三
婦,三
䘀,三
負,三
萯,三
蝜,三
阜,三
𨸏,三
𪃓,三
偩,三
𦰺,三
𨹺,三
㷆,三
𧌈,三
缶,三
缹,三
糗,三
楺,三
煣,三
輮,三
沑,三
𥠊,三
韖,三
粈,三
舅,三
臼,三
齨,三
麔,三
䳎,三
䊆,三
𤷑,三
䛮,三
紂,三
䈙,三
葤,三
酉,三
丣,三
誘,三
𦍶,三
䛻,三
牖,三
槱,三
𥟁,三
莠,三
羑,三
蜏,三
㝌,三
𣣸,三
琇,三
梄,三
𨣆,三
𦏇,三
受,三
壽,三
璹,三
綬,三
滫,三
糔,三
醙,三
䬀,三
懮,三
酒,三
帚,三
箒,三
鯞,三
晭,三
𧳜,三
㤱,三
𩂆,三
𧌗,三
𥣙,三
𩋄,三
𩌄,三
厚,一
垕,一
後,一
𨒥,一
后,一
郈,一
㖃,一
母,一
牡,一
某,一
拇,一
胟,一
𠭇,一
畮,一
畞,一
𤝕,一
𤵝,一
踇,一
𧿹,一
犃,一
䴺,一
篰,一
蔀,一
斗,一
㪷,一
蚪,一
阧,一
陡,一
抖,一
𪌜,一
飳,一
妵,一
黈,一
𩿢,一
蘣,一
斢,一
鈄,一
䱏,一
玽,一
狗,一
垢,一
笱,一
𦊒,一
耇,一
詬,一
茩,一
敂,一
藕,一
蕅,一
偶,一
耦,一
㼴,一
㨐,一
㝅,一
㳶,一
𡝦,一
啂,一
𡭾,一
叜,一
叟,一
𠊯,一
嗾,一
𠻛,一
𥈃,一
擻,一
藪,一
𦖪,一
廀,一
吼,一
吽,一
㸸,一
𤘽,一
䳝,一
毆,一
𠙶,一
塸,一
塿,一
甊,一
𪍣,一
㪹,一
䅹,一
走,一
口,一
扣,一
𤘘,一
釦,一
叩,一
𧥣,一
𨙫,一
䕆,一
𨪐,一
𠁁,一
蚴,三
糾,三
赳,三
寑,三
𡪢,三
寢,三
㾛,三
𡬓,三
𦯈,三
䤐,三
朕,三
𦩗,三
栚,三
顩,三
坅,三
廩,三
㐭,三
懍,三
菻,三
𤎭,三
癛,三
罧,三
伈,三
踸,三
鍖,三
䫖,三
𡩻,三
䭙,三
荏,三
飪,三
餁,三
䭃,三
稔,三
栠,三
袵,三
䏕,三
䇮,三
棯,三
𢆉,三
腍,三
䫬,三
邥,三
宷,三
審,三
㰂,三
諗,三
魫,三
𩶇,三
𧀯,三
葚,三
𣞵,三
甚,三
瀋,三
墋,三
磣,三
拰,三
噤,三
䫴,三
凚,三
錦,三
蕈,三
僸,三
趛,三
瘮,三
稟,三
㱃,三
飲,三
品,三
𩖄,三
𩒣,三
感,一
𥸡,一
鱤,一
贑,一
䤗,一
贛,一
㔶,一
𧆐,一
䃭,一
灨,一
禫,一
䨢,一
黮,一
窞,一
髧,一
萏,一
𧂄,一
𥥦,一
醰,一
嘾,一
贉,一
𣛱,一
黭,一
唵,一
罯,一
腩,一
湳,一
䈒,一
𦐃,一
揇,一
萳,一
𥁺,一
䏙,一
嗿,一
㣅,一
㔆,一
慘,一
黲,一
噆,一
䫩,一
㜝,一
昝,一
糂,一
糝,一
糣,一
𢕕,一
㧲,一
䊉,一
坎,一
歁,一
惂,一
輡,一
轗,一
埳,一
竷,一
頜,一
𡣊,一
撼,一
菡,一
欿,一
蜭,一
𢇞,一
𢃗,一
莟,一
𡻡,一
壈,一
燣,一
𨎹,一
浨,一
醂,一
𠓭,一
纜,一
漤,一
黕,一
衴,一
丼,一
瓭,一
䉞,一
𥴶,一
䫲,一
敢,一
𠭖,一
𣪏,一
𢽤,一
橄,一
澉,一
㶒,一
覽,一
擥,一
攬,一
欖,一
罱,一
𦵹,一
菼,一
毯,一
𦃖,一
膽,一
紞,一
䃫,一
黵,一
𪆻,一
噉,一
啖,一
啗,一
𥲄,一
憺,一
㛧,一
𩛎,一
䭕,一
㟛,一
嚂,一
𡒓,一
䖔,一
琰,三
剡,三
𨁹,三
棪,三
燄,三
扊,三
夵,三
䎦,三
䌪,三
斂,三
撿,三
瀲,三
嬚,三
䭑,三
羷,三
䌞,三
㰈,三
㯬,三
險,三
玁,三
嶮,三
貶,三
𦥘,三
颭,三
𩑳,三
嵰,三
广,三
隒,三
嬐,三
䲓,三
噞,三
儉,三
芡,三
檢,三
瞼,三
黶,三
𧞣,三
檿,三
厭,三
魘,三
厴,三
擪,三
苒,三
染,三
𩃵,三
䎃,三
䣸,三
𥬕,三
𡜉,三
陝,三
閃,三
𧴭,三
覢,三
㴸,三
㚒,三
𡟨,三
諂,三
讇,三
奄,三
𩃗,三
㭺,三
掩,三
裺,三
渰,三
𣃰,三
𤗎,三
𡹮,三
𣄉,三
𥕌,三
蔪,三
𦾶,三
䟅,三
䤔,三
𩟗,三
脥,三
忝,四
䄼,四
悿,四
𨸱,四
點,四
玷,四
𦒻,四
㓠,四
䍄,四
簟,四
扂,四
𠂼,四
驔,四
㶘,四
嗛,四
慊,四
膁,四
𤬓,四
鼸,四
厸,四
儼,三
𠆲,三
㢂,三
𢇘,三
曮,三
𩒥,三
䇜,三
𣃧,三
豏,二
減,二
㺝,二
𡞣,二
𥻇,二
㴴,二
偡,二
㦿,二
𣓅,二
槏,二
鹻,二
𥳒,二
瀺,二
醶,二
斬,二
𧀵,二
𦊔,二
𦌫,二
𠐩,二
旵,二
檻,二
艦,二
壏,二
𥽏,二
𨏊,二
轞,二
𪒠,二
豃,二
范,三
範,三
軓,三
笵,三
犯,三
𧍙,三
錽,三
𢨔,三
𦜒,三
凵,三
㧄,三
釩,三
𠑆,三
𨇧,三
送,一
鳳,三
𠤈,三
貢,一
𣹟,一
羾,一
䇨,一
㯯,一
弄,一
𢙱,一
梇,一
哢,一
㢅,一
㳥,一
棟,一
㼯,一
𩭩,一
鞚,一
𤗇,一
糉,一
粽,一
瓮,一
甕,一
𦉥,一
𪖵,一
𧩪,一
愡,一
㓊,一
胴,一
慟,一
駧,一
迵,一
戙,一
𩐵,一
痛,一
仲,三
𩿀,三
諷,三
䛪,三
䠻,三
㝱,三
鄸,三
䠢,三
𧽒,三
䠗,三
賵,三
𣀒,一
𠏭,一
哄,一
蕻,一
齈,一
癑,一
銃,三
宋,一
綜,一
䝋,一
錝,一
統,一
用,三
誦,三
㡝,三
㙲,三
堹,三
諥,三
瘲,三
𩉪,三
𩼅,三
偅,三
𨉢,三
贚,三
絳,二
𡲣,二
巷,二
衖,二
𢤤,二
𥈄,二
漴,二
肨,二
㦼,二
寘,三
忮,三
伿,三
䚳,三
𢻈,三
𡽆,三
避,三
惴,三
𦥻,三
𦦇,三
詈,三
豉,三
𢻃,三
𢐂,三
䩃,三
積,三
𧂐,三
𦎸,三
賜,三
𧀩,三
澌,三
𣩠,三
儩,三
杫,三
䞈,三
𢈌,三
貱,三
髲,三
鞁,三
㢰,三
𤿙,三
寄,三
䐀,三
臂,三
芰,三
䝸,三
䛋,三
刺,三
刾,三
㢀,三
朿,三
㡹,三
𧧒,三
莿,三
庛,三
蛓,三
易,三
㑥,三
貤,三
㒾,三
議,三
誼,三
竩,三
𥫃,三
𩈭,三
義,三
譬,三
㵨,三
漬,三
㱴,三
髊,三
智,三
𣉻,三
潪,三
縋,三
膇,三
硾,三
𥞃,三
嚱,三
𢺵,三
𨑤,三
吱,三
㱲,三
螠,三
翅,三
𦐊,三
啻,三
卶,三
翨,三
僞,三
毁,三
恚,三
㜇,三
睡,三
瑞,三
䄲,三
䅗,三
瀡,三
娷,三
諈,三
瓗,三
䜜,三
贀,三
諉,三
㨅,三
㢻,三
瞡,三
𧙁,三
至,三
摯,三
贄,三
鷙,三
礩,三
懥,三
䲀,三
𩊝,三
𩊞,三
𢄢,三
𡠗,三
位,三
媚,三
魅,三
鬽,三
篃,三
蝞,三
嚜,三
䉋,三
煝,三
遂,三
彗,三
隧,三
襚,三
旞,三
璲,三
檖,三
𣔾,三
𤓫,三
𤎩,三
燧,三
澻,三
䡵,三
鐆,三
鐩,三
穟,三
𦼯,三
蔧,三
𦂁,三
㒸,三
𥝩,三
穗,三
䉌,三
𩏚,三
醉,三
邃,三
祟,三
粹,三
睟,三
𠭥,三
賥,三
譢,三
𢢝,三
類,三
淚,三
𦝭,三
䇐,三
禷,三
祕,三
毖,三
閟,三
轡,三
鉍,三
泌,三
鄪,三
費,三
䪐,三
邲,三
粊,三
䉾,三
𡛗,三
匱,三
饋,三
餽,三
𦆠,三
櫃,三
樻,三
𩌃,三
嚊,三
䑄,三
㿙,三
𦤢,三
淠,三
備,三
俻,三
𤰇,三
𤰈,三
𡚤,三
奰,三
糒,三
犕,三
絥,三
韍,三
贔,三
𣖾,三
㣁,三
㸢,三
媿,三
愧,三
聭,三
䁛,三
帥,三
率,三
䯣,三
䰎,三
腃,三
䙡,三
尯,三
𨌗,三
嗜,三
𩜼,三
利,三
𥝤,三
䬆,三
莅,三
痢,三
䚕,三
膩,三
𦡸,三
䣵,三
屁,三
䊧,三
劓,三
致,三
懫,三
𢷐,三
𨆫,三
躓,三
𨎌,三
輊,三
騺,三
䞃,三
𣱐,三
質,三
駤,三
棄,三
弃,三
夡,三
㞓,三
緻,三
稚,三
稺,三
𦃘,三
𩹈,三
𠊷,三
𢴧,三
𩋩,三
𦥐,三
寐,三
杘,三
𣐉,三
𦥊,三
跮,三
冀,三
兾,三
覬,三
穊,三
驥,三
𩥉,三
洎,三
懻,三
臮,三
暨,三
鱀,三
垍,三
塈,三
𣽍,三
悸,三
猤,三
痵,三
𡬄,三
翠,三
二,三
弍,三
貳,三
樲,三
恣,三
𣣌,三
次,三
䳐,三
佽,三
絘,三
𩾔,三
𧊒,三
䯸,三
懿,三
饐,三
欭,三
鷧,三
撎,三
亄,三
四,三
亖,三
肆,三
𩬶,三
柶,三
泗,三
牭,三
𧳙,三
㣈,三
駟,三
𦞤,三
蕼,三
肂,三
器,三
季,三
鼻,三
𤹝,三
坒,三
襣,三
䫁,三
痹,三
畀,三
庇,三
萃,三
顇,三
悴,三
㱖,三
䆊,三
瘁,三
地,三
墬,三
㕧,三
屓,三
呬,三
𤡬,三
䨳,三
肄,三
殔,三
㡼,三
勩,三
隶,三
𥿫,三
諡,三
謚,三
自,三
嫉,三
墜,三
懟,三
出,三
𤀷,三
𢣘,三
瞶,三
䗽,三
侐,三
痓,三
䛈,三
㽷,三
𥤼,三
志,三
娡,三
䓌,三
誌,三
痣,三
織,三
識,三
值,三
植,三
㨁,三
𠍜,三
寺,三
嗣,三
孠,三
飤,三
飼,三
蚝,三
螆,三
𧉠,三
笥,三
試,三
弑,三
幟,三
僿,三
胾,三
事,三
剚,三
倳,三
吏,三
字,三
牸,三
茡,三
芓,三
䰡,三
餌,三
𩱓,三
珥,三
衈,三
毦,三
刵,三
䎶,三
㛅,三
䏪,三
𦖢,三
𩢲,三
𣳪,三
𧳅,三
𨽄,三
廁,三
異,三
潩,三
食,三
䔬,三
廙,三
置,三
侍,三
𩛌,三
忌,三
𨙬,三
惎,三
䋟,三
鵋,三
誋,三
梞,三
帺,三
𥭜,三
熾,三
饎,三
𩜮,三
糦,三
𢨒,三
埴,三
意,三
鷾,三
𠃸,三
䵝,三
記,三
䰯,三
豙,三
㘈,三
㽈,三
亟,三
唭,三
䀈,三
未,三
味,三
菋,三
𩑵,三
䊊,三
鮇,三
𡶎,三
貴,三
胃,三
謂,三
㥜,三
媦,三
𦩝,三
緯,三
彚,三
蝟,三
渭,三
煟,三
𩹂,三
𨾂,三
緭,三
𢍚,三
𦳢,三
䬑,三
魏,三
沸,三
疿,三
茀,三
鯡,三
㹃,三
𩰾,三
𧙂,三
䛍,三
髴,三
靅,三
𣙿,三
昲,三
𥽂,三
,三
𧝷,三
尉,三
㷉,三
熨,三
慰,三
畏,三
罻,三
犚,三
蔚,三
螱,三
𧕈,三
褽,三
䲁,三
諱,三
芔,三
泋,三
𥝋,三
𤲳,三
狒,三
㵒,三
怫,三
屝,三
𧕿,三
䨾,三
翡,三
𡌦,三
萉,三
𩇪,三
䠊,三
㔗,三
𧌘,三
黂,三
旣,三
曁,三
𣢆,三
蔇,三
毅,三
𢖫,三
𧅙,三
藙,三
䉨,三
氣,三
炁,三
气,三
盵,三
餼,三
䊠,三
鎎,三
熂,三
黖,三
𧱲,三
䮎,三
犔,三
忥,三
䤒,三
御,三
馭,三
慮,三
勴,三
𥶌,三
𠣊,三
鑢,三
𩥆,三
𡾅,三
𦊼,三
據,三
鋸,三
倨,三
踞,三
澽,三
𧣻,三
䱟,三
覰,三
䁦,三
刞,三
鼁,三
𩿟,三
署,三
薯,三
曙,三
恕,三
庶,三
樜,三
㵂,三
箸,三
䬡,三
翥,三
𤳯,三
䭖,三
䘄,三
𢉙,三
𤳐,三
𡻠,三
㫂,三
捒,三
㫹,三
飫,三
𩜏,三
瘀,三
菸,三
棜,三
筯,三
遽,三
勮,三
助,三
詛,三
豫,三
預,三
礜,三
悆,三
𣝑,三
蕷,三
穥,三
忬,三
澦,三
𡒊,三
儊,三
䖏,三
𡲁,三
遇,三
寓,三
庽,三
媀,三
𤸒,三
嫗,三
饇,三
𦒸,三
澍,三
尌,三
𠊪,三
住,三
附,三
袝,三
賻,三
駙,三
鮒,三
䠵,三
蚹,三
𠪻,三
胕,三
注,三
疰,三
㹥,三
鑄,三
馵,三
註,三
霔,三
㺛,三
䎷,三
祩,三
𠴦,三
䪒,三
蛀,三
屨,三
䈮,三
邭,三
昫,三
酗,三
𧏺,三
戍,三
腧,三
𧼯,三
䠼,三
㲓,三
裕,三
䘱,三
諭,三
喻,三
籲,三
𣈯,三
孺,三
𡦗,三
㹘,三
赴,三
䞯,三
訃,三
䟔,三
婏,三
務,三
婺,三
霧,三
騖,三
𦎦,三
䨁,三
𨂣,三
𦆞,三
嵍,三
足,三
懼,三
具,三
埧,三
䨒,三
埾,三
付,三
賦,三
傅,三
陚,三
鉒,三
駐,三
軴,三
𨙔,三
壴,三
亍,三
𤛐,三
䜴,三
䐢,三
䦌,三
𢨸,三
屢,三
𡀿,三
暮,一
慕,一
募,一
墓,一
慔,一
𥰻,一
渡,一
度,一
𥯖,一
路,一
露,一
潞,一
輅,一
鷺,一
璐,一
賂,一
簬,一
簵,一
虂,一
𤻱,一
𦌕,一
妒,一
妬,一
秺,一
𤴱,一
蠹,一
螙,一
殬,一
兔,一
鵵,一
顧,一
頋,一
稒,一
故,一
痼,一
固,一
錮,一
㽽,一
鯝,一
䍛,一
棝,一
凅,一
誤,一
悮,一
寤,一
忤,一
啎,一
迕,一
遻,一
晤,一
悟,一
逜,一
窹,一
捂,一
䎸,一
護,一
嫭,一
頀,一
互,一
䇘,一
冱,一
枑,一
䨼,一
韄,一
𧥮,一
𦊂,一
𦬚,一
訴,一
𧪜,一
泝,一
遡,一
素,一
傃,一
嗉,一
膆,一
𤤐,一
塑,一
塐,一
䛾,一
𤢘,一
㨞,一
祚,一
胙,一
阼,一
𧃘,一
飵,一
𧇣,一
秨,一
布,一
佈,一
𠜙,一
𧉩,一
噁,一
䜑,一
悑,一
𤸵,一
厝,一
措,一
醋,一
錯,一
絝,一
袴,一
庫,一
䔯,一
捕,一
哺,一
步,一
𩣝,一
𨛒,一
𩢕,一
作,一
霽,四
䰏,四
䶓,四
帝,四
諦,四
嚏,四
蔕,四
螮,四
𦨢,四
䠠,四
骶,四
僀,四
𢰂,四
䟡,四
𤬵,四
偙,四
䩚,四
渧,四
嚌,四
𨣧,四
𪊆,四
替,四
𤾕,四
暜,四
㬱,四
鬀,四
剃,四
戻,四
𣧂,四
楴,四
䎮,四
𡲕,四
达,四
𢝹,四
𧛒,四
殢,四
𣤖,四
𥫵,四
第,四
遰,四
髢,四
禘,四
棣,四
杕,四
𧫚,四
墆,四
砌,四
切,四
摖,四
䏅,四
䀙,四
𦕀,四
細,四
𥿳,四
壻,四
詣,四
𢏗,四
羿,四
𦐧,四
睨,四
𧡎,四
計,四
係,四
繼,四
繫,四
薊,四
髻,四
𨜒,四
檵,四
蘻,四
轚,四
㲅,四
䐼,四
𦝜,四
系,四
𦃟,四
禊,四
慀,四
稧,四
栔,四
𦩣,四
𢢞,四
䫔,四
曀,四
枍,四
㥷,四
㝣,四
殪,四
瞖,四
医,四
𢟇,四
蘙,四
𧬇,四
殹,四
謎,四
閉,四
閇,四
嬖,四
箅,四
慧,四
憓,四
潓,四
惠,四
蟪,四
蕙,四
橞,四
㩨,四
儶,四
譓,四
鏸,四
桂,四
昋,四
炔,四
筀,四
𤰮,四
𣧎,四
䳏,四
嘒,四
嚖,四
暳,四
媲,四
䠘,四
睥,四
𣹮,四
𠞇,四
𥴬,四
𨢡,四
𣘥,四
戾,四
㑦,四
隸,四
隷,四
儷,四
𥃏,四
綟,四
𠠫,四
唳,四
蜧,四
䓞,四
沴,四
捩,四
𤃀,四
悷,四
栛,四
丽,四
𣛒,四
𧢮,四
𩘡,四
𣟌,四
𥱻,四
𢤇,四
迡,四
㰥,四
㚛,四
際,三
穄,三
鰶,三
𩯷,三
㦣,三
歲,三
櫘,三
𦄑,三
衞,三
軎,三
轊,三
璏,三
𥶽,三
𧲝,三
𧲔,三
槥,三
讏,三
𤜂,三
熭,三
芮,三
汭,三
枘,三
蜹,三
笍,三
鈉,三
贅,三
𠻜,三
毳,三
韢,三
脃,三
膬,三
脆,三
帨,三
竁,三
𣃍,三
𧑎,三
㓹,三
㯔,三
𤂳,三
銴,三
叡,三
睿,三
䓲,三
綴,三
醊,三
畷,三
䄌,三
啜,三
餟,三
卂,三
輟,三
稅,三
說,三
涗,三
獘,三
斃,三
幣,三
㡀,三
敝,三
篲,三
𥱵,三
鏏,三
𪔊,三
𢅫,三
蔽,三
鄨,三
鷩,三
彆,三
劌,三
鱖,三
𠜾,三
𨇙,三
蹶,三
袂,三
㡜,三
掣,三
痸,三
𤸪,三
𢜳,三
銐,三
𤢻,三
制,三
𠛐,三
𦜗,三
淛,三
製,三
䎺,三
晢,三
䇽,三
𢝃,三
㝂,三
䱥,三
䀸,三
狾,三
𥍭,三
䩢,三
䭁,三
𤴟,三
迣,三
逝,三
觢,三
噬,三
誓,三
𣂯,三
筮,三
簭,三
澨,三
遾,三
𧻸,三
𦚨,三
曵,三
裔,三
𤤺,三
泄,三
洩,三
𤵺,三
䎈,三
枻,三
詍,三
𢘽,三
靾,三
跇,三
𠂆,三
袣,三
䄿,三
𪀕,三
㵝,三
㑜,三
抴,三
㛳,三
䇩,三
㹭,三
㵩,三
𢂼,三
呭,三
䕍,三
䋵,三
瘞,三
𦝲,三
藝,三
埶,三
蓺,三
䆿,三
囈,三
槸,三
滯,三
彘,三
𦭮,三
𩻼,三
例,三
厲,三
礪,三
勵,三
禲,三
癘,三
㾐,三
鮤,三
濿,三
砅,三
蠣,三
蠇,三
櫔,三
𩧃,三
䮋,三
䅀,三
𥣭,三
𧸱,三
巁,三
栵,三
𢂥,三
𢤆,三
洌,三
憩,三
𡳅,三
揭,三
丗,三
勢,三
貰,三
猘,三
𦇧,三
罽,三
𣯅,三
瀱,三
訐,三
彐,三
蘮,三
偈,三
𧼪,三
傺,三
䚢,三
䟷,三
𨂰,三
𨮱,三
㓷,三
蕝,三
㨹,三
潎,三
𥏙,三
䂕,三
泰,一
太,一
汰,一
蓋,一
匃,一
丐,一
𧰿,一
鴱,一
藹,一
壒,一
馤,一
靄,一
𣋞,一
𣩱,一
𢣏,一
𪕭,一
曖,一
柰,一
奈,一
㲡,一
𩹟,一
渿,一
大,一
汏,一
䲦,一
𪐝,一
㐲,一
害,一
𢞐,一
帶,一
跢,一
𢄔,一
艜,一
貝,一
沛,一
𨙶,一
鋇,一
䟺,一
狽,一
㸬,一
伂,一
䰽,一
𣬪,一
𥄔,一
𢂏,一
霈,一
會,一
䢈,一
禬,一
繪,一
兊,一
𩊭,一
綐,一
㟋,一
儈,一
膾,一
鱠,一
襘,一
檜,一
旝,一
巜,一
澮,一
鄶,一
廥,一
䯤,一
鬠,一
劊,一
䐴,一
𢶒,一
最,一
𢃒,一
𧎹,一
𧬨,一
翽,一
鐬,一
渙,一
酹,一
頪,一
㱻,一
外,一
祋,一
薈,一
嬒,一
瞺,一
蕞,一
𥳣,一
𥕸,一
𣩡,一
𥊴,一
襊,一
𨅎,一
𥨒,一
旆,一
軷,一
磕,一
䳚,一
溘,一
𥎆,一
𩫀,一
㪡,一
𨜴,一
蔡,一
𣞖,一
𪇭,一
賴,一
籟,一
癩,一
瀨,一
䄤,一
藾,一
䓶,一
䲚,一
𨇆,一
㸊,一
鵣,一
𡂖,一
餀,一
𦤦,一
㺔,一
𤵽,一
𩹄,一
駾,一
毻,一
昧,一
枺,一
𦦣,一
卦,二
挂,二
掛,二
詿,二
懈,二
繲,二
廨,二
㾏,二
隘,二
𨽴,二
阸,二
䅬,二
賹,二
邂,二
賣,二
畫,二
澅,二
繣,二
衩,二
㳗,二
訍,二
𧪘,二
睚,二
粺,二
稗,二
眦,二
派,二
𠂢,二
𥿯,二
𣏕,二
㵺,二
㭛,二
債,二
𨛖,二
䵘,二
𨢦,二
諣,二
㠔,二
膪,二
𢕮,二
怪,二
恠,二
𥑋,二
𦳋,二
𣀤,二
壞,二
𡌪,二
㧔,二
呃,二
瘵,二
𨝋,二
誡,二
戒,二
界,二
介,二
屆,二
疥,二
玠,二
㝏,二
㠹,二
砎,二
魪,二
尬,二
价,二
䯰,二
䲸,二
芥,二
衸,二
丯,二
𠨴,二
𩡺,二
譮,二
㖑,二
䜕,二
㞒,二
𢗊,二
械,二
䪥,二
薤,二
齘,二
㒠,二
韰,二
𤡧,二
㳦,二
𦗐,二
𢟰,二
𧏹,二
蒯,二
㕟,二
䈛,二
𢷎,二
拜,二
湃,二
𡎯,二
蘾,二
聵,二
𦖥,二
𩔀,二
憊,二
𤸶,二
𣡖,二
𦩋,二
㶔,二
𧱘,二
𧱳,二
躛,二
𣟉,二
𣸎,二
咶,二
𧜁,二
殺,二
閷,二
烗,二
𤈪,二
夬,二
快,二
噲,二
璯,二
邁,二
勱,二
佅,二
話,二
敗,二
贁,二
䢙,二
唄,二
嘬,二
䴝,二
𣤌,二
𠽶,二
犗,二
𧜅,二
蠆,二
嗄,二
𦤧,二
𦤬,二
砦,二
隊,一
䨴,一
薱,一
憝,一
憞,一
譈,一
鐓,一
䃍,一
䯟,一
𩐌,一
濧,一
佩,一
珮,一
孛,一
鄁,一
邶,一
偝,一
誖,一
悖,一
背,一
㻗,一
𢂤,一
苝,一
妹,一
眛,一
痗,一
瑁,一
配,一
胐,一
誨,一
晦,一
𠧩,一
靧,一
頮,一
秏,一
𩔁,一
詯,一
𣴵,一
對,一
𡭊,一
碓,一
𣝉,一
𠏮,一
倅,一
淬,一
焠,一
䃀,一
晬,一
祽,一
𪓌,一
綷,一
夎,一
𩲄,一
退,一
𢓴,一
𨓤,一
㥆,一
𡯵,一
憒,一
簂,一
䈐,一
𪏤,一
蔮,一
潰,一
繢,一
殨,一
闠,一
䛛,一
塊,一
凷,一
碎,一
𤭢,一
繀,一
内,一
纇,一
攂,一
䒹,一
𥣬,一
𡔇,一
銇,一
錑,一
輩,一
代,一
岱,一
黛,一
黱,一
埭,一
𡍖,一
帒,一
袋,一
甙,一
𨠾,一
瑇,一
靆,一
再,一
𨚵,一
𩛥,一
䵧,一
賽,一
簺,一
塞,一
𢞝,一
貸,一
態,一
曃,一
槩,一
𠌰,一
㧉,一
慨,一
嘅,一
礙,一
硋,一
䙷,一
閡,一
愛,一
㤅,一
𥴨,一
薆,一
璦,一
㤥,一
耐,一
螚,一
𣉘,一
戴,一
賚,一
睞,一
勑,一
䚅,一
菜,一
埰,一
棌,一
䐆,一
酨,一
𣿐,一
廢,三
癈,三
𤼺,三
橃,三
𥳊,三
䉬,三
砩,三
肺,三
杮,三
䑔,三
穢,三
薉,三
獩,三
饖,三
䮹,三
吠,三
𩵥,三
鼣,三
喙,三
𤸁,三
𣨶,三
餯,三
顪,三
刈,三
乂,三
㲼,三
㣻,三
𩾘,三
䖊,三
䢃,三
震,三
挋,三
𩒉,三
䟴,三
䳲,三
信,三
訊,三
訙,三
迅,三
囟,三
顖,三
𤜢,三
刃,三
認,三
肕,三
韌,三
仞,三
軔,三
牣,三
杒,三
訒,三
𢂻,三
䀼,三
𦙍,三
酳,三
𣌾,三
洕,三
𨋙,三
遴,三
吝,三
悋,三
閵,三
𥳞,三
粦,三
藺,三
轥,三
䗲,三
𠄈,三
䉮,三
𦺸,三
甐,三
𧶆,三
𧖔,三
𤌎,三
㔂,三
躙,三
擯,三
殯,三
鬢,三
𧸈,三
陣,三
𨳌,三
愼,三
昚,三
抻,三
賮,三
燼,三
㶳,三
藎,三
壗,三
憗,三
猌,三
垽,三
晉,三
㬜,三
搢,三
縉,三
䗯,三
進,三
枃,三
瑨,三
𦎷,三
衅,三
釁,三
舋,三
僅,三
覲,三
殣,三
瑾,三
饉,三
㝻,三
廑,三
𠞱,三
歏,三
櫬,三
嚫,三
䞋,三
襯,三
儭,三
印,三
鮣,三
𩂥,三
疢,三
𨷚,三
呁,三
稕,三
𦽑,三
盹,三
𡺲,三
峻,三
濬,三
浚,三
陖,三
埈,三
鵕,三
𢏤,三
𧸩,三
晙,三
殉,三
徇,三
侚,三
𢓈,三
儁,三
俊,三
餕,三
畯,三
駿,三
𪕞,三
寯,三
𤮪,三
舜,三
䑞,三
蕣,三
瞬,三
瞚,三
鬊,三
閠,三
潤,三
䏰,三
順,三
問,三
璺,三
紊,三
莬,三
運,三
暈,三
䩵,三
韗,三
鄆,三
䲰,三
韻,三
䚋,三
訓,三
爋,三
瀵,三
糞,三
𥽒,三
𡊅,三
拚,三
僨,三
奮,三
㱵,三
愠,三
攈,三
捃,三
𧱝,三
䝍,三
郡,三
秎,三
焮,三
𦜓,三
靳,三
㧆,三
劤,三
懚,三
檼,三
𤔌,三
㡥,三
願,三
𩕾,三
傆,三
愿,三
販,三
畈,三
劵,三
絭,三
勸,三
萬,三
蟃,三
𨞼,三
䝡,三
𦂔,三
贎,三
䡬,三
𩚳,三
閞,三
𥹇,三
㶗,三
𧉤,三
嬔,三
㽹,三
𨠒,三
𡗹,三
𣀔,三
㤆,三
𠠵,三
㪻,三
汳,三
建,三
旔,三
傿,三
㰽,三
𡙷,三
憲,三
𧾨,三
瀗,三
楥,三
楦,三
𩋢,三
健,三
𤬝,三
鬳,三
卛,三
慁,一
溷,一
圂,一
頓,一
扽,一
巽,一
𩕧,一
潠,一
𠹀,一
遜,一
愻,一
困,一
𣏔,一
涃,一
嫩,一
媆,一
抐,一
䭡,一
悶,一
鐏,一
𦪚,一
璭,一
㴫,一
𧬪,一
謴,一
鈍,一
𩔂,一
寸,一
坌,一
𣴞,一
諢,一
溣,一
𩯄,一
恨,一
艮,一
茛,一
䭓,一
扞,一
螒,一
垾,一
釬,一
悍,一
瀚,一
閈,一
𤿧,一
駻,一
雗,一
䏷,一
㢨,一
㲦,一
𩹼,一
炭,一
歎,一
湠,一
𣁗,一
㛶,一
按,一
案,一
洝,一
荌,一
䅁,一
旦,一
鴠,一
𢘇,一
㡺,一
憚,一
旰,一
榦,一
倝,一
幹,一
杆,一
𧹳,一
盰,一
𣵼,一
𢁗,一
岸,一
䮗,一
㷳,一
𡹼,一
𨲊,一
偘,一
漢,一
𤳉,一
𡅽,一
𤅩,一
䎯,一
爛,一
爤,一
𢒞,一
糷,一
鑭,一
𦍀,一
粲,一
㛑,一
燦,一
璨,一
薒,一
𪆶,一
𢿱,一
賛,一
讃,一
饡,一
灒,一
𡳋,一
㜺,一
攅,一
𣧻,一
囋,一
換,一
逭,一
𩁧,一
肒,一
䯘,一
漶,一
䀓,一
𤴯,一
惋,一
腕,一
𦞿,一
捥,一
祼,一
館,一
瓘,一
鑵,一
𤼐,一
灌,一
雚,一
鸛,一
樌,一
鏆,一
爟,一
遦,一
悺,一
竄,一
鑹,一
爨,一
殩,一
玩,一
貦,一
翫,一
妧,一
段,一
毈,一
椴,一
亂,一
𢿢,一
𤔔,一
鍛,一
腶,一
碫,一
瑖,一
彖,一
褖,一
湪,一
喚,一
嚾,一
煥,一
奐,一
𥈉,一
筭,一
蒜,一
笇,一
祘,一
幔,一
漫,一
𢿜,一
䝢,一
半,一
絆,一
靽,一
姅,一
𩢔,一
㪵,一
𠯘,一
判,一
泮,一
頖,一
沜,一
眫,一
冸,一
牉,一
叛,一
𡞟,一
畔,一
𪋐,一
諫,二
澗,二
鐧,二
鴈,二
鳫,二
雁,二
贋,二
偐,二
騴,二
䁙,二
鴳,二
鷃,二
䴮,二
娨,二
慢,二
嫚,二
㾺,二
贃,二
𩈬,二
患,二
𢠶,二
宦,二
豢,二
槵,二
繯,二
慣,二
丱,二
摜,二
串,二
涮,二
篡,二
薍,二
𧮺,二
襻,二
䴼,二
㬄,二
襇,二
間,二
𨣇,二
𧙧,二
莧,二
粯,二
瓣,二
辦,二
釆,二
𥌊,二
幻,二
綻,二
䋎,二
霰,四
䨘,四
㪇,四
𢊰,四
軐,四
𥰳,四
蒨,四
茜,四
輤,四
䛹,四
棈,四
𢂺,四
𧚫,四
䑶,四
篟,四
絢,四
夐,四
㧦,四
讂,四
袨,四
炫,四
衒,四
𧗳,四
䝮,四
𩑹,四
瓹,四
䣺,四
𦌾,四
懁,四
䡓,四
獧,四
㢾,四
電,四
殿,四
奠,四
澱,四
淀,四
甸,四
𪑩,四
壂,四
睼,四
練,四
浰,四
鍊,四
楝,四
㼑,四
鰊,四
萰,四
堜,四
湅,四
𣿊,四
㪝,四
𣞰,四
𤗛,四
見,四
鋻,四
㬗,四
㯠,四
現,四
硯,四
研,四
𨁍,四
鷰,四
醼,四
讌,四
嚥,四
㬫,四
溎,四
酀,四
𥉛,四
薦,四
𧲛,四
麫,四
麵,四
㴐,四
𡧍,四
𩈹,四
𥻩,四
片,四
䏒,四
㸤,四
荐,四
洊,四
𨷓,四
䬼,四
裫,四
噮,四
肙,四
唸,四
𠿍,四
𩎌,四
線,三
綫,三
戰,三
顫,三
繕,三
擅,三
膳,三
饍,三
䄠,三
𤮜,三
𦉕,三
彥,三
唁,三
諺,三
這,三
譴,三
䪈,三
絹,三
鄄,三
㯞,三
䚈,三
瑗,三
褑,三
面,三
釧,三
掾,三
縁,三
𢐄,三
䬇,三
𩥇,三
𧝑,三
箭,三
𥳭,三
葥,三
榗,三
傓,三
𧎥,三
𦶋,三
𥰢,三
眷,三
睠,三
桊,三
帣,三
飬,三
䖭,三
𥸭,三
倦,三
𣜨,三
襈,三
淃,三
戀,三
變,三
𥆊,三
卞,三
抃,三
弁,三
𡭪,三
汴,三
昪,三
匥,三
䒪,三
㺹,三
忭,三
縼,三
𢳄,三
䍻,三
𤂿,三
䠣,三
繏,三
渲,三
籑,三
𤩄,三
𠨎,三
賤,三
羡,三
騗,三
𢮛,三
叀,三
碾,三
囀,三
𤹨,三
𥛁,三
徧,四
遍,四
嘯,四
歗,四
熽,四
糶,四
粜,四
眺,四
覜,四
鋽,四
絩,四
弔,四
伄,四
瘹,四
釣,四
窵,四
𨑩,四
叫,四
訆,四
譥,四
激,四
噭,四
嘂,四
獥,四
鸄,四
𨎬,四
尿,四
㞙,四
藋,四
莜,四
𥁮,四
竅,四
𢵿,四
𩕐,四
𦌒,四
炓,四
獟,四
𠹑,四
窔,四
𥦒,四
𢿿,四
𥬇,三
㗛,三
肖,三
韒,三
照,三
炤,三
詔,三
𨹸,三
燿,三
摇,三
覞,三
𧡷,三
耀,三
曜,三
𧢢,三
矅,三
㞁,三
𣤦,三
筄,三
趭,三
艞,三
讑,三
約,三
召,三
邵,三
劭,三
𠣫,三
䬰,三
卲,三
嶠,三
㬓,三
䏇,三
勡,三
誚,三
妙,三
玅,三
陗,三
峭,三
㴥,三
俏,三
帩,三
𪑊,三
𤊽,三
療,三
𠿕,三
㢗,三
㚁,三
𧇠,三
𥛲,三
釂,三
皭,三
潐,三
爝,三
𥡤,三
䂃,三
廟,三
庿,三
驃,三
裱,三
俵,三
效,二
効,二
校,二
斅,二
俲,二
𣱓,二
敎,二
𢼂,二
窖,二
酵,二
覺,二
較,二
𡥈,二
珓,二
孝,二
𡦳,二
罩,二
䈇,二
䍜,二
鵫,二
豹,二
𧭤,二
𢖔,二
皃,二
䫉,二
貌,二
䡚,二
𢂹,二
𢅉,二
奅,二
抛,二
皰,二
礮,二
趠,二
踔,二
稍,二
潲,二
𣕇,二
𨛍,二
𦓴,二
棹,二
櫂,二
濯,二
㷹,二
淖,二
𠆴,二
閙,二
癄,二
靤,二
耖,二
仯,二
觘,二
𦨖,二
靿,二
袎,二
㑃,二
箹,二
𩳔,二
号,一
𤩭,一
㙱,一
𧬁,一
𡠖,一
導,一
纛,一
悼,一
蹈,一
盜,一
䆃,一
𠺛,一
䊭,一
到,一
𤓾,一
𧛔,一
誥,一
郜,一
告,一
𣝏,一
傲,一
鏊,一
奡,一
帽,一
耄,一
𦹾,一
𤣽,一
冒,一
𩿂,一
𢯾,一
覒,一
㲝,一
䋃,一
𣔺,一
僗,一
癆,一
𣟽,一
慥,一
糙,一
鄵,一
暴,一
虣,一
曝,一
瀑,一
菢,一
𤔣,一
報,一
𢲵,一
奥,一
𩟇,一
䜒,一
𩼈,一
喿,一
譟,一
噪,一
瘙,一
㿋,一
髞,一
𢤁,一
𩝝,一
犒,一
靠,一
竈,一
躁,一
趮,一
箇,一
个,一
個,一
賀,一
𧝂,一
袔,一
㵑,一
佐,一
𠡃,一
袏,一
邏,一
𧟌,一
㿚,一
餓,一
拖,一
㳀,一
𩟂,一
俰,一
挫,一
㪙,一
𡱼,一
㾧,一
唾,一
毤,一
𧝍,一
播,一
𢿥,一
譒,一
剉,一
莝,一
䃺,一
破,一
座,一
臥,一
𢯽,一
貨,一
䙃,一
𧱫,一
䇔,一
𢺑,一
䌴,一
𠏢,一
㛆,一
刴,一
挅,一
䐝,一
侉,一
涴,一
禡,二
榪,二
鬕,二
𧪨,二
傌,二
駕,二
稼,二
嫁,二
架,二
𢱈,二
價,二
𢉤,二
𦙺,二
亞,二
俹,二
𣇩,二
㰳,二
稏,二
𦜖,二
婭,二
䢝,二
覀,二
嚇,二
罅,二
唬,二
𧫒,二
㙤,二
迓,二
訝,二
犽,二
砑,二
詫,二
𧬮,二
吒,二
灹,二
䒲,二
𨶃,二
詐,二
咋,二
𨢧,二
榨,二
乍,二
䄍,二
齰,二
𧧻,二
謝,三
榭,三
㴬,三
髂,二
𩩱,二
疴,二
𧩶,二
𠳌,二
暇,二
褯,三
藉,三
躤,三
䤳,三
䣠,三
夜,三
射,三
鵺,三
䞣,三
斥,三
卸,三
䉣,三
柘,三
鷓,三
䗪,三
嗻,三
炙,三
蔗,三
唶,三
借,三
舎,三
赦,三
涻,三
厙,三
䠶,三
麝,三
霸,二
𧟶,二
弝,二
欛,二
靶,二
灞,二
垻,二
帊,二
怕,二
摦,二
㕦,二
鳠,二
化,二
𩲏,二
𩵏,二
杹,二
誜,二
𤝡,二
𩹏,二
𦫙,二
𥝧,二
䏧,二
𦔯,二
坬,二
䖳,二
攨,二
䠚,二
漾,三
恙,三
羕,三
㨾,三
䭐,三
㺊,三
亮,三
諒,三
掠,三
悢,三
𣄵,三
䁁,三
䀶,三
狀,三
讓,三
懹,三
餉,三
向,三
𤵼,三
珦,三
帳,三
脹,三
痮,三
悵,三
暢,三
鬯,三
韔,三
䩨,三
𧀄,三
畼,三
𥠴,三
𥇔,三
䦳,三
萫,三
𧬰,三
釀,三
𥽬,三
匠,三
䞪,三
𪀘,三
㢓,三
嶂,三
瘴,三
壯,三
弶,三
唱,三
𪛋,三
剏,三
醬,三
𨡰,三
𨟻,三
𨋕,三
訪,三
妄,三
忘,三
𧫢,三
況,三
况,三
𣍦,三
貺,三
誑,三
㤮,三
𠉫,三
臦,三
旺,三
𨾔,三
唴,三
𥇉,三
羻,三
誆,三
宕,一
逿,一
𦿆,一
𡇈,一
埌,一
䕞,一
蒗,一
𡵙,一
葬,一
徬,一
𨌄,一
譡,一
瓽,一
擋,一
闣,一
閌,一
犺,一
伉,一
𪎵,一
謗,一
𨫖,一
曠,一
矌,一
壙,一
纊,一
儾,一
㚂,一
𠷔,一
擴,一
䤑,一
暎,三
敬,三
竟,三
鏡,三
獍,三
競,三
𥪰,三
倞,三
曔,三
慶,三
命,三
病,三
𡊞,三
孟,二
柄,三
棅,三
鈵,三
寎,三
詠,三
咏,三
泳,三
醟,三
絎,二
㡧,二
𩏠,二
牚,二
𧻓,二
鋥,二
𥊼,二
䂻,二
貹,三
䛭,二
𥥈,二
諍,二
迸,二
䨻,二
䙬,二
鞕,二
硬,二
勁,三
凊,三
政,三
証,三
聖,三
鄭,三
㽀,三
遉,三
靗,三
性,三
姓,三
聘,三
娉,三
敻,三
摒,三
偋,三
庰,三
淨,三
靚,三
𩓞,三
墭,三
晟,三
詺,三
𣢝,三
𩈡,三
徑,四
逕,四
𠲮,四
𩰹,四
桱,四
寗,四
佞,四
踁,四
定,四
掟,四
錠,四
矴,四
飣,四
𦘭,四
顁,四
罄,四
𥥻,四
磬,四
掅,四
䒌,四
𢣙,四
瀅,四
證,三
孕,三
䵴,三
賸,三
媵,三
㑞,三
膡,三
𣎜,三
嵊,三
剰,三
芿,三
譍,三
噟,三
甑,三
䰝,三
𩱭,三
䙢,三
臖,三
嬹,三
蕂,三
榺,三
𪒘,三
𪑬,三
靐,三
秤,三
覴,三
嶝,一
鐙,一
隥,一
凳,一
𧀆,一
𩞬,一
磴,一
贈,一
𪒟,一
亘,一
堩,一
揯,一
䱎,一
𥔂,一
蹭,一
𠟂,一
鄧,一
蹬,一
𣩟,一
䮴,一
𢅴,一
䲛,一
𨮒,一
𧀧,一
𥦜,一
踜,一
𡬙,一
宥,三
又,三
佑,三
祐,三
酭,三
𩑣,三
𤴨,三
囿,三
姷,三
忧,三
䞥,三
侑,三
𦳩,三
救,三
廐,三
究,三
疚,三
𠣿,三
𧧷,三
𨖏,三
胄,三
冑,三
𩊄,三
酎,三
宙,三
籀,三
伷,三
䛆,三
駎,三
晝,三
狩,三
獸,三
臭,三
岫,三
𥥉,三
袖,三
牰,三
齅,三
嘼,三
珛,三
呪,三
祝,三
舊,三
柩,三
匶,三
𤸃,三
瘦,三
皺,三
㾭,三
甃,三
副,三
𩯅,三
𤸑,三
福,三
簉,三
䔏,三
遚,三
富,三
輻,三
鍑,三
䔰,三
畜,三
溜,三
霤,三
㙀,三
僇,三
廇,三
畂,三
𥛅,三
塯,三
㽌,三
秀,三
繡,三
宿,三
僦,三
䅢,三
媨,三
驟,三
僽,三
就,三
鷲,三
殧,三
㠇,三
糅,三
𩚖,三
復,三
𢕒,三
伏,三
椱,三
𨺅,三
複,三
狖,三
貁,三
鼬,三
𤍕,三
柚,三
褎,三
𪕏,三
授,三
㖟,三
售,三
𪖛,三
䞭,三
𠋫,一
鮜,一
逅,一
訽,一
堠,一
鱟,一
䞧,一
䞀,一
𣣠,一
𡨥,一
鷇,一
𡠆,一
簆,一
瞉,一
茂,一
貿,一
鄮,一
戊,一
愗,一
袤,一
懋,一
姆,一
苺,一
𦼪,一
𠔼,一
踣,一
㰴,一
豆,一
竇,一
酘,一
荳,一
脰,一
梪,一
餖,一
浢,一
䄈,一
毭,一
𩊪,一
𤀨,一
㛒,一
鬥,一
鬭,一
闘,一
䛠,一
𧱦,一
斣,一
䬦,一
鎒,一
耨,一
𣫌,一
譳,一
瘶,一
奏,一
咅,一
㰯,一
䟝,一
𧺢,一
𠹝,一
遘,一
構,一
媾,一
覯,一
姤,一
購,一
䝭,一
雊,一
彀,一
𤚼,一
㝤,一
搆,一
煹,一
䃓,一
𢄇,一
輳,一
腠,一
湊,一
𪉮,一
蔟,一
楱,一
𧱪,一
陋,一
漏,一
屚,一
𦸢,一
𧷡,一
𨫒,一
𣤋,一
𧫞,一
蔻,一
豞,一
䪷,一
佝,一
𩌏,一
䠫,一
幼,三
謬,三
𧾻,三
沁,三
𠖶,三
吣,三
䈜,三
𡫏,三
𥧲,三
妊,三
絍,三
衽,三
鴆,三
㼉,三
𦧈,三
䶖,三
𤘡,三
𦨽,三
紟,三
鈙,三
齽,三
㯲,三
賃,三
蔭,三
窨,三
𤸌,三
癊,三
滲,三
闖,三
𧡬,三
譖,三
讖,三
揕,三
㓄,三
𠐼,三
侺,三
𪔰,三
𢊖,三
勘,一
䘓,一
𧗀,一
𪉯,一
磡,一
紺,一
憾,一
琀,一
浛,一
暗,一
闇,一
僋,一
傝,一
䐺,一
憛,一
俕,一
閐,一
㤾,一
䫅,一
謲,一
㽩,一
𤁡,一
䀍,一
儑,一
馾,一
𩈉,一
𩾺,一
𤃨,一
𩞿,一
瞰,一
𣊟,一
𪉿,一
𨣨,一
㜮,一
賧,一
𪊇,一
𪉧,一
舕,一
𤎡,一
腅,一
暫,一
蹔,一
豔,三
艶,三
焰,三
𢴵,三
灩,三
贍,三
𢜰,三
窆,三
驗,三
𣄝,三
掞,三
壍,三
塹,三
嬱,三
殮,三
𧸘,三
䠨,三
韂,三
㙴,三
俺,三
㮇,四
念,四
𦁇,四
店,四
墊,四
㝪,四
埝,四
䃸,四
䆎,四
磹,四
㼭,四
趝,四
僭,四
傔,四
釅,三
脅,三
姭,三
𤬯,三
𦲯,三
陷,二
蘸,二
站,二
𣳤,二
𧸖,二
譧,二
𨼮,二
䪌,二
懺,二
摲,二
𤮭,二
覱,二
釤,二
㣌,二
㒈,二
湴,二
㽉,二
泛,三
䀀,三
𥁔,三
姂,三
劔,三
欠,三
㐸,三
𦑎,三
㛪,三
䛳,三
覎,三
屋,一
𡲃,一
𦤼,一
剭,一
𨜘,一
䑁,一
獨,一
黷,一
讟,一
髑,一
䫳,一
殰,一
讀,一
櫝,一
牘,一
㾄,一
贕,一
䢱,一
䮷,一
皾,一
𤟩,一
瓄,一
瀆,一
𨽍,一
豄,一
韇,一
嬻,一
犢,一
𪇆,一
匵,一
穀,一
糓,一
轂,一
榖,一
濲,一
𪇗,一
𣨍,一
𪕸,一
䜼,一
𧣡,一
䐨,一
𥆌,一
䀰,一
唂,一
縠,一
槲,一
斛,一
螜,一
𧂔,一
蔛,一
𣫈,一
𣹬,一
䶜,一
㽇,一
䈸,一
焀,一
哭,一
𪍠,一
䧊,一
䵈,一
㲄,一
𣫓,一
秃,一
𣬜,一
𢬳,一
鵚,一
𣫔,一
𡰪,一
𧞐,一
𢽴,一
剢,一
遬,一
𧫣,一
蔌,一
餗,一
𩱖,一
𨄞,一
樕,一
𣫎,一
𪋝,一
藗,一
殐,一
𡖯,一
禄,一
鹿,一
漉,一
睩,一
𨏔,一
轆,一
㼾,一
𦪇,一
琭,一
簏,一
箓,一
螰,一
䍡,一
麓,一
㯟,一
盝,一
𥂖,一
䮽,一
簶,一
𧌍,一
𥉶,一
摝,一
𥛞,一
𦌟,一
𥂇,一
𤽺,一
廘,一
彔,一
鏕,一
䎑,一
𨌠,一
𩅄,一
蔍,一
熇,一
𦞦,一
𧹲,一
㷤,一
嚛,一
族,一
鑿,一
瘯,一
䃚,一
簇,一
鏃,一
鎐,一
䗱,一
㲫,一
僕,一
䑑,一
𥐁,一
𡕡,一
穙,一
扑,一
醭,一
𥣜,一
𪔿,一
撲,一
𪐙,一
䴆,一
卜,一
濮,一
䧤,一
轐,一
𡡐,一
獛,一
蹼,一
纀,一
𩯏,一
鳪,一
木,一
沐,一
霂,一
𨍎,一
艒,一
楘,一
蚞,一
腹,三
幅,三
𠋩,三
葍,三
蝠,三
𥳇,三
鶝,三
踾,三
輹,三
偪,三
楅,三
𦿁,三
虙,三
服,三
𦨈,三
茯,三
馥,三
鵩,三
蕧,三
𨋩,三
澓,三
洑,三
箙,三
𩋟,三
𨌥,三
𪃃,三
𩢰,三
𥨍,三
复,三
畐,三
𩊙,三
𩎧,三
鰒,三
栿,三
縮,三
莤,三
𩘹,三
樎,三
謖,三
䎘,三
蹜,三
摍,三
𧐴,三
六,三
陸,三
戮,三
剹,三
稑,三
穋,三
鵱,三
𦾷,三
𩣱,三
鯥,三
𦸐,三
𧌉,三
淕,三
䡜,三
坴,三
𡴆,三
踛,三
𥚊,三
逐,三
軸,三
舳,三
鱁,三
𧏿,三
筑,三
蓫,三
䮱,三
菊,三
鞠,三
蘜,三
𧃓,三
㥌,三
𡙳,三
掬,三
匊,三
𥷤,三
𦶗,三
鞫,三
𡫬,三
𥩁,三
㹼,三
𪈓,三
鵴,三
𨸰,三
㘲,三
㽤,三
䱡,三
椈,三
巈,三
䳔,三
𩛺,三
諊,三
𩬜,三
踘,三
閰,三
𣐊,三
𧿻,三
泦,三
趜,三
麴,三
𥶶,三
𩍔,三
𠤄,三
熟,三
孰,三
淑,三
塾,三
𨷙,三
婌,三
䃞,三
俶,三
柷,三
琡,三
𣥹,三
埱,三
育,三
毓,三
鬻,三
粥,三
𩱱,三
䋭,三
𧷗,三
棛,三
錥,三
煜,三
焴,三
昱,三
蒮,三
淯,三
蜟,三
𢌻,三
堉,三
喅,三
𤳕,三
逳,三
𦱀,三
蘛,三
驧,三
𩣽,三
𪁁,三
毱,三
䗇,三
䜯,三
鼀,三
蹴,三
肉,三
衄,三
叔,三
儵,三
倐,三
虪,三
𨁀,三
鮛,三
掓,三
𢞣,三
尗,三
菽,三
㶖,三
蓄,三
稸,三
𤲸,三
㜅,三
鄐,三
荲,三
慉,三
竹,三
築,三
𥴁,三
茿,三
蹙,三
𧑙,三
㗤,三
噈,三
槭,三
𥷛,三
縬,三
𣢰,三
𦟠,三
顣,三
珿,三
矗,三
𨴖,三
𧯩,三
䎌,三
恧,三
𦗂,三
忸,三
䖡,三
䂇,三
𡎺,三
蝮,三
㙏,三
郁,三
戫,三
彧,三
薁,三
䉛,三
𨞓,三
𪑝,三
稶,三
㰲,三
𠸹,三
𨪎,三
肅,三
蓿,三
夙,三
𠉦,三
𠈇,三
玊,三
鷫,三
𪂸,三
驌,三
鱐,三
𤥔,三
䑿,三
㑉,三
璛,三
㪩,三
目,三
睦,三
穆,三
𦱒,三
牧,三
㙁,三
㣎,三
㾇,三
哊,三
滀,三
敊,三
傗,三
砡,三
沃,一
鋈,一
毒,一
𡹆,一
𦺇,一
蝳,一
𢃶,一
篤,一
督,一
𧝴,一
𧞶,一
錖,一
𤬂,一
𥓍,一
裻,一
酷,一
焅,一
𥞴,一
嚳,一
𡷥,一
鵠,一
隺,一
𤌍,一
頶,一
𨴬,一
瞨,一
鏷,一
洬,一
牿,一
䧼,一
臛,一
傉,一
傶,一
𣪻,一
錊,一
襮,一
𤛹,一
燭,三
屬,三
属,三
矚,三
䌵,三
囑,三
䟉,三
蠾,三
蠋,三
玉,三
獄,三
鳿,三
頊,三
旭,三
勗,三
𩔴,三
𩪉,三
輂,三
鋦,三
挶,三
𦥑,三
梮,三
䡞,三
㮂,三
䋰,三
𦅽,三
𧤑,三
局,三
跼,三
駶,三
侷,三
䎤,三
蜀,三
欘,三
䙱,三
襩,三
㻿,三
觸,三
臅,三
辱,三
蓐,三
鄏,三
縟,三
溽,三
㦺,三
媷,三
嗕,三
𪑾,三
𩱜,三
束,三
欲,三
浴,三
鵒,三
𩀑,三
鋊,三
輍,三
慾,三
躅,三
録,三
綠,三
醁,三
騄,三
菉,三
逯,三
䱚,三
籙,三
䟿,三
𧨹,三
㫽,三
曲,三
䒼,三
匤,三
瘃,三
𤷚,三
斸,三
钃,三
𢒔,三
哫,三
贖,三
𩌮,三
䴰,三
幞,三
促,三
誎,三
𤗁,三
𦠁,三
㹱,三
續,三
俗,三
藚,三
粟,三
𥻆,三
憟,三
𣯼,三
㔄,三
𥹵,三
㙇,三
豖,三
斠,二
桷,二
䡈,二
珏,二
榷,二
捔,二
搉,二
傕,二
嶽,二
岳,二
鸑,二
𩓥,二
捳,二
㹊,二
浞,二
丵,二
鋜,二
灂,二
鷟,二
篧,二
齺,二
𢋱,二
捉,二
穛,二
𥼚,二
穱,二
𧂒,二
朔,二
矟,二
槊,二
蒴,二
𦂗,二
㮶,二
𦋞,二
斲,二
涿,二
諑,二
㧻,二
琢,二
卓,二
桌,二
𥢔,二
斀,二
啅,二
𢁁,二
倬,二
晫,二
𢽚,二
剥,二
駮,二
駁,二
𩐟,二
𦢊,二
嚗,二
𥭖,二
髉,二
㿺,二
䑈,二
趵,二
邈,二
㦝,二
𢷕,二
瞐,二
雹,二
𩅟,二
𢷏,二
䮀,二
𩺽,二
䈏,二
瓝,二
㼎,二
謈,二
窇,二
𥭓,二
懪,二
㩧,二
璞,二
朴,二
㹒,二
圤,二
𤆝,二
𥛟,二
㺪,二
𧴤,二
㱿,二
毃,二
愨,二
確,二
碻,二
𤿩,二
嶨,二
塙,二
𣤇,二
𡴊,二
埆,二
𡇱,二
濁,二
擢,二
𧃔,二
𢺡,二
㺟,二
蠗,二
鸐,二
𩑂,二
𢢗,二
𩆸,二
㪬,二
渥,二
握,二
偓,二
幄,二
楃,二
喔,二
鷽,二
腛,二
齷,二
媉,二
𦯏,二
𠿟,二
搦,二
䚥,二
𧢺,二
𧣺,二
犖,二
䃕,二
𡁆,二
學,二
确,二
𥀣,二
㕰,二
𩌥,二
𦰾,二
瀥,二
䤕,二
娖,二
䃗,二
娕,二
擉,二
齪,二
晊,三
郅,三
桎,三
櫍,三
騭,三
劕,三
銍,三
䑇,三
鑕,三
𡂒,三
侄,三
日,三
馹,三
衵,三
㠴,三
實,三
秩,三
紩,三
帙,三
袠,三
翐,三
妷,三
豑,三
𣗻,三
𧽮,三
𡙮,三
悉,三
厀,三
膝,三
蟋,三
𧀬,三
𦸝,三
䊝,三
窸,三
一,三
弌,三
壹,三
七,三
漆,三
柒,三
䣛,三
𪄭,三
桼,三
𣛺,三
𦸓,三
㯃,三
匹,三
鷝,三
𠯔,三
䏘,三
吉,三
趌,三
郆,三
洁,三
𤿠,三
暱,三
昵,三
䵒,三
䵑,三
䘌,三
㥾,三
逸,三
佚,三
佾,三
溢,三
鎰,三
齸,三
劮,三
欥,三
詰,三
蛣,三
𩢴,三
欯,三
欪,三
恄,三
㣟,三
抶,三
栗,三
㮚,三
𣡷,三
慄,三
溧,三
𠞉,三
鷅,三
凓,三
篥,三
麜,三
𨍫,三
瑮,三
𦃊,三
塛,三
搮,三
䔁,三
㗚,三
㟳,三
挃,三
庢,三
秷,三
𦤻,三
㲳,三
𨖹,三
螲,三
𥎹,三
疾,三
𤕺,三
蒺,三
㑵,三
𧎿,三
揤,三
愱,三
槉,三
𠹋,三
𧪠,三
㓼,三
𠞩,三
䜉,三
失,三
室,三
𩋡,三
堲,三
㘍,三
唧,三
㲺,三
𢪍,三
𧉍,三
楖,三
蜜,三
𧖅,三
謐,三
䤉,三
榓,三
𥁑,三
宓,三
淧,三
𥋱,三
必,三
畢,三
篳,三
蓽,三
韠,三
㻫,三
䟆,三
蹕,三
滭,三
㪤,三
觱,三
珌,三
㓖,三
熚,三
𡠚,三
彃,三
㮿,三
縪,三
鮅,三
饆,三
鏎,三
𡻞,三
𥀕,三
𥛘,三
罼,三
姞,三
佶,三
鮚,三
䩛,三
佖,三
駜,三
怭,三
𨠔,三
䖩,三
𣢠,三
妼,三
䫻,三
𣅕,三
𦳯,三
㧒,三
蟀,三
𧍓,三
䢦,三
𧜠,三
咰,三
𠌭,三
𧗿,三
叱,三
𪗨,三
密,三
𡶇,三
蔤,三
滵,三
沕,三
樒,三
𥄃,三
𪅮,三
𥉴,三
弼,三
𢐀,三
㢸,三
𠡂,三
𢘍,三
胇,三
乙,三
鳦,三
耴,三
㔎,三
𡿪,三
圪,三
𦨇,三
𠡝,三
筆,三
潷,三
𢴩,三
㻶,三
𨅗,三
肸,三
獝,三
術,三
述,三
秫,三
术,三
沭,三
噊,三
驈,三
𧑐,三
橘,三
繘,三
𧽻,三
䤎,三
𦙮,三
𣎛,三
崒,三
踤,三
聿,三
鴪,三
燏,三
遹,三
鷸,三
𩙅,三
矞,三
霱,三
䢖,三
䋖,三
銉,三
𦒔,三
𥎐,三
䱣,三
㰵,三
卹,三
恤,三
戌,三
訹,三
珬,三
䳳,三
賉,三
𣸃,三
㖅,三
𧊥,三
銊,三
欰,三
𥚋,三
𨜿,三
律,三
寽,三
繂,三
膟,三
䔞,三
葎,三
𥭐,三
𠷈,三
黜,三
怵,三
𧺶,三
炪,三
䟣,三
㤕,三
𤝞,三
窋,三
絀,三
䂐,三
㑁,三
逫,三
𡢑,三
𦬸,三
炢,三
𠭴,三
𦦖,三
䎉,三
怴,三
䬂,三
𥄵,三
櫛,三
瀄,三
㘉,三
𥠈,三
擳,三
瑟,三
飋,三
蝨,三
璱,三
𦆄,三
物,三
勿,三
𣃦,三
芴,三
岉,三
弗,三
紱,三
黻,三
綍,三
紼,三
巿,三
𨚓,三
翇,三
柫,三
𡗻,三
冹,三
𩖼,三
笰,三
𤊸,三
甶,三
鬱,三
欝,三
灪,三
爩,三
𩚴,三
黦,三
𥘄,三
𩰪,三
𠀔,三
孒,三
𦁐,三
厥,三
屈,三
鶌,三
趉,三
䠇,三
詘,三
𧌑,三
倔,三
崛,三
𡲬,三
䘿,三
𡲗,三
掘,三
佛,三
坲,三
𡶒,三
咈,三
䞞,三
刜,三
𣀣,三
炥,三
𩘐,三
欻,三
𦱧,三
㗵,三
烼,三
𢯮,三
䁌,三
𢔥,三
拂,三
𢂀,三
祓,三
乀,三
䭮,三
彿,三
𧿳,三
迄,三
仡,三
釳,三
忔,三
䒗,三
䛥,三
汔,三
訖,三
吃,三
䰴,三
疙,三
屹,三
𧆫,三
䞘,三
𢇓,三
乞,三
月,三
跀,三
𧿁,三
抈,三
鈅,三
玥,三
𦘹,三
伐,三
栰,三
罰,三
閥,三
垡,三
瞂,三
藅,三
䣹,三
𨒋,三
粤,三
戉,三
鉞,三
䋐,三
樾,三
蚏,三
曰,三
𥩡,三
𡛟,三
𣐋,三
𧊎,三
氒,三
𨇮,三
𧽸,三
𧼞,三
瘚,三
劂,三
蕨,三
蟨,三
蟩,三
橜,三
𥕲,三
𠢤,三
欮,三
撅,三
𠄌,三
𡡕,三
𧤼,三
鷢,三
蹷,三
憠,三
𨬐,三
䞷,三
𣖬,三
𩪜,三
亅,三
闕,三
㵐,三
髮,三
𩠖,三
𩑛,三
發,三
韤,三
韈,三
襪,三
𥄎,三
䟠,三
狘,三
䎀,三
㞽,三
謁,三
歇,三
蠍,三
𤢔,三
𦪬,三
𧼨,三
羯,三
𢶆,三
鍻,三
𢷒,三
竭,三
碣,三
钀,三
没,一
殁,一
𤣻,一
𩑦,一
𠬛,一
莈,一
𣅝,一
骨,一
縎,一
䮩,一
啒,一
淈,一
汩,一
愲,一
蓇,一
尳,一
㾶,一
榾,一
䓛,一
㒴,一
勃,一
渤,一
𩱚,一
餑,一
𡋯,一
馞,一
郣,一
浡,一
𣭷,一
𢠜,一
㪍,一
㶿,一
桲,一
挬,一
脖,一
𦸦,一
鵓,一
咄,一
柮,一
𩢎,一
𩨳,一
宊,一
棁,一
𠫓,一
𡿮,一
䠈,一
突,一
揬,一
腯,一
鼵,一
葖,一
鶟,一
堗,一
𦩤,一
鈯,一
𦔅,一
𣔻,一
鍎,一
腽,一
榅,一
淴,一
忽,一
㾁,一
匫,一
寣,一
笏,一
䩐,一
曶,一
𣓗,一
㦌,一
𦁕,一
𢑢,一
惚,一
𤶘,一
兀,一
杌,一
屼,一
矹,一
䦍,一
鼿,一
𦨉,一
䑢,一
𠨜,一
㽾,一
𤴰,一
𧈭,一
𦬂,一
䪬,一
昢,一
哱,一
㛘,一
硉,一
𨁸,一
𥓎,一
㪐,一
窟,一
矻,一
㧾,一
圣,一
㩿,一
𡑣,一
𡼿,一
𥌄,一
訥,一
𣧍,一
窣,一
𪌯,一
𪍛,一
㲞,一
𪖶,一
𪅄,一
㞕,一
猝,一
𢪃,一
𥾛,一
椊,一
䚝,一
崪,一
𩩠,一
麧,一
𥝖,一
搰,一
𣝗,一
𦗣,一
抇,一
𡰅,一
稡,一
曷,一
褐,一
毼,一
鶡,一
蝎,一
䫘,一
𩩲,一
㮫,一
𠿒,一
㿣,一
𩡔,一
怛,一
𢛁,一
妲,一
呾,一
炟,一
䵣,一
𦬹,一
闥,一
㒓,一
撻,一
躂,一
澾,一
𣥂,一
羍,一
𦍒,一
達,一
遏,一
齃,一
頞,一
堨,一
胺,一
咹,一
𠥜,一
剌,一
揧,一
辢,一
瘌,一
攋,一
𢈠,一
𢃴,一
䶛,一
㻝,一
𥈙,一
楋,一
蝲,一
㵣,一
𤸎,一
嵑,一
薘,一
囐,一
㩵,一
枿,一
𣡌,一
𣎴,一
𠱥,一
𠲗,一
歺,一
葛,一
䈓,一
割,一
𩢛,一
輵,一
𨞛,一
𥢸,一
㵧,一
躠,一
薩,一
𥻦,一
攃,一
𦼧,一
𨐖,一
䌨,一
礤,一
捺,一
䖧,一
末,一
昩,一
𩑷,一
䴲,一
𨣱,一
䬴,一
秣,一
𥬎,一
靺,一
𥽘,一
䱅,一
眜,一
抹,一
妺,一
𠇱,一
𢗿,一
𡊉,一
𩿣,一
沫,一
𦫕,一
袜,一
撥,一
癶,一
茇,一
鉢,一
盋,一
䳊,一
鱍,一
䢌,一
𩯌,一
襏,一
𦪑,一
驋,一
拶,一
㳨,一
𨀨,一
括,一
活,一
𣽅,一
髺,一
聒,一
䒷,一
𦸈,一
萿,一
适,一
佸,一
葀,一
䯏,一
懖,一
𦗾,一
筈,一
闊,一
蛞,一
䟯,一
𤫵,一
秳,一
奪,一
𡙜,一
敚,一
脫,一
挩,一
莌,一
痥,一
鮵,一
豁,一
𧯆,一
奯,一
𤃴,一
眓,一
斡,一
焥,一
䩊,一
捾,一
𥄗,一
繓,一
撮,一
攥,一
鏺,一
𢯸,一
𨂩,一
㧊,一
䣪,一
𨡩,一
𣸍,一
𧘟,一
𦫔,一
䍨,一
𠷑,一
侻,一
捋,一
𠜖,一
裰,一
跋,一
𧺡,一
𧺺,一
魃,一
𢇷,一
䣮,一
馛,一
炦,一
癹,一
妭,一
犮,一
胈,一
鈸,一
䮂,一
𩃶,一
䯋,一
黠,二
𩪲,二
札,二
㱜,二
蚻,二
紮,二
𩿤,二
扎,二
𥎱,二
𤫶,二
擖,二
劼,二
𩮁,二
𠛉,二
㓤,二
硈,二
𦸉,二
䂒,二
𢼣,二
猾,二
䱻,二
磆,二
螖,二
䴳,二
𧽌,二
八,二
𩡩,二
朳,二
捌,二
㺴,二
䤢,二
哵,二
玐,二
釟,二
窡,二
𠿡,二
穵,二
嗗,二
豽,二
貀,二
𪙻,二
䕓,二
察,二
𣘤,二
𩴳,二
劀,二
𠟽,二
戛,二
扴,二
圿,二
鴶,二
秸,二
鞂,二
忦,二
嘎,二
𠜵,二
㮖,二
磍,二
軋,二
圠,二
揠,二
嫼,二
䝟,二
䰲,二
窫,二
煞,二
𣻑,二
榝,二
㑻,二
䯦,二
𪒜,二
睰,二
礣,二
傄,二
䀨,二
痆,二
𧞍,二
𦤙,二
𦘍,二
𪗔,二
𥐙,二
𨋐,二
鎋,二
舝,二
𪗾,二
鶷,二
𧕱,二
𤪍,二
𦵯,二
縖,二
𩝛,二
𥰶,二
𠢆,二
𢮟,二
𪆰,二
䦪,二
𡇼,二
劜,二
聐,二
𩮝,二
刹,二
䓭,二
𥴭,二
趏,二
瞎,二
𩮂,二
㔠,二
刮,二
𤁪,二
𦧠,二
敌,二
䫄,二
𤁫,二
䎳,二
䚴,二
𥗥,二
帓,二
帕,二
𤬷,二
袦,二
𪈟,二
𨰉,二
耫,二
㳐,二
哳,二
𢧖,二
𧶇,二
𩭿,二
屑,四
揳,四
𨇨,四
榍,四
糏,四
偰,四
㴽,四
𦵱,四
𦞚,四
㨝,四
㗫,四
𪙇,四
竊,四
沏,四
䟙,四
結,四
絜,四
潔,四
䥛,四
鍥,四
桔,四
𣚃,四
𧾯,四
魝,四
𡔣,四
𧍩,四
節,四
𢎛,四
癤,四
楶,四
㸅,四
𡴺,四
䲙,四
幯,四
𠬨,四
𧞩,四
血,四
𥅧,四
䆷,四
䆝,四
䦑,四
泬,四
疦,四
瞲,四
決,四
䛎,四
䒸,四
坹,四
闋,四
𨴒,四
玦,四
䀗,四
譎,四
訣,四
𧤾,四
觼,四
鐍,四
𦯊,四
芵,四
赽,四
鴂,四
鈌,四
𣬎,四
㭈,四
趹,四
憰,四
𧝃,四
䏐,四
抉,四
穴,四
䋉,四
䆕,四
𥈾,四
䆢,四
昳,四
胅,四
垤,四
耋,四
迭,四
跌,四
絰,四
驖,四
嵽,四
𨳺,四
瓞,四
戜,四
苵,四
镻,四
𢲼,四
恎,四
詄,四
𪀒,四
𠽧,四
𡼄,四
𥑇,四
趃,四
㦅,四
鐵,四
僣,四
餮,四
飻,四
蛈,四
𢶋,四
纈,四
擷,四
𢴲,四
頁,四
襭,四
𥊯,四
𧀺,四
𪕯,四
翓,四
奊,四
籺,四
𨵪,四
𥢹,四
涅,四
捏,四
𦵐,四
𡍤,四
圼,四
篞,四
𥔄,四
𤶚,四
㖏,四
𦛠,四
菍,四
𢧵,四
岊,四
蠞,四
䕙,四
𩟦,四
齧,四
嵲,四
槷,四
臬,四
臲,四
隉,四
𡶫,四
蔑,四
懱,四
𧂝,四
蠛,四
篾,四
幭,四
鱴,四
𥾝,四
衊,四
䩏,四
𤊾,四
𪇴,四
𥣫,四
鴓,四
𥸴,四
𥌨,四
㢼,四
䋢,四
𩋇,四
𡘴,四
䌘,四
䘷,四
㔡,四
噎,四
䊦,四
蠮,四
𤝱,四
挈,四
㼤,四
蛪,四
𡘐,四
䩤,四
褉,四
䙽,四
撆,四
𢠳,四
䭱,四
嫳,四
鐅,四
暼,四
蹩,四
𩓝,四
䏟,四
蛂,四
𢛎,四
襒,四
𥉺,四
𨴗,四
𡇓,四
𥸸,四
𥃎,四
薛,三
紲,三
緤,三
褻,三
辥,三
禼,三
𥝁,三
媟,三
齛,三
𣽒,三
𣊓,三
絬,三
疶,三
迾,三
蛚,三
烈,三
冽,三
裂,三
茢,三
颲,三
鴷,三
㤠,三
挒,三
𩢾,三
𡊻,三
姴,三
哲,三
悊,三
喆,三
嚞,三
蜇,三
傑,三
桀,三
榤,三
嵥,三
滐,三
櫭,三
杰,三
搩,三
熱,三
晣,三
浙,三
𩍕,三
䏳,三
䀿,三
蛥,三
孼,三
糱,三
𤅊,三
蠥,三
㜸,三
𡴎,三
滅,三
搣,三
朅,三
藒,三
𡐤,三
鼈,三
虌,三
𡐞,三
憋,三
䳤,三
絕,三
㔢,三
𨼎,三
雪,三
䨮,三
𤿫,三
悅,三
閱,三
𧀲,三
蒛,三
爇,三
焫,三
㨎,三
拙,三
梲,三
䫎,三
䪼,三
𨢬,三
䖦,三
歠,三
惙,三
罬,三
䟾,三
𩋁,三
叕,三
𧖀,三
劣,三
𢚃,三
埒,三
䟹,三
鋝,三
浖,三
哷,三
𦓤,三
别,三
𡷘,三
轍,三
徹,三
撤,三
澈,三
㯙,三
䇷,三
𧧸,三
莂,三
㕞,三
𠴪,三
孑,三
𨥂,三
設,三
蔎,三
呐,三
𩖶,三
𣧡,三
烕,三
𦐋,三
吷,三
𧣸,三
䞵,三
𥕹,三
蠽,三
𧓷,三
𪇲,三
尐,三
𣧖,三
𠯙,三
𠵭,三
屮,三
䒆,三
焎,三
㿱,三
𧋍,三
𨵊,三
藥,三
躍,三
礿,三
禴,三
蘥,三
鑰,三
𩱲,三
瀹,三
𤅢,三
𤄶,三
爚,三
龠,三
䋤,三
𠩃,三
籥,三
𢅹,三
𥌺,三
𧕋,三
纅,三
鸙,三
㜰,三
𤒀,三
䟑,三
㿑,三
𨷲,三
䠯,三
𨈋,三
䖃,三
略,三
䌎,三
㗉,三
䂮,三
𧎾,三
䛚,三
腳,三
脚,三
卻,三
屩,三
灼,三
斫,三
彴,三
勺,三
酌,三
焯,三
妁,三
謶,三
𥯩,三
犳,三
𧘑,三
禚,三
爍,三
鑠,三
獡,三
䁻,三
弱,三
鄀,三
箬,三
蒻,三
楉,三
䐞,三
叒,三
𨀝,三
綽,三
繛,三
婥,三
却,三
𤷽,三
虐,三
瘧,三
仢,三
㲋,三
𤟭,三
辵,三
削,三
爵,三
𩰥,三
雀,三
㩱,三
嚼,三
鵲,三
舄,三
趞,三
碏,三
皵,三
踖,三
䇎,三
噱,三
𠊬,三
𠶸,三
臄,三
䐘,三
𡤬,三
䂄,三
矆,三
彏,三
戄,三
籰,三
𧤽,三
𧅚,三
𥸘,三
䢲,三
玃,三
貜,三
𧾵,三
钁,三
攫,三
矍,三
𡚠,三
躩,三
𪈴,三
𨏹,三
𥖛,三
櫡,三
鐯,三
𣃈,三
擆,三
𢖦,三
䣤,三
逽,三
𨵫,三
𩅿,三
謔,三
鐸,一
剫,一
𢜬,一
踱,一
凙,一
𧩧,一
𩍜,一
䐾,一
㤞,一
喥,一
仛,一
𨍏,一
莫,一
幕,一
鄚,一
鏌,一
漠,一
瘼,一
寞,一
瞙,一
塻,一
𣩎,一
𢊗,一
𡈗,一
𠢓,一
落,一
絡,一
烙,一
洛,一
珞,一
酪,一
𩂣,一
笿,一
硌,一
駱,一
𤽼,一
𩊚,一
㓢,一
𩧐,一
鮥,一
䶅,一
雒,一
𣛗,一
𧭥,一
𣧳,一
𤽥,一
𪇱,一
袼,一
𨏒,一
託,一
袥,一
橐,一
魠,一
籜,一
𣔳,一
𣟄,一
𨂫,一
蘀,一
𦚈,一
侂,一
飥,一
沰,一
柞,一
糳,一
㘀,一
逪,一
剒,一
莡,一
各,一
閣,一
胳,一
恪,一
㤩,一
愙,一
咢,一
愕,一
鄂,一
諤,一
𠟎,一
𧊜,一
𧍞,一
遌,一
萼,一
鍔,一
𡅡,一
崿,一
鶚,一
鰐,一
噩,一
㗁,一
齶,一
顎,一
𡾙,一
鑩,一
偔,一
堮,一
𡓐,一
㮙,一
湂,一
𩔈,一
奤,一
䨰,一
粕,一
膊,一
𦢸,一
䪙,一
胉,一
蒪,一
𥴮,一
𦿍,一
𦥭,一
𦐦,一
𢙣,一
堊,一
蝁,一
泊,一
亳,一
箔,一
薄,一
礴,一
𩍿,一
鑮,一
踄,一
𩽛,一
䭦,一
壑,一
㕡,一
矐,一
𢱢,一
𩌈,一
𦵫,一
㮦,一
涸,一
鶴,一
貈,一
狢,一
𠗂,一
佫,一
䅂,一
昨,一
酢,一
莋,一
怍,一
𣫞,一
筰,一
㸲,一
䎰,一
𦁎,一
𢂃,一
鈼,一
砟,一
博,一
髆,一
鎛,一
㗘,一
𪙍,一
簙,一
䗚,一
猼,一
䍸,一
䶈,一
餺,一
䙏,一
諾,一
霍,一
霩,一
䁨,一
藿,一
彉,一
彍,一
攉,一
瀖,一
劐,一
癨,一
郭,一
𩫏,一
𨟍,一
崞,一
椁,一
槨,一
𦘅,一
雘,一
蠖,一
𩟓,一
鸌,一
穫,一
鑊,一
㦜,一
𤐰,一
䨥,一
𤻙,一
𢋒,一
廓,一
鞹,一
籗,一
瓁,一
硦,一
陌,二
帞,二
袹,二
𡠜,二
㱳,二
貘,二
蛨,二
貊,二
佰,二
驀,二
㹮,二
𩢷,二
洦,二
𢫦,二
𧻙,二
銆,二
磔,二
虴,二
舴,二
𤜤,二
𥧮,二
杔,二
白,二
帛,二
舶,二
鮊,二
𦰬,二
伯,二
迫,二
敀,二
百,二
柏,二
湐,二
𦯉,二
㼟,二
劇,三
屐,三
𨍺,三
𤭏,三
𢜭,三
㘌,三
戟,三
撠,三
𦺩,三
𤜾,三
谻,三
丮,三
𩯋,三
䞽,三
𥻨,三
䜺,三
嚄,二
𡄴,二
嘖,二
窄,二
蚱,二
齚,二
泎,二
隙,三
郤,三
綌,三
𧯈,三
𡭴,三
額,二
頟,二
䱮,二
峉,二
詻,二
䩹,二
逆,三
屰,三
縌,三
㘙,三
𥿬,三
𠱘,三
客,二
喀,二
礊,二
揢,二
𩚬,二
𡍩,二
𧼳,二
㿭,二
𤖴,二
𩎚,二
拍,二
珀,二
𤖼,二
赫,二
爀,二
𢅰,二
𥋿,二
垎,二
䞦,二
楁,二
𨍇,二
𢓜,二
茖,二
骼,二
觡,二
𩹺,二
㦴,二
蛒,二
𪌣,二
𢼛,二
𩹿,二
謋,二
諕,二
𦒧,二
湱,二
硅,二
𢝇,二
宅,二
㡯,二
擇,二
澤,二
𪀥,二
䕪,二
鸅,二
𩏪,二
蠌,二
𤂥,二
虢,二
㶁,二
𧭣,二
㠛,三
𣝍,三
麥,二
𧖴,二
脈,二
脉,二
衇,二
霢,二
眽,二
𧡒,二
獲,二
嫿,二
劃,二
㗲,二
咟,二
蟈,二
馘,二
聝,二
膕,二
𩪐,二
摑,二
漍,二
𢹖,二
䂸,二
嘓,二
䬎,二
𧖻,二
檗,二
擘,二
𤖟,二
糪,二
䌟,二
𦌠,二
賾,二
㣱,二
矠,二
責,二
𩔳,二
簀,二
幘,二
謮,二
𦟜,二
䞰,二
策,二
冊,二
笧,二
䶦,二
𣆩,二
憡,二
皟,二
㥽,二
𧶷,二
拺,二
𩱝,二
䙐,二
緙,二
諽,二
剨,二
𦑌,二
㦎,二
捇,二
掝,二
㖪,二
䐸,二
焃,二
㩇,二
𢄶,二
𨐶,二
𥊮,二
䦝,二
𤁹,二
䬉,二
𠜻,二
䃒,二
翮,二
㮝,二
核,二
𤈧,二
滆,二
隔,二
膈,二
搹,二
槅,二
革,二
𥴩,二
𢡍,二
䪂,二
𧈑,二
䨣,二
𥉅,二
𦑜,二
嗝,二
謫,二
讁,二
𤟍,二
𡇠,二
䊞,二
厇,二
戹,二
厄,二
搤,二
㧖,二
軶,二
豟,二
呝,二
貖,二
蚅,二
𧠞,二
栜,二
𣽤,二
㾊,二
䨛,二
擌,二
𢶉,二
㣂,二
𥖪,二
𢷾,二
𧾛,二
䭆,二
昔,三
𦠡,三
腊,三
惜,三
潟,三
磶,三
𩍆,三
蕮,三
鬄,三
𩾼,三
焟,三
棤,三
脊,三
蹐,三
迹,三
跡,三
𪃹,三
𩺀,三
鯽,三
蹟,三
襀,三
庴,三
益,三
嗌,三
𨜶,三
膉,三
𦶩,三
繹,三
睪,三
亦,三
弈,三
奕,三
帟,三
譯,三
懌,三
驛,三
嶧,三
醳,三
腋,三
掖,三
䘸,三
液,三
痬,三
蜴,三
埸,三
圛,三
墿,三
焲,三
𥜃,三
㴒,三
燡,三
𦔥,三
𡱿,三
㘁,三
𤑹,三
𠓋,三
釋,三
𥼶,三
奭,三
睗,三
晹,三
𡣪,三
螫,三
冟,三
䁺,三
襫,三
尺,三
赤,三
烾,三
蚇,三
㡿,三
𠧚,三
𠧵,三
石,三
碩,三
祏,三
鉐,三
䄷,三
鼫,三
䲽,三
隻,三
墌,三
摭,三
蹠,三
跖,三
𩀝,三
䞠,三
𠪮,三
擲,三
擿,三
躑,三
𧓸,三
磧,三
𧻕,三
洓,三
𧙞,三
席,三
夕,三
穸,三
汐,三
𨛳,三
蓆,三
籍,三
𨆮,三
耤,三
塉,三
瘠,三
猎,三
膌,三
䣢,三
擗,三
躃,三
闢,三
辟,三
𩪧,三
𣮐,三
役,三
疫,三
𩷍,三
垼,三
炈,三
𪁛,三
鈠,三
𩂹,三
豛,三
𧈻,三
璧,三
鐴,三
躄,三
𣦢,三
襞,三
𨐨,三
碧,三
彳,三
𦳮,三
𢔠,三
錫,四
析,四
㭊,四
裼,四
皙,四
緆,四
𪎥,四
蜥,四
淅,四
惁,四
𧋐,四
㱤,四
擊,四
墼,四
𦼷,四
𡫀,四
霹,四
劈,四
澼,四
憵,四
䤨,四
靂,四
䟐,四
癧,四
鎘,四
䥶,四
礫,四
瓅,四
秝,四
櫪,四
䍽,四
𩽏,四
歷,四
曆,四
藶,四
瀝,四
磿,四
㽁,四
皪,四
𥌮,四
䍥,四
𪙽,四
𤪢,四
厤,四
攊,四
䮥,四
𧙉,四
䤙,四
𡳸,四
𦠓,四
𨢌,四
㔏,四
𪅼,四
𥽗,四
蝷,四
的,四
甋,四
靮,四
鏑,四
馰,四
滴,四
玓,四
樀,四
𦉹,四
𥕐,四
𥐝,四
𣂉,四
啇,四
魡,四
檄,四
覡,四
薂,四
椺,四
鷁,四
鶂,四
艗,四
𠩫,四
荻,四
狄,四
敵,四
籊,四
迪,四
覿,四
𧠫,四
笛,四
糴,四
籴,四
滌,四
蔋,四
𩷎,四
梑,四
䊮,四
䢮,四
㹍,四
㣙,四
逖,四
逷,四
倜,四
趯,四
䢰,四
剔,四
𠜓,四
惕,四
踢,四
䚐,四
𤈥,四
蓨,四
悐,四
𢞒,四
𥊕,四
績,四
勣,四
樍,四
𪄸,四
𢶡,四
𣪠,四
喫,四
𠿊,四
𥍰,四
惄,四
𧗂,四
愵,四
寂,四
𡧘,四
𡧯,四
覓,四
幎,四
幦,四
𧜀,四
䮭,四
糸,四
鼏,四
羃,四
漞,四
冂,四
䖑,四
𧱻,四
䌐,四
𪒄,四
䈿,四
濗,四
𧐎,四
塓,四
甓,四
鷿,四
壁,四
鼊,四
𧲜,四
闃,四
䠐,四
郹,四
狊,四
鶪,四
湨,四
鼳,四
犑,四
𠋬,四
戚,四
慼,四
𧒕,四
鼜,四
鏚,四
𪒑,四
𧠪,四
慽,四
𧐶,四
𦸗,四
磩,四
赥,四
䦧,四
𥍠,四
𤄎,四
𧨃,四
䈪,四
㤸,四
𣣉,四
㦦,四
𥍟,四
殈,四
𣤩,四
𥛚,四
職,三
軄,三
戠,三
𥋏,三
蟙,三
𧄕,三
䐈,三
直,三
犆,三
𡸜,三
力,三
屴,三
鳨,三
𠢠,三
𣲒,三
𡯄,三
𧲡,三
敕,三
勅,三
飭,三
淔,三
趩,三
栻,三
侙,三
𪀦,三
鷘,三
恜,三
慗,三
遫,三
㽚,三
陟,三
稙,三
蝕,三
息,三
㮩,三
鄎,三
瘜,三
蒠,三
熄,三
𦞜,三
䭒,三
㴧,三
𥰝,三
𪄛,三
寔,三
湜,三
殖,三
𢨀,三
遈,三
式,三
拭,三
𢂑,三
軾,三
飾,三
𥿮,三
鉽,三
烒,三
𧄹,三
赩,三
䀌,三
䵱,三
𥈜,三
𢤋,三
崱,三
𡸦,三
溭,三
萴,三
極,三
匿,三
𧈟,三
𧏾,三
𩺱,三
測,三
惻,三
畟,三
𦔎,三
𡍫,三
䔴,三
憶,三
億,三
臆,三
肊,三
𠶷,三
澺,三
薏,三
𦺳,三
䗷,三
𩍖,三
檍,三
𣚍,三
抑,三
𡊁,三
癔,三
色,三
㱇,三
嗇,三
𩍙,三
穡,三
轖,三
繬,三
濇,三
䉢,三
𧒗,三
懎,三
𩕡,三
𠢳,三
䩯,三
殛,三
㥛,三
襋,三
棘,三
㻷,三
蕀,三
𧩦,三
弋,三
翊,三
翌,三
黓,三
翼,三
𩙺,三
𦏵,三
䴬,三
隿,三
𧃟,三
㚤,三
杙,三
芅,三
㔴,三
𧾰,三
𨙒,三
𥡪,三
蛡,三
𢦭,三
𢖺,三
瀷,三
𢎀,三
𠥦,三
熼,三
釴,三
𤼌,三
𧑌,三
𦔜,三
䄩,三
𢓀,三
䘝,三
䣧,三
即,三
卽,三
稷,三
㮨,三
㹄,三
𨂢,三
𤠎,三
䐚,三
逼,三
皕,三
䮠,三
湢,三
㘠,三
域,三
罭,三
棫,三
㚜,三
𪂉,三
𦈸,三
琙,三
緎,三
䮙,三
魊,三
淢,三
𦱂,三
洫,三
䦗,三
閾,三
𨵨,三
𦑍,三
𠷾,三
𧹭,三
堛,三
愊,三
𤗚,三
𩜰,三
揊,三
稫,三
䦼,三
𢾇,三
㽬,三
疈,三
稄,三
𥟔,三
𣅔,三
𢯩,三
仄,三
𣅦,三
㳁,三
側,三
𠨮,三
愎,三
腷,三
𤐧,三
𥻅,三
𡮞,三
𣮊,三
𢕚,三
𦔫,三
德,一
惪,一
㥁,一
得,一
淂,一
𨁽,一
𣌏,一
𠮊,一
則,一
𠟻,一
𠟭,一
勒,一
肋,一
扐,一
艻,一
𤨕,一
玏,一
泐,一
㔹,一
阞,一
竻,一
忒,一
㧹,一
慝,一
貣,一
𥊸,一
㥂,一
刻,一
克,一
剋,一
勀,一
𡞢,一
特,一
𧈩,一
𧎢,一
𤙰,一
鴏,一
黑,一
潶,一
㱄,一
墨,一
默,一
䘃,一
纆,一
𢄏,一
𡣫,一
䁿,一
𤲰,一
賊,一
𧵪,一
鱡,一
鰂,一
蠈,一
𦽒,一
𡫼,一
㥶,一
𢥛,一
北,一
𧉥,一
蔔,一
僰,一
𠣵,一
垘,一
䵗,一
𧟱,一
𢫯,一
或,一
惑,一
䰥,一
𡿿,一
國,一
餩,一
䘅,一
䎪,一
裓,一
𢧧,一
墄,一
𧕡,一
𠣾,一
𢃤,一
𥇙,一
緝,三
葺,三
諿,三
𧚨,三
𪔪,三
咠,三
十,三
什,三
拾,三
執,三
汁,三
瓡,三
習,三
襲,三
隰,三
鰼,三
騽,三
飁,三
槢,三
𪄶,三
𦸚,三
䒁,三
霫,三
集,三
輯,三
檝,三
亼,三
𠦫,三
𦺴,三
鏶,三
箿,三
入,三
廿,三
揖,三
挹,三
溼,三
䏉,三
㗱,三
潗,三
䌖,三
湒,三
蓻,三
䁒,三
𥠋,三
㠍,三
及,三
𨕤,三
𦶍,三
苙,三
䲯,三
㧀,三
蟄,三
䐲,三
俋,三
㙷,三
㞏,三
縶,三
𩢏,三
𡂣,三
立,三
粒,三
笠,三
鴗,三
岦,三
砬,三
急,三
汲,三
給,三
伋,三
級,三
芨,三
𦳌,三
彶,三
𩾳,三
岌,三
㱞,三
泣,三
㬤,三
湆,三
卌,三
𧿅,三
㗩,三
歰,三
澀,三
澁,三
雭,三
㒊,三
吸,三
噏,三
歙,三
翕,三
𧬈,三
潝,三
熻,三
嬆,三
翖,三
𨝫,三
闟,三
𪅲,三
戢,三
𥊬,三
𧤏,三
𧥄,三
㗊,三
蕺,三
濈,三
𠿠,三
霵,三
邑,三
悒,三
裛,三
䓃,三
䭂,三
𦶂,三
湁,三
雴,三
漐,三
曄,三
熠,三
㵫,三
𣲷,三
𦮾,三
鵖,三
𡍪,三
合,一
郃,一
榙,一
䢔,一
詥,一
耠,一
𡇶,一
𪘁,一
𦳬,一
盒,一
閤,一
鴿,一
㪉,一
鉿,一
鮯,一
蛤,一
匌,一
佮,一
𣭝,一
㠷,一
答,一
畣,一
𨅞,一
撘,一
荅,一
褡,一
㜓,一
㾑,一
嗒,一
𤝰,一
㿯,一
㯚,一
趿,一
颯,一
靸,一
馺,一
𠦄,一
㚫,一
𣬬,一
沓,一
誻,一
遝,一
㧺,一
㭼,一
涾,一
𩣯,一
龖,一
𠉤,一
𣝋,一
蹹,一
䂿,一
䜚,一
𦂀,一
𦾽,一
𧌏,一
眔,一
錔,一
嚃,一
䓠,一
㛥,一
踏,一
𢃕,一
鞜,一
𦑇,一
漯,一
㹺,一
𦧟,一
䶀,一
䵬,一
𨌭,一
䍝,一
濌,一
𪂌,一
䈋,一
雜,一
韴,一
磼,一
雥,一
帀,一
迊,一
𠯗,一
魳,一
嘁,一
沞,一
䞙,一
拉,一
搚,一
㩉,一
𦒆,一
磖,一
𪇹,一
菈,一
𣤊,一
㕇,一
𤛊,一
納,一
䪏,一
蒳,一
軜,一
衲,一
魶,一
㨥,一
𣩄,一
𠩧,一
䆟,一
姶,一
𤸱,一
㔩,一
𩇠,一
搕,一
鞥,一
𣣹,一
㬎,一
礏,一
哈,一
𡀾,一
砐,一
礘,一
䑥,一
遪,一
盍,一
闔,一
𨶩,一
嗑,一
篕,一
熆,一
臘,一
臈,一
𪙷,一
鑞,一
蠟,一
䗶,一
𥀰,一
𦒦,一
𦅶,一
㿴,一
耷,一
𢴄,一
𠞈,一
𩝣,一
䪚,一
榻,一
㯓,一
𦪙,一
毾,一
鰈,一
鰨,一
𦶑,一
狧,一
𦧭,一
𧪦,一
𦐇,一
鞳,一
塔,一
搭,一
遢,一
𩥑,一
𩵢,一
笝,一
𩚛,一
蹋,一
躢,一
闒,一
𤒻,一
𧮑,一
譫,一
䍇,一
䳴,一
䈳,一
𦑲,一
𠎷,一
𠿓,一
𢶍,一
𠦃,一
𨆂,一
㪪,一
𥋙,一
䪞,一
䫦,一
䗘,一
榼,一
𧛾,一
㕎,一
𨍰,一
鰪,一
廅,一
囃,一
𥗭,一
䵽,一
𪁍,一
葉,三
楪,三
鍱,三
枼,三
㯿,三
䈎,三
殜,三
接,三
椄,三
睫,三
䀹,三
楫,三
婕,三
菨,三
𣶏,三
鯜,三
灄,三
欇,三
𥍉,三
𣻣,三
䤮,三
獵,三
鬣,三
㲱,三
躐,三
䁽,三
𣋲,三
儠,三
犣,三
䪉,三
䉭,三
鱲,三
𡂏,三
𥪂,三
𠠗,三
䜲,三
䃳,三
巤,三
捷,三
疌,三
倢,三
崨,三
踕,三
誱,三
䐑,三
𢽱,三
𦀖,三
聶,三
躡,三
鑷,三
㚔,三
帇,三
𩣘,三
䌜,三
𣌍,三
㸎,三
踂,三
𥬬,三
䳖,三
𣀳,三
謵,三
𣠞,三
䧪,三
㤴,三
㳧,三
𦛖,三
讘,三
顳,三
喦,三
囁,三
𦣀,三
讋,三
懾,三
䜆,三
謺,三
襵,三
䝕,三
妾,三
緁,三
䌌,三
𠟪,三
淁,三
𣠺,三
穕,三
踥,三
锸,三
𩂻,三
𥯥,三
衱,三
极,三
輒,三
𦯍,三
鮿,三
㭯,三
曅,三
饁,三
燁,三
爗,三
皣,三
瞱,三
𤷾,三
㰼,三
靨,三
𣚕,三
怗,四
帖,四
𪔧,四
䩞,四
貼,四
跕,四
蝶,四
䑜,四
呫,四
協,四
叶,四
勰,四
綊,四
挾,四
俠,四
劦,四
𤙒,四
𢂐,四
頰,四
𩠣,四
鋏,四
莢,四
蛺,四
唊,四
𥞵,四
愜,四
㥦,四
悏,四
㾜,四
匧,四
篋,四
㤲,四
牒,四
蹀,四
諜,四
堞,四
𨈈,四
㲲,四
𣯉,四
褺,四
曡,四
疊,四
䥡,四
䠟,四
㥈,四
𥷕,四
牃,四
褋,四
惵,四
𨐁,四
䴑,四
㩹,四
𪑧,四
䁋,四
𤗨,四
暬,四
𩐭,四
捻,四
錜,四
敜,四
㘨,四
𩋏,四
燮,四
屧,四
屟,四
躞,四
𤫉,四
𤏻,四
徢,四
𦔼,四
𤗈,四
蜨,四
𧕊,四
䕈,四
𡞘,四
𦩌,四
𡂩,四
𦖩,四
聑,四
𠲷,四
笘,四
㑙,四
𨓊,四
浹,四
㼪,四
䢡,四
洽,二
䨐,二
狹,二
陜,二
陿,二
祫,二
峽,二
硤,二
𢈙,二
𪘘,二
𤲍,二
烚,二
珨,二
䞩,二
恰,二
掐,二
䁍,二
㓣,二
䶢,二
帢,二
𠕣,二
𢂿,二
㡊,二
𣁴,二
𥯦,二
䮢,二
牐,二
𧼰,二
夾,二
郟,二
裌,二
䀫,二
餄,二
㿓,二
鵊,二
䩡,二
眨,二
偛,二
𥀈,二
䛽,二
插,二
臿,二
疀,二
鍤,二
扱,二
㛼,二
㷅,二
𤜯,二
𡤙,二
㗙,二
䶎,二
㰰,二
敮,二
𧳛,二
劄,二
𠍹,二
𧉫,二
凹,二
圔,二
𥃐,二
狎,二
翈,二
柙,二
匣,二
𧆥,二
𦾏,二
𢘉,二
炠,二
𤁳,二
鴨,二
壓,二
庘,二
䆘,二
押,二
甲,二
胛,二
𥑐,二
玾,二
𨒇,二
𠩘,二
𩌍,二
翣,二
𧲌,二
帹,二
䬊,二
𧻵,二
呷,二
䛅,二
𣢗,二
業,三
㸣,三
鄴,三
驜,三
嶪,三
䧨,三
㗼,三
𠄅,三
𩑃,三
䲜,三
𢢜,三
𩼋,三
鸈,三
澲,三
𣣲,三
𣢩,三
愶,三
㢵,三
嗋,三
熁,三
𣹩,三
拹,三
怯,三
㹤,三
𠩂,三
㾀,三
𤴼,三
劫,三
蜐,三
鉣,三
䀷,三
䱒,三
䎨,三
殗,三
㡋,三
㪑,三
䤶,三
鄓,三
餣,三
䁆,三
𩐱,三
昅,三
乏,三
法,三
灋,三
𥎰,三
䎎,三
𣹵,三
𡷝,三
𦑣,三
