東,端
菄,端
鶇,端
𠍀,端
倲,端
𩜍,端
𢘐,端
涷,端
蝀,端
凍,端
鯟,端
𢔅,端
崠,端
埬,端
𧓕,端
䰤,端
同,定
童,定
僮,定
銅,定
桐,定
峒,定
硐,定
𦨴,定
𧱁,定
筒,定
瞳,定
㼧,定
𤭁,定
犝,定
筩,定
洞,定
烔,定
䴀,定
挏,定
酮,定
𦏆,定
𦍻,定
眮,定
衕,定
𩍅,定
𢈉,定
䆚,定
哃,定
𢏕,定
絧,定
𨚯,定
𨝯,定
𪔝,定
𩦶,定
𪒿,定
中,知
衷,知
忠,知
蟲,澄
沖,澄
种,澄
翀,澄
終,章
衆,章
𣧩,章
螽,章
𧑄,章
鼨,章
蔠,章
柊,章
𩅧,章
鴤,章
䈺,章
泈,章
䝦,章
忡,徹
浺,徹
崇,崇
崈,崇
㓽,崇
𩞉,崇
嵩,心
崧,心
𪀚,心
娀,心
菘,心
硹,心
㣝,心
𧊕,心
𨱿,心
戎,日
𢦦,日
茙,日
㭜,日
駥,日
𥬪,日
𠈋,日
狨,日
絨,日
弓,見
躳,見
躬,見
㴦,見
宮,見
融,以
肜,以
瀜,以
雄,云
熊,云
瞢,明
夢,明
𨞯,明
懜,明
𦫰,明
𧲎,明
穹,溪
𢞏,溪
焪,溪
芎,溪
𦵡,溪
窮,群
藭,群
𥨪,群
馮,並
堸,並
芃,並
𨝭,並
渢,並
梵,並
風,幫
飌,幫
楓,幫
猦,幫
偑,幫
檒,幫
𧆉,幫
豐,滂
酆,滂
蘴,滂
灃,滂
寷,滂
麷,滂
㒥,滂
㠦,滂
充,昌
珫,昌
茺,昌
㤝,昌
䘪,昌
㳘,昌
隆,來
癃,來
𪔳,來
窿,來
霳,來
㚅,來
空,溪
箜,溪
崆,溪
椌,溪
硿,溪
䅝,溪
悾,溪
埪,溪
倥,溪
鵼,溪
𦱇,溪
𢃐,溪
𧌆,溪
公,見
功,見
工,見
疘,見
玒,見
釭,見
攻,見
㓚,見
愩,見
碽,見
篢,見
蒙,明
冡,明
濛,明
𩦺,明
艨,明
䑃,明
矇,明
饛,明
䰒,明
檬,明
𨢊,明
䴿,明
𨣘,明
鸏,明
幪,明
罞,明
𢄐,明
髳,明
蠓,明
𦿏,明
雺,明
霿,明
霚,明
朦,明
䀄,明
霥,明
籠,來
豅,來
㰍,來
朧,來
𡃡,來
龓,來
䪊,來
聾,來
𨏠,來
礱,來
䆍,來
𪚗,來
嚨,來
蘢,來
櫳,來
𤮨,來
巃,來
𧙥,來
瓏,來
曨,來
鸗,來
𩟭,來
蠪,來
屸,來
洪,匣
鉷,匣
訌,匣
紅,匣
仜,匣
鴻,匣
葒,匣
葓,匣
谼,匣
䉺,匣
渱,匣
䧆,匣
䪦,匣
𦏺,匣
䫹,匣
𨾊,匣
叢,從
藂,從
䕺,從
𥵫,從
翁,影
螉,影
䱵,影
蓊,影
䈵,影
䩺,影
㮬,影
𩔚,影
怱,清
忩,清
葱,清
楤,清
𨍉,清
聦,清
繱,清
𤧚,清
騘,清
䗓,清
𨣭,清
鍯,清
通,透
蓪,透
痌,透
𧳆,透
𨀜,透
葼,精
鬷,精
嵕,精
猣,精
豵,精
鯼,精
椶,精
騣,精
𩮀,精
嵸,精
蝬,精
𥓻,精
翪,精
緵,精
㚇,精
㣭,精
稯,精
鬉,精
蓬,並
𥭗,並
篷,並
髼,並
𧚋,並
韸,並
𩖛,並
叿,曉
谾,曉
𩐠,曉
𩗄,曉
檧,心
憽,心
㬝,心
冬,端
𠔙,端
苳,端
䳉,端
笗,端
𩂓,端
𧲴,端
彤,定
疼,定
佟,定
䳋,定
鼕,定
𢥞,定
𢾮,定
㤏,定
痋,定
䂈,定
鉵,定
𧹝,定
浵,定
𠩁,定
鉖,定
𨜳,定
㠽,定
赨,定
賨,從
琮,從
悰,從
孮,從
誴,從
𢃏,從
農,泥
䢉,泥
辳,泥
𨑋,泥
𩅽,泥
憹,泥
儂,泥
𧗕,泥
膿,泥
䃔,匣
𩘎,匣
䃧,來
䥢,來
𣫣,來
宗,精
倧,精
䯳,心
鍾,章
鐘,章
忪,章
䇗,章
彸,章
衳,章
伀,章
籦,章
妐,章
㕬,章
炂,章
𦬘,章
𨳗,章
龍,來
𪚝,來
躘,來
𪚠,來
𦪽,來
舂,書
𧐍,書
摏,書
蹖,書
𪄻,書
松,邪
㮤,邪
訟,邪
𧘂,昌
衝,昌
𠟍,昌
𠝤,昌
䂌,昌
容,以
溶,以
滽,以
庸,以
𦤘,以
𧴄,以
㺎,以
𤛑,以
墉,以
鎔,以
鏞,以
銿,以
鄘,以
𪅟,以
㼸,以
𤮇,以
蓉,以
䗤,以
傛,以
褣,以
搈,以
瑢,以
䈶,以
嵱,以
㝐,以
䡆,以
㟾,以
𨲟,以
𪃾,以
槦,以
㣑,以
𢧳,以
封,幫
𡉚,幫
犎,幫
葑,幫
崶,幫
胷,曉
凶,曉
𣧑,曉
洶,曉
恟,曉
𧧗,曉
兇,曉
訩,曉
匈,曉
顒,疑
𩤛,疑
鰅,疑
喁,疑
邕,影
雍,影
噰,影
嗈,影
郺,影
澭,影
灉,影
癰,影
罋,影
廱,影
饔,影
壅,影
雝,影
𪄉,影
㻾,影
𧴗,影
醲,娘
濃,娘
檂,娘
𪒬,娘
𨲳,娘
重,澄
緟,澄
䳯,澄
蝩,澄
从,從
𩀰,從
𦟛,徹
𨙦,徹
䝑,徹
𨤩,徹
𪒒,徹
逢,並
縫,並
漨,並
䩼,並
𥎌,並
𥛝,並
捀,並
峯,滂
鋒,滂
丰,滂
𡴀,滂
𢓱,滂
妦,滂
蠭,滂
𧒒,滂
桻,滂
㷭,滂
烽,滂
莑,滂
仹,滂
㸼,滂
縱,精
𣯨,精
蹤,精
䡮,精
磫,精
熧,精
茸,日
䩸,日
髶,日
䇯,日
搑,日
𥎂,日
榵,日
穁,日
蛩,群
邛,群
舼,群
𦨰,群
筇,群
𦭭,群
𠌖,群
𩬰,群
桏,群
䅃,群
𤤶,群
𩢽,群
慵,常
𩌨,常
恭,見
龔,見
供,見
珙,見
䢼,見
𤱨,見
廾,見
髸,見
䳍,見
蜙,心
凇,心
倯,心
𢔋,心
暰,清
瑽,清
䐫,清
𥡬,清
𨑪,清
江,見
扛,見
杠,見
茳,見
矼,見
豇,見
䜫,見
厖,明
駹,明
狵,明
尨,明
浝,明
哤,明
牻,明
娏,明
䵨,明
㟌,明
蛖,明
𥆙,明
痝,明
𠈵,明
𦗳,娘
𣰊,娘
鬞,娘
䁸,娘
𪆯,娘
䆫,初
牎,初
窓,初
䎫,初
𥍷,初
邦,幫
𤰫,幫
梆,幫
垹,幫
栙,匣
䜶,匣
缸,匣
缻,匣
夅,匣
跭,匣
𤵸,滂
𪔔,滂
𪐿,滂
雙,生
艭,生
䉶,生
𢥠,生
䝄,生
𨇯,生
龐,並
逄,並
舽,並
啌,曉
舡,曉
胦,影
腔,溪
𤟄,溪
羫,溪
控,溪
跫,溪
𩩝,溪
㾤,溪
㼹,溪
幢,澄
撞,澄
噇,澄
𩪘,澄
䚎,徹
𥡟,徹
䄝,徹
𧜧,徹
樁,知
𣻛,知
𩞐,崇
支,章
𥾣,章
只,章
㲍,章
巵,章
梔,章
枝,章
㽻,章
衼,章
肢,章
胑,章
𨈛,章
疻,章
㩼,章
鳷,章
觶,章
榰,章
㯄,章
𪂅,章
𧌔,章
䡋,章
𩍲,章
移,以
䄬,以
迻,以
𠩗,以
箷,以
𥠥,以
㥴,以
䔟,以
熪,以
扅,以
衪,以
暆,以
迆,以
𤝻,以
歋,以
酏,以
匜,以
拸,以
謻,以
𠗺,以
𠐀,以
𣣢,以
䬁,以
爲,云
為,云
鄬,云
嬀,見
𪎮,曉
麾,曉
噅,曉
撝,曉
逶,影
𣨙,影
萎,影
㮃,影
覣,影
蜲,影
倭,影
委,影
䴧,影
糜,明
縻,明
㸏,明
𪎕,明
蘼,明
䊳,明
𪎭,明
𦗕,明
醿,明
隓,曉
隳,曉
䜐,曉
錘,澄
甀,澄
𡍮,常
垂,常
陲,常
倕,常
𦈼,常
𨿠,常
圌,常
篅,常
𥳙,常
𠂹,常
羸,來
𡰠,來
吹,昌
炊,昌
䶴,昌
鈹,滂
帔,滂
鮍,滂
披,滂
𤱍,滂
耚,滂
狓,滂
翍,滂
秛,滂
𤿎,滂
㱟,滂
陂,幫
詖,幫
碑,幫
羆,幫
𥀍,幫
𨰟,幫
𤜑,幫
𨧦,幫
𥶓,幫
藣,幫
隨,邪
𥶻,邪
虧,溪
闚,溪
窺,溪
琦,群
騎,群
鵸,群
弜,群
鬾,群
𢺷,群
㩽,群
祇,群
岐,群
歧,群
𨙸,群
疧,群
𢻚,群
軝,群
𩉬,群
芪,群
䲬,群
䉻,群
𦭲,群
𨱜,群
𠁭,群
犧,曉
羲,曉
焁,曉
桸,曉
巇,曉
戲,曉
𤃪,曉
曦,曉
𢹍,曉
𧕆,曉
䚙,曉
䖒,曉
㺣,曉
𣤴,曉
𢨛,曉
㚀,曉
隵,曉
觭,溪
𦖊,溪
𤘌,溪
㥓,溪
宜,疑
宐,疑
𠣨,疑
㝖,疑
儀,疑
𥪺,疑
䣡,疑
䴊,疑
轙,疑
涯,疑
崖,疑
皮,並
疲,並
郫,並
罷,並
犤,並
𦑡,常
㖷,常
匙,常
䈕,常
𦳚,常
眂,常
𣏚,常
𠒆,日
唲,日
離,來
籬,來
醨,來
罹,來
璃,來
酈,來
𣀷,來
驪,來
𪖂,來
樆,來
鸝,來
鵹,來
𪅆,來
縭,來
褵,來
蘺,來
䕻,來
麗,來
䍦,來
㰚,來
蠡,來
䅻,來
孋,來
漓,來
灕,來
𧕮,來
攡,來
穲,來
𢟢,來
𢥗,來
謧,來
劙,來
疵,從
骴,從
𣐑,從
胔,從
飺,從
貲,精
頿,精
𪕊,精
鮆,精
訾,精
鄑,精
㠿,精
媊,精
𨚖,精
㰣,精
𦺱,精
䖪,精
觜,精
羈,見
畸,見
羇,見
躸,見
卑,幫
鵯,幫
箄,幫
𩔹,幫
痺,幫
𢃍,幫
陴,並
𩫫,並
焷,並
脾,並
䴽,並
埤,並
𧓎,並
螷,並
蠯,並
𪌈,並
絁,書
施,書
葹,書
䙾,書
𪓿,書
䗐,書
𧠜,書
𢻫,書
斯,心
虒,心
𩆵,心
榹,心
㴲,心
廝,心
㒋,心
凘,心
磃,心
㾷,心
𪆁,心
蟴,心
㽄,心
䫢,心
䔮,心
菥,心
𥕶,心
蜤,心
燍,心
禠,心
鐁,心
差,初
嵯,初
𪙉,初
摛,徹
螭,徹
魑,徹
𡴥,徹
彲,徹
彌,明
𢏏,明
镾,明
䍘,明
𨤐,明
𥉓,明
㣆,明
獼,明
𥸀,明
擟,明
麊,明
冞,明
㜷,明
䥸,明
𥎖,明
雌,清
𦙼,清
𦍧,清
知,知
䵹,知
鼅,知
蜘,知
䣽,知
䝷,知
漪,影
猗,影
椅,影
旖,影
禕,影
陭,影
欹,影
犄,影
𩕲,影
檹,影
馳,澄
篪,澄
䶵,澄
踟,澄
䪧,澄
䶔,澄
䞾,澄
危,疑
㕒,疑
峗,疑
釃,生
簁,生
襹,生
褷,生
籭,生
䬐,日
厜,精
㭰,精
𩓸,見
𩓡,見
槻,見
規,見
鬹,見
𨾚,見
摫,見
𦸺,精
臇,精
𤎱,精
㷷,精
㩾,知
齜,莊
䔺,以
𩁌,以
欈,以
𧲚,以
䝐,以
脂,章
祗,章
汦,章
砥,章
鴲,章
㴯,章
䓜,章
𥁼,章
姨,以
彞,以
寅,以
夷,以
峓,以
恞,以
眱,以
𣟗,以
珆,以
蔩,以
𡰥,以
痍,以
䧅,以
蛦,以
胰,以
羨,以
鏔,以
𢓡,以
𡱐,以
跠,以
師,生
鰤,生
蒒,生
篩,生
獅,生
螄,生
𣬈,並
毗,並
琵,並
㮰,並
芘,並
貔,並
豼,並
膍,並
肶,並
蚍,並
𧖈,並
𨈚,並
魮,並
𦳈,並
𦊁,並
阰,並
𧑜,並
鵧,並
咨,精
資,精
粢,精
𪗉,精
𪗋,精
𧞓,精
諮,精
姿,精
齍,精
𣳩,精
齎,精
𩄚,精
飢,見
机,見
肌,見
虮,見
鴟,昌
𨾦,昌
鵄,昌
胵,昌
𩶅,昌
𧪡,昌
𨒬,昌
絺,徹
辴,徹
郗,徹
𥭘,徹
瓻,徹
訵,徹
郪,清
趑,清
趀,清
𧾒,清
𧠵,清
𡰾,清
𡳠,清
蠀,清
茨,從
薋,從
薺,從
餈,從
𩜴,從
垐,從
䆅,從
𧓉,從
瓷,從
尼,娘
柅,娘
怩,娘
蚭,娘
跜,娘
呢,娘
𩚯,娘
䝚,娘
墀,澄
𡎰,澄
泜,澄
遲,澄
遟,澄
蚳,澄
彽,澄
阺,澄
謘,澄
貾,澄
私,心
鋖,心
厶,心
𦮺,心
㺨,心
尸,書
鳲,書
屍,書
蓍,書
鬐,群
𦓀,群
耆,群
愭,群
𧡺,群
𥉙,群
䅲,群
𨪌,群
鰭,群
鮨,群
伊,影
咿,影
𧉅,影
黝,影
黟,影
棃,來
梨,來
𠠍,來
秜,來
蜊,來
蔾,來
犂,來
刕,來
𢤂,來
鯬,來
鑗,來
䴻,來
蟍,來
葵,群
鄈,群
楑,群
𩹍,群
𢜽,群
𦝢,群
䳫,群
𧍜,群
追,知
䨨,知
娺,知
龜,見
𪚦,見
𤕣,見
騩,見
蕤,日
甤,日
緌,日
桵,日
榱,生
𤸬,生
惟,以
𣄧,以
維,以
遺,以
濰,以
壝,以
𥌰,以
蓶,以
琟,以
唯,以
𧔥,以
㶟,來
纍,來
虆,來
欙,來
𤜖,來
𡿔,來
㠥,來
𡤯,來
瓃,來
𥍔,來
鸓,來
儽,來
纝,來
綏,心
雖,心
荾,心
荽,心
䒘,心
奞,心
濉,心
逵,群
夔,群
𣦞,群
馗,群
戣,群
鍨,群
犪,群
躨,群
艽,群
𠊾,群
𨾗,群
𢌳,群
頄,群
眉,明
睂,明
嵋,明
湄,明
𤃱,明
鶥,明
楣,明
瑂,明
矀,明
覹,明
䉠,明
黴,明
麋,明
蘪,明
郿,明
㵟,明
薇,明
葿,明
攗,明
悲,幫
錐,章
隹,章
𪋇,章
騅,章
㮅,章
䶆,章
誰,常
脽,常
帷,云
邳,並
䲹,並
岯,並
丕,滂
㔻,滂
伾,滂
秠,滂
䪹,滂
駓,滂
怌,滂
豾,滂
髬,滂
倠,曉
婎,曉
𢊄,曉
椎,澄
槌,澄
桘,澄
顀,澄
胝,知
疷,知
秪,知
㩺,滂
𧧺,滂
𢞗,滂
嶉,精
巋,溪
蘬,溪
咦,曉
忾,曉
䐅,曉
𣢂,曉
之,章
芝,章
㞢,章
飴,以
𩛛,以
䬮,以
怡,以
弬,以
异,以
㼢,以
𣐵,以
圯,以
貽,以
巸,以
𦣝,以
𩠞,以
頤,以
㺿,以
沶,以
宧,以
𦚟,以
䱌,以
瓵,以
時,常
旹,常
塒,常
鼭,常
榯,常
蒔,常
鰣,常
疑,疑
嶷,疑
觺,疑
思,心
恖,心
司,心
罳,心
伺,心
絲,心
緦,心
𥯨,心
禗,心
覗,心
㺇,心
𥄶,心
蕬,心
楒,心
輜,初
颸,初
期,群
旗,群
綦,群
綨,群
𢃛,群
𧯯,群
蜝,群
琪,群
麒,群
騏,群
淇,群
䳢,群
藄,群
棊,群
櫀,群
碁,群
𤪌,群
璂,群
鯕,群
祺,群
禥,群
踑,群
𦪆,群
䑴,群
畁,群
詩,書
邿,書
𪗪,書
呞,書
䀢,書
而,日
栭,日
𣚊,日
𨼏,日
陑,日
髵,日
峏,日
𨎪,日
輀,日
𦠌,日
胹,日
𦓒,日
𩰴,日
洏,日
鮞,日
咡,日
誀,日
鴯,日
欺,溪
娸,溪
䫏,溪
𠐾,溪
魌,溪
僛,溪
𪅾,溪
𪀩,溪
抾,溪
朞,見
稘,見
基,見
箕,見
䇫,見
居,見
諆,見
詞,邪
祠,邪
柌,邪
辭,邪
辤,邪
辝,邪
釐,來
貍,來
狸,來
嫠,來
剺,來
梩,來
𣁟,來
倈,來
艃,來
𣮉,來
孷,來
𢟤,來
𩭇,來
㾖,來
筣,來
斄,來
𠩬,來
𠭰,來
葘,莊
甾,莊
湽,莊
𥀜,莊
輺,莊
鍿,莊
鶅,莊
緇,莊
䊷,莊
椔,莊
鯔,莊
䎩,莊
䣎,莊
僖,曉
歖,曉
熙,曉
嬉,曉
禧,曉
譆,曉
𠩺,曉
瞦,曉
熹,曉
嘻,曉
𣢑,曉
娭,曉
誒,曉
醫,影
毉,影
譩,影
㿄,影
噫,影
癡,徹
笞,徹
痴,徹
治,澄
持,澄
蚩,昌
嗤,昌
妛,昌
媸,昌
𦐉,昌
𥉍,昌
慈,從
礠,從
鶿,從
濨,從
嵫,精
孜,精
滋,精
嗞,精
𪑿,精
鎡,精
鰦,精
仔,精
鷀,精
稵,精
漦,俟
䀵,書
微,明
𢼸,明
䥩,明
癓,明
揮,曉
輝,曉
暉,曉
徽,曉
翬,曉
褘,曉
鰴,曉
幑,曉
瀈,曉
㫎,曉
幃,云
韋,云
闈,云
圍,云
䙟,云
𩎯,云
違,云
湋,云
囗,云
鍏,云
潿,云
婔,云
𧝕,云
𠆎,云
𢾁,云
霏,滂
䬠,滂
妃,滂
䩁,滂
婓,滂
裶,滂
猆,幫
飛,幫
扉,幫
緋,幫
𩙲,幫
非,幫
馡,幫
𩹉,幫
騛,幫
誹,幫
餥,幫
肥,並
腓,並
䈈,並
淝,並
𤷂,並
痱,並
𩇯,並
蟦,並
裴,並
威,影
葳,影
隇,影
㟪,影
蝛,影
鰄,影
楲,影
祈,群
頎,群
旂,群
畿,群
㙨,群
𧰙,群
𦠄,群
玂,群
岓,群
𪙧,群
機,見
譏,見
嘰,見
𦺬,見
磯,見
鞿,見
饑,見
禨,見
䟇,見
鐖,見
僟,見
璣,見
𧗇,見
希,曉
晞,曉
莃,曉
鵗,曉
睎,曉
稀,曉
豨,曉
𧻶,曉
悕,曉
俙,曉
欷,曉
依,影
郼,影
衣,影
繶,影
㛄,影
㐆,影
䧇,影
㥋,影
沂,疑
溰,疑
巍,疑
犩,疑
歸,見
㱕,見
魚,疑
𩺰,疑
漁,疑
𩼪,疑
䰻,疑
,疑
齬,疑
鋙,疑
䁩,疑
衙,疑
初,初
𠿝,初
書,書
鵨,書
瑹,書
舒,書
𦺗,書
𨛭,書
𡨢,見
据,見
裾,見
琚,見
䝻,見
鶋,見
蜛,見
崌,見
涺,見
𦱅,見
渠,群
𨎶,群
𦄽,群
璩,群
磲,群
蕖,群
籧,群
淭,群
醵,群
𪆫,群
螶,群
蟝,群
䝣,群
蘧,群
璖,群
𨞙,群
㯫,群
䟊,群
𦼫,群
䆽,群
𧝔,群
懅,群
㶛,以
餘,以
輿,以
旟,以
璵,以
艅,以
畬,以
𤰩,以
𤄕,以
歟,以
與,以
譽,以
嬩,以
舁,以
擧,以
妤,以
伃,以
㦛,以
𪋮,以
予,以
㺞,以
𩦡,以
𧾚,以
狳,以
鸒,以
雓,以
胥,心
䱬,心
䈝,心
稰,心
楈,心
諝,心
㥠,心
湑,心
蝑,心
揟,心
疽,清
岨,清
砠,清
䢸,清
趄,清
狙,清
䏣,清
雎,清
𣻐,清
坥,清
𡳆,清
鉏,崇
鋤,崇
耡,崇
豠,崇
𧱑,崇
𪆷,崇
攄,徹
㯉,徹
摴,徹
䟽,生
梳,生
綀,生
蔬,生
踈,生
𦌿,生
𤕟,生
㽰,生
驉,曉
歔,曉
噓,曉
魖,曉
𥛳,曉
徐,邪
䍱,邪
俆,邪
於,影
扵,影
箊,影
淤,影
唹,影
豬,知
䐗,知
猪,知
瀦,知
櫫,知
臚,來
閭,來
䰕,來
廬,來
蘆,來
櫚,來
驢,來
藘,來
䕡,來
爈,來
𤁵,來
㠠,來
櫖,來
璷,來
䮉,來
𥶆,來
𢣻,來
諸,章
櫧,章
㶆,章
䃴,章
蠩,章
除,澄
躇,澄
儲,澄
篨,澄
𦿀,澄
宁,澄
滁,澄
蒢,澄
如,日
𨚴,日
洳,日
鴽,日
𨾵,日
茹,日
墟,溪
𥬔,溪
袪,溪
阹,溪
胠,溪
㠊,溪
𢴮,溪
㭕,溪
䒧,溪
菹,莊
𧄗,莊
袽,娘
帤,娘
𣭠,娘
𣖹,娘
挐,娘
虞,疑
𩦢,疑
愚,疑
娛,疑
湡,疑
堣,疑
𪃍,疑
嵎,疑
髃,疑
禺,疑
隅,疑
䴁,疑
鍝,疑
澞,疑
𧍪,疑
㷒,疑
齵,疑
鸆,疑
𨜖,疑
芻,初
犓,初
無,明
毋,明
瞴,明
蕪,明
誣,明
巫,明
莁,明
璑,明
𨼊,明
䉑,明
鷡,明
𦌬,明
蝥,明
𢜮,明
无,明
𢃀,明
譕,明
鵐,明
憮,明
䍢,明
于,云
盂,云
邘,云
𦏴,云
竽,云
玗,云
芋,云
杅,云
釪,云
𧘘,云
骬,云
謣,云
䢓,云
𦱃,云
訏,曉
欨,曉
㽳,曉
盱,曉
𧙆,曉
𥈈,曉
𦀒,曉
𢖳,曉
旴,曉
㰭,曉
𥈸,曉
衢,群
劬,群
氍,群
臞,群
癯,群
鸜,群
灈,群
躣,群
忂,群
𩢳,群
鼩,群
斪,群
蠷,群
欋,群
葋,群
翑,群
𪓞,群
𧾱,群
𠣪,群
𡱺,群
𥃔,群
戵,群
鑺,群
儒,日
襦,日
懦,日
嚅,日
鱬,日
嬬,日
顬,日
䞕,日
臑,日
醹,日
須,心
鬚,心
嬃,心
𩓣,心
𥪥,心
𢄼,心
需,心
蕦,心
鑐,心
株,知
誅,知
邾,知
鼄,知
蛛,知
跦,知
㦵,知
𪏿,知
貙,徹
𤠾,徹
殊,常
銖,常
洙,常
茱,常
㼡,常
殳,常
𢎦,常
㸡,常
𦤂,常
陎,常
杸,常
逾,以
踰,以
楰,以
腴,以
諛,以
覦,以
𨵦,以
愉,以
𢋅,以
褕,以
瑜,以
崳,以
㥚,以
羭,以
蝓,以
榆,以
萸,以
堬,以
渝,以
𤜹,以
㳛,以
𤧙,以
瘉,以
螸,以
蕍,以
𦺮,以
䜽,以
萮,以
𧃠,以
舀,以
㼶,以
騟,以
𢔢,以
𥯮,以
𥔢,以
鰸,溪
驅,溪
敺,溪
嶇,溪
軀,溪
摳,溪
䧢,溪
朱,章
珠,章
侏,章
絑,章
秼,章
鮢,章
𤝹,章
硃,章
趨,清
慺,來
蔞,來
氀,來
瞜,來
䱾,來
㟺,來
䝏,來
㺏,來
摟,來
鷜,來
鏤,來
䣚,來
婁,來
瘻,來
𤗬,來
膢,來
𢺻,並
芙,並
符,並
颫,並
鳧,並
榑,並
苻,並
蚨,並
𦽏,並
𣿆,並
瓿,並
𧥱,並
枎,並
坿,並
𣻜,並
𤱽,並
𣘧,並
𣻥,並
𢞦,並
𦑹,並
𦔾,並
玸,並
䅳,崇
雛,崇
鶵,崇
媰,崇
敷,滂
麩,滂
麱,滂
孚,滂
𣞒,滂
郛,滂
鋪,滂
筟,滂
俘,滂
痡,滂
怤,滂
䎔,滂
𧀮,滂
孵,滂
豧,滂
尃,滂
稃,滂
𥹃,滂
㕊,滂
㩤,滂
姇,滂
紨,滂
䓵,滂
㲗,滂
䓏,滂
諏,精
㖩,精
𡸨,精
娵,精
趺,幫
膚,幫
肤,幫
邞,幫
鈇,幫
衭,幫
㠸,幫
玞,幫
𩿧,幫
𧀴,幫
鳺,幫
柎,幫
𩬙,幫
𩵩,幫
䄮,幫
䃿,幫
紆,影
陓,影
䩽,影
䙔,影
㝼,影
虶,影
䨕,影
輸,書
樞,昌
姝,昌
𩪍,昌
䇬,昌
廚,澄
蹰,澄
趎,澄
幮,澄
拘,見
駒,見
䀠,見
岣,見
㪺,見
𨞜,見
跔,見
鮈,見
俱,見
痀,見
𥇛,見
毹,生
㡏,生
橾,生
螋,生
模,明
橅,明
摸,明
嫫,明
㡔,明
𨡭,明
謨,明
𠻚,明
膜,明
酺,並
匍,並
荹,並
菩,並
䔕,並
蒲,並
蒱,並
䈻,並
胡,匣
𩑶,匣
𠴱,匣
壺,匣
狐,匣
瓳,匣
餬,匣
瑚,匣
湖,匣
鶘,匣
猢,匣
醐,匣
𪏻,匣
䊀,匣
𪍒,匣
糊,匣
弧,匣
乎,匣
𠀒,匣
𪕱,匣
瓠,匣
㾰,匣
魱,匣
箶,匣
𥶜,匣
𧛞,匣
㯛,匣
孤,見
苽,見
菰,見
胍,見
𡗷,見
姑,見
辜,見
呱,見
泒,見
觚,見
蛄,見
箛,見
鴣,見
𠷞,見
沽,見
柧,見
𨬕,見
𧇡,見
盬,見
嫴,見
罛,見
軱,見
箍,見
䐻,見
徒,定
𨑒,定
瘏,定
途,定
酴,定
駼,定
𤙛,定
㭸,定
圖,定
𤺈,定
䅷,定
嵞,定
峹,定
鍍,定
䤅,定
蒤,定
䖘,定
鷵,定
奴,泥
㚢,泥
砮,泥
駑,泥
孥,泥
呼,曉
嘑,曉
𧦝,曉
歑,曉
謼,曉
幠,曉
恗,曉
軤,曉
虍,曉
苸,曉
雐,曉
䰧,曉
滹,曉
吾,疑
鼯,疑
𪁙,疑
𧋋,疑
吳,疑
浯,疑
䓊,疑
㹳,疑
㻍,疑
珸,疑
蜈,疑
郚,疑
鯃,疑
娪,疑
梧,疑
峿,疑
麌,疑
𦨳,疑
祦,疑
租,精
盧,來
鑪,來
壚,來
籚,來
顱,來
髗,來
鱸,來
攎,來
櫨,來
轤,來
黸,來
獹,來
鸕,來
艫,來
纑,來
瀘,來
瓐,來
爐,來
玈,來
𢐸,來
㢚,來
𤮧,來
嚧,來
矑,來
㿖,來
㭔,來
𧇄,來
𧆨,來
罏,來
蠦,來
㪭,來
𦿊,來
蘇,心
穌,心
㢝,心
酥,心
徂,從
䢐,從
殂,從
𣨐,從
烏,影
嗚,影
汚,影
杇,影
圬,影
鰞,影
歍,影
鎢,影
瑦,影
鄔,影
盓,影
螐,影
惡,影
𦶀,影
㮧,影
鴮,影
逋,幫
𥂈,幫
晡,幫
庯,幫
𧻷,幫
峬,幫
抪,幫
枯,溪
刳,溪
郀,溪
軲,溪
㱠,溪
跍,溪
挎,溪
麤,清
麁,清
𧆓,清
𥼡,清
𤿚,清
㻌,透
稌,透
嶀,透
㻯,透
𡸂,透
庩,透
䞮,透
㻬,透
䩣,透
都,端
𥳉,端
𦘴,端
𧷿,端
䩲,端
𥠵,滂
𩹲,滂
𨁏,滂
䮒,滂
𢼹,滂
齊,從
臍,從
蠐,從
𪗍,從
懠,從
䶒,從
黎,來
犁,來
𤛿,來
黧,來
藜,來
𦃇,來
盠,來
邌,來
𨛫,來
廲,來
瓈,來
𥌛,來
𩧋,來
㦒,來
𨿯,來
妻,清
萋,清
淒,清
凄,清
悽,清
鶈,清
緀,清
霋,清
低,端
袛,端
磾,端
鞮,端
腣,端
羝,端
䧑,端
奃,端
趆,端
鍉,端
柢,端
𥿄,端
㓳,端
嗁,定
啼,定
㖒,定
蹏,定
蹄,定
𥶛,定
瑅,定
題,定
𧡨,定
綈,定
罤,定
𣹲,定
𣖅,定
締,定
蕛,定
稊,定
𦯔,定
䬾,定
鵜,定
䱱,定
崹,定
鷤,定
騠,定
䨑,定
𥉘,定
𢔭,定
𡰄,定
厗,定
𪂿,定
鶙,定
𨪉,定
銻,定
鮷,定
趧,定
𧋘,定
豍,幫
㡙,幫
螕,幫
𦱔,幫
蓖,幫
篦,幫
𥏠,幫
狴,幫
鎞,幫
䚜,幫
雞,見
鷄,見
枅,見
笄,見
㮷,見
䗗,見
𨪴,見
奚,匣
豯,匣
㜎,匣
蹊,匣
榽,匣
騱,匣
𡗞,匣
郋,匣
𪓷,匣
傒,匣
嵇,匣
兮,匣
鼷,匣
蒵,匣
貕,匣
鷖,影
翳,影
𧫦,影
嫛,影
黳,影
𦎣,影
㙠,影
䃜,影
繄,影
䚷,影
倪,疑
蜺,疑
霓,疑
郳,疑
齯,疑
婗,疑
輗,疑
棿,疑
猊,疑
麑,疑
貎,疑
鯢,疑
䘽,疑
𠆵,疑
觬,疑
㪒,疑
醯,曉
䒊,曉
𦫬,曉
橀,曉
忚,曉
西,心
卤,心
𠧧,心
棲,心
栖,心
犀,心
嘶,心
撕,心
𤺊,心
㯕,心
屖,心
𧬊,心
粞,心
𠞂,心
梯,透
鷈,透
𠥸,透
㔸,透
𨁃,透
𩤽,透
鼙,並
㼰,並
笓,並
磇,滂
𠜱,滂
𪄆,滂
批,滂
賷,精
𩐒,精
齏,精
𧅱,精
櫅,精
䂑,精
擠,精
躋,精
隮,精
𢥎,精
迷,明
𡝠,明
䤍,明
麛,明
𧠠,明
𪓬,明
泥,泥
屔,泥
谿,溪
嵠,溪
溪,溪
磎,溪
鸂,溪
𤳤,溪
圭,見
珪,見
邽,見
閨,見
袿,見
𪊧,見
𨾴,見
𡌲,見
𦓯,見
睽,溪
奎,溪
刲,溪
𠝥,溪
䯓,溪
聧,溪
䖯,溪
蝰,溪
㨒,溪
楏,溪
藈,溪
攜,匣
携,匣
𩰳,匣
畦,匣
驨,匣
雟,匣
酅,匣
𢥘,匣
𦋅,匣
𣫴,匣
𡸔,匣
㔒,匣
䙵,匣
黊,匣
𡰢,匣
䀘,匣
𧟼,影
𤮰,影
睳,曉
佳,見
街,見
㥟,匣
膎,匣
鞵,匣
鞋,匣
㨙,匣
䙎,匣
牌,並
䱝,並
𥱼,並
棑,並
媧,見
緺,見
𧬭,見
蝸,見
騧,見
歄,見
蛙,影
咼,溪
喎,溪
䓙,溪
𦹬,溪
柴,崇
祡,崇
𪗶,崇
㾹,崇
査,崇
釵,初
靫,初
𩑐,初
叉,初
芆,初
䐤,初
㼮,初
𠞊,初
竵,曉
𦶎,曉
𡁑,曉
𩝨,曉
䍲,娘
誽,娘
啀,疑
𪘲,疑
厓,疑
𩂢,疑
娃,影
哇,影
𠴺,影
崽,生
㗨,曉
㰨,曉
扠,徹
䁲,明
𩍃,明
皆,見
偕,見
稭,見
喈,見
階,見
薢,見
荄,見
痎,見
堦,見
鶛,見
𤭧,見
𩘅,見
𢰇,影
諧,匣
𩤠,匣
骸,匣
瑎,匣
龤,匣
䓳,匣
排,並
俳,並
輫,並
猈,並
𩑢,並
乖,見
𦮃,見
𠦬,見
㾩,見
懷,匣
褱,匣
槐,匣
㜳,匣
𪊉,匣
㠢,匣
𤜄,匣
淮,匣
褢,匣
𧞷,匣
瀤,匣
㨤,溪
㔞,溪
豺,崇
儕,崇
𡺵,崇
虺,曉
𩓬,澄
埋,明
薶,明
霾,明
㦟,明
齋,莊
崴,影
碨,影
䴜,影
𪘨,知
榸,知
唻,來
揩,溪
𦂄,溪
𢔡,溪
𥻄,溪
摨,娘
𥳧,生
娾,疑
搋,徹
𢓬,曉
䐯,來
膗,崇
𢶀,崇
灰,曉
䖶,曉
豗,曉
㾯,曉
恢,溪
詼,溪
魁,溪
𥲖,溪
㷇,溪
顝,溪
盔,溪
隈,影
煨,影
䋿,影
渨,影
椳,影
偎,影
𩗯,影
揋,影
𧤖,影
葨,影
鰃,影
回,匣
洄,匣
迴,匣
徊,匣
蚘,匣
佪,匣
烠,匣
𤜡,匣
𩢱,匣
茴,匣
枚,明
梅,明
媒,明
玫,明
煤,明
脢,明
脄,明
腜,明
禖,明
䍙,明
莓,明
塺,明
鋂,明
䊈,明
䤂,明
𤪿,見
𠐤,見
瓌,見
雷,來
𩂩,來
儡,來
㔣,來
櫑,來
罍,來
鑘,來
𦌵,來
鐳,來
𤮚,來
畾,來
轠,來
穨,定
頽,定
㿉,定
隤,定
㢈,定
魋,定
蘈,定
𧮓,定
𧝋,定
蹪,定
𤗴,定
催,清
縗,清
𨻵,清
𢕘,清
𧽠,清
磓,端
塠,端
頧,端
䭔,端
堆,端
鴭,端
𠩰,端
搥,端
䜃,端
嵟,端
𩈜,端
𠂤,端
𡏩,端
𤗯,心
挼,心
毸,心
蓑,心
摧,從
慛,從
槯,從
徘,並
培,並
陪,並
𨛬,並
䣙,並
棓,並
毰,並
𤗏,並
桮,幫
杯,幫
盃,幫
肧,滂
坯,滂
㾦,滂
醅,滂
衃,滂
𩵣,滂
𤬃,滂
鮠,疑
嵬,疑
磑,疑
峞,疑
𨌴,透
𨋱,透
㷟,透
藬,透
㞜,透
𢅼,泥
𨡌,泥
脧,精
䘒,精
𡱥,精
咍,曉
㾂,曉
𨸜,曉
開,溪
㱾,溪
奒,溪
㚊,溪
哀,影
埃,影
唉,影
毐,影
臺,定
擡,定
苔,定
炱,定
嬯,定
薹,定
檯,定
駘,定
籉,定
跆,定
𩿡,定
該,見
垓,見
郂,見
陔,見
姟,見
晐,見
峐,見
祴,見
賅,見
胲,見
䶣,見
裁,從
財,從
才,從
材,從
䴭,從
溨,從
𦬁,從
來,來
萊,來
郲,來
騋,來
崍,來
𤦃,來
𧳟,來
猍,來
淶,來
鯠,來
鶆,來
䅘,來
䋱,來
庲,來
㾢,來
棶,來
逨,來
𪎂,來
麳,來
𤲓,來
𪑚,來
徠,來
烖,精
灾,精
災,精
𤆎,精
哉,精
𡿧,精
𢦔,精
𦳦,精
渽,精
猜,清
㯁,並
胎,透
孡,透
鮐,透
邰,透
𧉟,透
𩬠,透
孩,匣
咳,匣
𧻲,匣
䠽,匣
䱺,匣
鰓,心
揌,心
䚡,心
顋,心
愢,心
𪃄,心
毢,心
皚,疑
嵦,疑
敳,疑
隑,疑
獃,疑
能,泥
㾍,泥
懛,端
眞,章
振,章
禛,章
稹,章
畛,章
侲,章
蒖,章
唇,章
㖘,章
帪,章
因,影
茵,影
鞇,影
禋,影
闉,影
駰,影
湮,影
烟,影
氤,影
絪,影
垔,影
陻,影
㘻,影
堙,影
洇,影
姻,影
婣,影
諲,影
裀,影
歅,影
㧢,影
新,心
辛,心
薪,心
辰,常
䢅,常
宸,常
鷐,常
麎,常
茞,常
臣,常
䣅,常
仁,日
朲,日
人,日
神,船
親,清
寴,清
𡪔,清
申,書
伸,書
紳,書
呻,書
𣢘,書
𠲳,書
眒,書
㑗,書
𩉼,書
𣇗,書
身,書
柛,書
䰠,書
訷,書
賔,幫
𧶉,幫
濱,幫
檳,幫
顮,幫
儐,幫
鑌,幫
矉,幫
㷠,來
燐,來
鄰,來
轔,來
嶙,來
粼,來
磷,來
疄,來
麟,來
麐,來
鱗,來
璘,來
翷,來
𧲂,來
瞵,來
獜,來
驎,來
壣,來
𩻜,來
鏻,來
繗,來
潾,來
𥎊,群
墐,群
珍,知
鎭,知
陳,澄
敶,澄
塵,澄
津,精
𦩨,精
璡,精
𦘔,精
瞋,昌
謓,昌
䐜,昌
秦,從
螓,從
𤚩,從
夤,以
𦟘,以
螾,以
𡐔,以
紉,娘
繽,滂
䎙,滂
𢣐,滂
𩰝,滂
頻,並
蘋,並
薲,並
嬪,並
㰋,並
玭,並
蠙,並
獱,並
顰,並
𧭹,並
嚬,並
𦇖,並
𡤉,並
銀,疑
㹞,疑
狺,疑
䖜,疑
檭,疑
鄞,疑
圁,疑
誾,疑
訔,疑
嚚,疑
䓄,疑
䴦,疑
垠,疑
𪛊,疑
泿,疑
巾,見
麏,見
麇,見
麕,見
汮,見
筠,云
囩,云
縜,云
荺,云
囷,溪
箟,溪
輑,溪
𧋕,溪
峮,溪
𡈋,溪
珉,明
岷,明
罠,明
閩,明
緡,明
䪸,明
笢,明
旻,明
旼,明
𤸅,明
闅,明
汶,明
㨉,明
忞,明
盿,明
䁕,明
鍲,明
𪃯,明
鈱,明
貧,並
𡧋,並
𪔗,影
鼘,影
贇,影
奫,影
蝹,影
彬,幫
斌,幫
份,幫
玢,幫
豳,幫
邠,幫
霦,幫
㻞,幫
攽,幫
民,明
泯,明
怋,明
諄,章
𥇜,章
肫,章
訰,章
椿,徹
輴,徹
䡅,徹
鶞,徹
杶,徹
櫄,徹
瑃,徹
荀,心
詢,心
峋,心
珣,心
𣓓,心
恂,心
槆,心
㰬,心
蓴,常
蒓,常
醇,常
鶉,常
𦎧,常
陙,常
淳,常
𡗥,常
焞,常
犉,日
𩀋,日
瞤,日
脣,船
漘,船
䔚,船
淪,來
倫,來
論,來
䑳,來
輪,來
陯,來
鯩,來
蜦,來
棆,來
惀,來
侖,來
踚,來
掄,來
䈁,來
迍,知
逡,清
竣,清
皴,清
墫,清
竴,清
踆,清
𠣟,清
夋,清
遵,精
嶟,精
春,昌
勻,以
旬,邪
𠣙,邪
巡,邪
馴,邪
循,邪
䋸,邪
𪀠,邪
㽦,邪
𧾩,邪
䖲,邪
均,見
鈞,見
袀,見
臻,莊
蓁,莊
搸,莊
溱,莊
潧,莊
𣓀,莊
榛,莊
樼,莊
莘,生
㜪,生
扟,生
駪,生
籸,生
甡,生
兟,生
詵,生
侁,生
𩺵,生
屾,生
𨐔,生
燊,生
𦐹,生
𢓠,生
㯜,生
𦿒,崇
文,明
聞,明
𦖫,明
彣,明
紋,明
雯,明
馼,明
蟁,明
蚊,明
螡,明
䰚,明
鳼,明
鼤,明
雲,云
芸,云
蕓,云
𦔐,云
𦓷,云
耘,云
鄖,云
妘,云
紜,云
溳,云
澐,云
云,云
篔,云
䢵,云
員,云
𪔅,云
愪,云
𧶊,云
耺,云
橒,云
䉙,云
煴,影
氳,影
緼,影
馧,影
蒀,影
𥠺,影
䡝,影
蘊,影
㚃,影
汾,並
墳,並
𣱦,並
鼖,並
䩿,並
𪔵,並
焚,並
燌,並
羒,並
豶,並
羵,並
枌,並
蕡,並
𦶁,並
橨,並
棼,並
葐,並
𧮱,並
妢,並
梤,並
䫶,並
馩,並
馚,並
鼢,並
蚡,並
轒,並
饙,幫
餴,幫
𡊄,幫
𣯻,幫
羣,群
帬,群
裠,群
薰,曉
曛,曉
勲,曉
勛,曉
熏,曉
燻,曉
獯,曉
纁,曉
醺,曉
葷,曉
焄,曉
臐,曉
君,見
軍,見
皸,見
桾,見
䇹,見
鮶,見
芬,滂
紛,滂
𢁥,滂
𣬩,滂
衯,滂
𦐈,滂
雰,滂
𨷹,滂
錀,滂
欣,曉
忻,曉
昕,曉
訢,曉
炘,曉
邤,曉
殷,影
慇,影
㶏,影
溵,影
勤,群
芹,群
懃,群
懄,群
瘽,群
斤,見
筋,見
䈥,見
䖐,疑
㹜,疑
齗,疑
斦,疑
元,疑
原,疑
𨙅,疑
源,疑
厵,疑
杬,疑
嫄,疑
沅,疑
騵,疑
黿,疑
羱,疑
蚖,疑
𧔞,疑
芫,疑
邧,疑
榞,疑
㹉,疑
䬧,疑
獂,疑
阮,疑
蒝,疑
袁,云
爰,云
垣,云
𩫧,云
園,云
援,云
榬,云
轅,云
鶢,云
媛,云
溒,云
𧻚,云
蝯,云
猨,云
猿,云
煩,並
𨆌,並
蹯,並
繁,並
蘩,並
薠,並
樊,並
𢶃,並
燔,並
膰,並
瀿,並
羳,並
䪤,並
鷭,並
蟠,並
蠜,並
礬,並
𪖇,並
𨟄,並
璠,並
笲,並
𥢌,並
㺕,並
襎,並
袢,並
棥,並
緐,並
𥿋,並
墦,並
𢐲,並
䮳,並
𧢜,並
飜,滂
翻,滂
幡,滂
𤃳,滂
𤄜,滂
暄,曉
喛,曉
萱,曉
諼,曉
塤,曉
壎,曉
喧,曉
諠,曉
愋,曉
讙,曉
翧,曉
䚭,曉
蝖,曉
鴛,影
冤,影
㠾,影
鵷,影
𣹠,影
惌,影
䥉,影
宛,影
蜿,影
𩝸,影
蒬,影
怨,影
𡟰,影
葾,影
䩩,影
眢,影
言,疑
琂,疑
甗,疑
䇾,疑
䓂,疑
攑,溪
軒,曉
掀,曉
鶱,曉
蓒,曉
𢳚,見
𣘖,見
鞬,見
𩎀,見
㓺,見
䭈,見
𩱡,見
𩱤,見
蔫,影
鱕,幫
籓,幫
𥴤,群
赶,群
樠,明
䰟,匣
㮯,匣
䮝,匣
餛,匣
䴷,匣
鼲,匣
渾,匣
𦸌,匣
俒,匣
堚,匣
𢣒,匣
𣝂,匣
㨡,匣
琿,匣
昆,見
晜,見
𥊽,見
菎,見
㡓,見
褌,見
崐,見
琨,見
鵾,見
鯤,見
䖵,見
蜫,見
惃,見
㱎,見
錕,見
瑻,見
𪋆,見
猑,見
騉,見
𥁕,影
溫,影
輼,影
蕰,影
𩥈,影
殟,影
𨜵,影
豱,影
韞,影
㼔,影
𪉸,影
門,明
捫,明
虋,明
璊,明
亹,明
𤅣,明
䫒,明
𣯩,明
䟂,明
䊟,明
𪈿,明
孫,心
蓀,心
飧,心
蕵,心
猻,心
搎,心
尊,精
罇,精
樽,精
繜,精
存,從
蹲,從
拵,從
𨚲,從
袸,從
弴,端
㢯,端
驐,端
墩,端
𤭞,端
暾,透
涒,透
𪏆,透
𧑒,透
黗,透
豚,定
㹠,定
豘,定
臀,定
𡱂,定
𦞠,定
𩪡,定
軘,定
飩,定
𥴫,定
坉,定
邨,定
忳,定
啍,定
芚,定
庉,定
𪎶,定
𤫭,定
村,清
瘒,疑
盆,並
𪂽,並
奔,幫
犇,幫
崘,來
菕,來
坤,溪
巛,溪
髡,溪
𩒱,溪
臗,溪
髖,溪
豤,溪
昏,曉
惛,曉
婚,曉
棔,曉
閽,曉
殙,曉
𣣏,曉
噴,滂
歕,滂
黁,泥
痕,匣
鞎,匣
拫,匣
㯊,匣
根,見
跟,見
𣥦,見
恩,影
𤇯,影
煾,影
吞,透
寒,匣
𩏑,匣
韓,匣
𦺦,匣
翰,匣
鶾,匣
邯,匣
虷,匣
𧃙,匣
䮧,匣
犴,疑
𡽜,疑
襌,端
鄲,端
丹,端
殫,端
簞,端
匰,端
㠆,端
䐷,端
安,影
䀂,影
鞌,影
䢿,影
侒,影
難,泥
𪇠,泥
𩁘,泥
𩁣,泥
餐,清
湌,清
䉔,清
嘆,透
擹,透
㨏,透
𦙽,心
跚,心
珊,心
姍,心
䈀,心
壇,定
檀,定
彈,定
但,定
胆,定
唌,定
貚,定
殘,從
䏼,從
戔,從
𥂥,從
𣦻,從
干,見
漧,見
竿,見
肝,見
奸,見
鳱,見
玕,見
迀,見
㿻,見
𢧀,見
𨝌,見
𡯋,見
蘭,來
瀾,來
闌,來
讕,來
攔,來
𨷻,來
籣,來
䪍,來
欄,來
躝,來
幱,來
㘓,來
看,溪
栞,溪
𣓁,溪
刊,溪
桓,匣
完,匣
䴟,匣
𩾞,匣
丸,匣
瓛,匣
紈,匣
𦼉,匣
汍,匣
芄,匣
豲,匣
荁,匣
綄,匣
𦏊,匣
萈,匣
狟,匣
峘,匣
㿪,匣
垸,匣
寏,匣
捖,匣
岏,疑
刓,疑
园,疑
忨,疑
䯈,疑
抏,疑
𠒢,疑
端,端
褍,端
𧤗,端
耑,端
鍴,端
𥵣,端
𦾸,端
𥠄,端
剜,影
豌,影
帵,影
貒,透
䵎,透
煓,透
酸,心
狻,心
䝜,心
痠,心
𩆑,心
團,定
慱,定
𧐕,定
漙,定
𪆃,定
𩅂,定
櫕,從
巑,從
酇,從
穳,從
𥣚,從
官,見
悹,見
棺,見
觀,見
貫,見
冠,見
涫,見
倌,見
毌,見
鑾,來
鸞,來
巒,來
欒,來
羉,來
𧄶,來
,來
㱍,來
臠,來
灤,來
灓,來
𤼙,來
圞,來
曫,來
歡,曉
驩,曉
貛,曉
𪈩,曉
鴅,曉
酄,曉
獾,曉
犿,曉
𡚊,曉
𠂄,曉
寬,溪
鑚,精
𩎑,精
䡽,精
𣀶,精
槃,並
盤,並
鎜,並
柈,並
瘢,並
磻,並
幋,並
磐,並
搫,並
鞶,並
𪄀,並
𥈼,並
媻,並
縏,並
𪒀,並
𤠍,並
瞞,明
顢,明
謾,明
䊡,明
饅,明
慲,明
鏝,明
槾,明
墁,明
㒼,明
鞔,明
鰻,明
曼,明
蔓,明
䜱,明
𤡁,明
𦔔,明
芇,明
悗,明
鬗,明
絻,明
潘,滂
㽃,滂
㢖,滂
𤺏,滂
𤳖,幫
𠦒,幫
刪,生
訕,生
潸,生
𣧱,生
狦,生
關,見
関,見
癏,見
𠴨,見
𢇇,見
彎,影
灣,影
䘎,影
𩅦,影
潫,影
𣠯,生
環,匣
𠟼,匣
鬟,匣
寰,匣
闤,匣
糫,匣
鍰,匣
鐶,匣
轘,匣
𡍦,匣
䍺,匣
𦏖,匣
澴,匣
𩙽,匣
䭴,匣
㡲,匣
𦣴,匣
班,幫
螌,幫
斑,幫
辬,幫
斒,幫
鯿,幫
𠔯,幫
蠻,明
𪈮,明
獌,明
鬘,明
䅼,明
𪑪,明
顏,疑
楌,疑
姦,見
菅,見
葌,見
䔵,見
攀,滂
眅,滂
奻,娘
頑,疑
鬜,溪
山,生
疝,生
邖,生
鰥,見
䤽,見
閒,見
艱,見
囏,見
蕑,見
閑,匣
嫺,匣
癇,匣
𩦂,匣
蛝,匣
瞯,匣
鷴,匣
藖,匣
憪,匣
慳,溪
𧢞,溪
顅,溪
掔,溪
鬝,溪
羥,溪
𩋆,溪
潺,崇
孱,崇
僝,崇
䡲,崇
羴,曉
㗴,疑
虤,疑
㸶,影
黫,影
斕,來
𢿻,來
𢛓,來
嘫,娘
㺗,昌
嬽,影
㣶,知
先,心
躚,心
蹮,心
𥑻,心
前,從
歬,從
騚,從
𥮒,從
千,清
圱,清
阡,清
汘,清
仟,清
芊,清
谸,清
迁,清
杄,清
箋,精
牋,精
㮍,精
韉,精
𢃬,精
𣚙,精
濺,精
籛,精
𣝕,精
𨕨,精
天,透
𠀘,透
䒶,透
𦧝,透
堅,見
鑒,見
㡉,見
幵,見
肩,見
𧱚,見
猏,見
菺,見
麉,見
鵳,見
鰹,見
䌑,見
賢,匣
弦,匣
舷,匣
胘,匣
蚿,匣
𢛆,匣
𠛑,匣
伭,匣
𦱁,匣
婱,匣
𧼏,匣
痃,匣
煙,影
𡨾,影
𤎟,影
燕,影
咽,影
驠,影
胭,影
𥷀,影
閼,影
蓮,來
憐,來
怜,來
嗹,來
縺,來
𪍴,來
𨏩,來
零,來
田,定
佃,定
畋,定
窴,定
闐,定
䟧,定
鈿,定
䡘,定
沺,定
鷏,定
𨌈,定
搷,定
秊,泥
年,泥
𨛲,泥
㒹,端
齻,端
𩥄,端
槙,端
瘨,端
癲,端
巔,端
𠑘,端
傎,端
蹎,端
厧,端
牽,溪
縴,溪
郉,溪
汧,溪
蚈,溪
岍,溪
姸,疑
硏,疑
𥓋,疑
揅,疑
㿼,疑
眠,明
瞑,明
䏃,明
矏,明
𥌂,明
䰓,明
㝰,明
骿,並
軿,並
駢,並
㼐,並
胼,並
楄,並
賆,並
琕,並
淵,影
𠝃,影
囦,影
㾓,影
剈,影
𨓯,影
䨊,影
涓,見
睊,見
蠲,見
𦮻,見
䅌,見
鵑,見
鋗,曉
駽,曉
㘣,曉
梋,曉
矎,曉
邊,幫
籩,幫
𤄺,幫
甂,幫
蝙,幫
𥣰,幫
編,幫
𨇱,幫
𠑟,幫
牑,幫
玄,匣
縣,匣
懸,匣
眩,匣
䮄,匣
玹,匣
玆,匣
䙲,匣
𠆺,匣
盷,匣
祆,曉
訮,曉
𤜼,崇
仙,心
僊,心
㒨,心
㲔,心
䉳,心
苮,心
秈,心
鮮,心
鱻,心
廯,心
𧔢,從
遷,清
𨙙,清
𠨧,清
𨝍,清
櫏,清
䉦,清
韆,清
㿊,清
煎,精
葏,精
鬋,精
然,日
燃,日
𤡮,日
肰,日
繎,日
𥳚,日
䕼,日
𤓉,日
筵,以
狿,以
郔,以
綖,以
䀽,以
𨕐,以
莚,以
𩜾,章
饘,章
旃,章
旜,章
栴,章
氈,章
鸇,章
𩔣,章
鱣,知
𩼼,知
羶,書
挻,書
扇,書
煽,書
鯅,書
梴,徹
㢟,徹
蟬,常
禪,常
嬋,常
纏,澄
緾,澄
躔,澄
瀍,澄
鄽,澄
𨷭,澄
𧔊,澄
廛,澄
㙻,澄
嘕,曉
屳,曉
𦒜,曉
連,來
聮,來
漣,來
翴,來
鰱,來
㺦,來
令,來
䃛,來
㦁,來
槤,來
𪚁,來
㶌,來
篇,滂
偏,滂
翩,滂
媥,滂
㾫,滂
便,並
楩,並
平,並
諞,並
㛹,並
𧍲,並
緜,明
綿,明
棉,明
矊,明
蝒,明
𧉄,明
𢣔,明
宀,明
𩕰,明
櫋,明
𣏜,明
臱,明
㮌,明
𣡠,明
全,從
泉,從
𧍭,從
牷,從
葲,從
宣,心
揎,心
㩊,心
𡈣,心
𩕖,心
瑄,心
𩓧,心
鐫,精
鋑,精
朘,精
翾,曉
儇,曉
蠉,曉
𧾎,曉
譞,曉
䙇,日
瑌,日
撋,日
穿,昌
川,昌
沿,以
㳂,以
鉛,以
櫞,以
捐,以
鳶,以
蝝,以
緣,以
䱲,以
𦿂,以
旋,邪
璿,邪
𤩅,邪
𤫀,邪
䗠,邪
㳬,邪
琁,邪
璇,邪
𣟳,邪
蜁,邪
㔯,邪
䁢,邪
嫙,邪
鏇,邪
娟,影
悁,影
𡷡,影
𡣬,影
船,船
舩,船
鞭,幫
鯾,幫
揙,幫
㳄,邪
詮,清
銓,清
硂,清
痊,清
佺,清
悛,清
駩,清
筌,清
絟,清
縓,清
荃,清
𠛮,清
峑,清
𠥙,清
鐉,清
拴,清
專,章
甎,章
顓,章
嫥,章
鱄,章
𩠹,章
遄,常
輲,常
輇,常
椯,常
歂,常
貟,云
蟤,莊
栓,生
𨏉,生
猭,徹
虔,群
鰬,群
𨜻,群
榩,群
鍵,群
愆,溪
䇂,溪
諐,溪
𠎝,溪
褰,溪
騫,溪
𧽐,溪
攐,溪
㗔,溪
權,群
拳,群
顴,群
踡,群
婘,群
孉,群
䠰,群
𤷄,群
蠸,群
齤,群
𪈻,群
𥆗,群
𥁠,群
𢑆,群
䟒,群
䑏,群
蜷,群
椽,澄
攣,來
㒽,溪
棬,溪
𨟠,溪
鄢,影
䗡,云
勬,見
蕭,心
簫,心
彇,心
蟰,心
橚,心
潚,心
𩙚,心
踃,心
𦐺,心
㲖,心
艘,心
瞍,心
祧,透
脁,透
𣂁,透
庣,透
聎,透
貂,端
𠚥,端
刁,端
琱,端
凋,端
鯛,端
䂏,端
雕,端
鵰,端
蛁,端
彫,端
𧜣,端
𧘨,端
䒒,端
𦶌,端
𦨣,端
㚋,端
奝,端
瞗,端
迢,定
條,定
樤,定
髫,定
跳,定
鋚,定
𧌁,定
蜩,定
苕,定
芀,定
岧,定
䩦,定
𠤼,定
𣬸,定
𠧪,定
鰷,定
驍,見
梟,見
𥄉,見
憿,見
蟂,見
徼,見
聊,來
𦗖,來
膋,來
膫,來
飉,來
遼,來
憀,來
竂,來
寥,來
料,來
㙩,來
橑,來
撩,來
廖,來
僚,來
寮,來
鐐,來
簝,來
豂,來
鷯,來
𥲊,來
璙,來
嫽,來
漻,來
蟟,來
瞭,來
䜮,來
𧂏,來
𩯊,來
嶚,來
翏,來
繚,來
憭,來
髎,來
𡽐,來
蟧,來
𦿌,來
敹,來
嘹,來
熮,來
堯,疑
嶢,疑
僥,疑
垚,疑
膮,曉
嘵,曉
憢,曉
𦟞,曉
䎄,曉
幺,影
怮,影
葽,影
䱂,影
𥃩,影
鄡,溪
郻,溪
墽,溪
𡩇,溪
宵,心
消,心
霄,心
逍,心
痟,心
銷,心
焇,心
硝,心
𤞚,心
䴛,心
魈,心
超,徹
欩,徹
𢁾,徹
𠰉,徹
䫿,徹
𦩻,知
𪓙,澄
晁,澄
鼂,澄
潮,澄
嚻,曉
枵,曉
歊,曉
獢,曉
𤣠,曉
藃,曉
呺,曉
𩱴,曉
虈,曉
樵,從
藮,從
劁,從
憔,從
顦,從
䏆,從
譙,從
嶕,從
𨝱,從
驕,見
穚,見
簥,見
撟,見
焦,精
𤓪,精
㲬,精
蕉,精
膲,精
鷦,精
椒,精
茮,精
蟭,精
醮,精
𪚱,精
燋,精
䌭,精
饒,日
襓,日
㹛,日
蕘,日
燒,書
遙,以
媱,以
傜,以
颻,以
𣣳,以
窯,以
窰,以
䔄,以
𦾺,以
珧,以
鰩,以
姚,以
搖,以
謠,以
愮,以
𨙂,以
蘨,以
鷂,以
烑,以
𢋇,以
𢑄,以
㫍,以
榣,以
嗂,以
䠛,以
瑤,以
猺,以
餆,以
韶,常
㲈,常
佋,常
𦯐,常
玿,常
𢃳,常
柖,常
㸛,常
昭,章
鉊,章
招,章
盄,章
飊,幫
標,幫
猋,幫
瘭,幫
幖,幫
熛,幫
㠒,幫
蔈,幫
驫,幫
𣄠,幫
贆,幫
鑣,幫
𩽁,幫
臕,幫
儦,幫
𦔩,幫
瓢,並
薸,並
𣞈,並
䖢,明
㠺,明
𪃦,明
苗,明
描,明
緢,明
貓,明
猫,明
要,影
腰,影
喓,影
𧍔,影
䙅,影
䳩,影
鴞,云
橋,群
僑,群
㝯,群
鐈,群
㠐,群
轎,群
𦒓,群
䀉,群
鍫,清
篍,清
幧,清
𣖄,清
妖,影
祅,影
枖,影
訞,影
夭,影
繑,溪
趬,溪
蹺,溪
弨,昌
爂,滂
漂,滂
𩙒,滂
嫖,滂
旚,滂
犥,滂
鏢,滂
僄,滂
𪅃,滂
彯,滂
𨄏,滂
翲,滂
瞟,滂
嘌,滂
翹,群
荍,群
𧄍,群
嘺,群
䎗,群
燎,來
橇,溪
鞽,溪
肴,匣
餚,匣
崤,匣
𦺔,匣
殽,匣
洨,匣
㮁,匣
爻,匣
淆,匣
笅,匣
胶,匣
𨠦,匣
䋂,匣
㤊,匣
䂚,匣
交,見
蛟,見
茭,見
鵁,見
鮫,見
郊,見
轇,見
㶀,見
䢒,見
教,見
𥹜,見
鉸,見
芁,見
𩎔,見
巢,崇
轈,崇
𣝞,崇
樔,崇
𡏮,崇
鄛,崇
鐃,娘
呶,娘
譊,娘
怓,娘
䴃,娘
𥗰,娘
𡽧,娘
梢,生
髾,生
輎,生
旓,生
弰,生
䈰,生
筲,生
䘯,生
颵,生
娋,生
𡡏,生
茅,明
鶜,明
媌,明
虓,曉
髇,曉
穘,曉
窙,曉
嗃,曉
䬘,曉
哮,曉
庨,曉
灱,曉
涍,曉
𩾾,曉
㹲,曉
包,幫
苞,幫
勹,幫
脬,滂
拋,滂
𢿏,滂
敲,溪
跤,溪
骹,溪
㤍,溪
䂭,溪
礉,溪
墝,溪
頝,溪
聱,疑
謷,疑
磝,疑
𦗔,莊
抓,莊
𠿈,莊
嘲,知
䞴,知
啁,知
鳭,知
䜈,初
抄,初
鈔,初
𦾱,初
庖,並
咆,並
匏,並
炰,並
鉋,並
瓟,並
狍,並
跑,並
捊,並
㯡,並
䫜,影
㕭,影
坳,影
窅,影
軪,影
眑,影
梎,影
𠣑,影
䫸,徹
嘮,徹
顟,來
賿,來
䄻,澄
豪,匣
號,匣
毫,匣
噑,匣
獋,匣
濠,匣
壕,匣
𩕍,匣
𣘫,匣
𠢕,匣
𨼍,匣
髙,見
膏,見
臯,見
皋,見
羔,見
餻,見
𡼗,見
櫜,見
鼛,見
鷱,見
篙,見
橰,見
𧢌,見
䔌,見
㤒,見
䆁,見
𣓌,見
䓘,見
𨝲,見
勞,來
澇,來
牢,來
窂,來
簩,來
䝁,來
𧰉,來
醪,來
撈,來
㟉,來
㗦,來
髝,來
憥,來
𨦭,來
𤩂,來
嫪,來
哰,來
𣘪,來
蒿,曉
𧯌,曉
薅,曉
茠,曉
𣐾,曉
毛,明
髦,明
芼,明
𣹪,明
旄,明
楙,明
枆,明
酕,明
堥,明
饕,透
韜,透
縚,透
謟,透
滔,透
叨,透
弢,透
𩥓,透
𤘸,透
慆,透
絛,透
幍,透
𠌪,透
槄,透
夲,透
𠦎,透
搯,透
瑫,透
𠬢,透
䈱,透
𠚜,透
詜,透
刀,端
魛,端
忉,端
舠,端
𩕯,端
騷,心
搔,心
缫,心
臊,心
鰠,心
溞,心
颾,心
鱢,心
㮴,心
䑹,心
𠋺,心
袍,並
袌,並
軳,並
襃,幫
褒,幫
𠅬,幫
䛬,定
䛌,定
桃,定
綯,定
燾,定
逃,定
鼗,定
鞀,定
鞉,定
濤,定
掏,定
騊,定
萄,定
翿,定
匋,定
啕,定
錭,定
裪,定
糟,精
醩,精
遭,精
㷮,精
傮,精
𣩒,精
敖,疑
遨,疑
翺,疑
驁,疑
熬,疑
嶅,疑
獒,疑
滶,疑
蔜,疑
鷔,疑
鼇,疑
螯,疑
嗸,疑
嗷,疑
䫨,疑
𢧴,疑
摮,疑
嫯,疑
䦋,疑
𣘢,疑
𦪈,疑
𩪕,疑
鰲,疑
曹,從
𣍘,從
螬,從
嘈,從
䄚,從
艚,從
𩫥,從
䐬,從
蓸,從
漕,從
褿,從
𤏶,影
䥝,影
鏖,影
𤣜,泥
巎,泥
嶩,泥
峱,泥
𤫕,泥
尻,溪
𢻥,清
㯱,滂
䫽,滂
㲏,滂
歌,見
謌,見
柯,見
㤎,見
牁,見
滒,見
哥,見
鴚,見
蹉,清
瑳,清
搓,清
磋,清
多,端
𦰿,端
𦷛,端
娑,心
挱,心
挲,心
䓾,心
𠈱,心
桫,心
䤬,心
𥆝,心
駝,定
駞,定
鼉,定
𡩆,定
紽,定
鮀,定
陀,定
䍫,定
沱,定
跎,定
酡,定
㼠,定
䭾,定
迱,定
𩉺,定
䡐,定
𧕛,定
醝,從
㽨,從
䣜,從
鹺,從
嵳,從
䴾,從
䑘,從
䠡,從
躦,從
虘,從
莪,疑
哦,疑
娥,疑
䄉,疑
峩,疑
鵝,疑
俄,疑
𩒰,疑
蛾,疑
睋,疑
涐,疑
誐,疑
硪,疑
他,透
它,透
羅,來
蘿,來
籮,來
儸,來
饠,來
𤄷,來
欏,來
囉,來
鑼,來
剆,來
那,泥
㔮,泥
𤘟,泥
挪,泥
儺,泥
𠹈,泥
𡖔,泥
𩴓,泥
何,匣
河,匣
荷,匣
苛,匣
魺,匣
訶,曉
呵,曉
𩑸,曉
㱒,曉
抲,曉
珂,溪
𠳊,溪
䯊,溪
軻,溪
阿,影
娿,影
痾,影
妸,影
䋪,影
鈳,影
戈,見
過,見
鍋,見
𨍋,見
楇,見
瘑,見
𩰫,見
𩰬,見
堝,見
𩾷,見
𧒖,見
遳,清
𨹃,端
桗,端
莎,心
莏,心
𢘿,心
趖,心
唆,心
𧨀,心
梭,心
𣜤,心
婆,並
鄱,並
𩕏,並
蔢,並
碢,定
堶,定
摩,明
𩞁,明
𥂓,明
𡡉,明
魔,明
䯢,明
磨,明
劘,明
𦟟,明
𦣆,明
䭩,明
矬,從
痤,從
㭫,從
睉,從
訛,疑
譌,疑
吪,疑
鈋,疑
魤,疑
𠂬,疑
𧦭,透
涶,透
䛢,透
䜏,透
𩼊,來
摞,來
騾,來
驘,來
鸁,來
𣜄,來
螺,來
蠃,來
𥢵,來
𥡜,來
𧄿,來
𨰠,來
覼,來
波,幫
嶓,幫
頗,滂
坡,滂
𨸭,滂
玻,滂
和,匣
咊,匣
𤖱,匣
禾,匣
龢,匣
鉌,匣
䒩,匣
盉,匣
科,溪
窠,溪
薖,溪
萪,溪
蝌,溪
犐,溪
課,溪
䈖,溪
髁,溪
𠏀,溪
濄,影
涹,影
𡑟,影
踒,影
𥟿,影
鞾,曉
靴,曉
𢪎,曉
㗾,曉
𦚢,影
𠏃,影
𩨷,溪
𩨭,溪
伽,群
佉,溪
呿,溪
㰦,溪
𠋧,溪
迦,見
脞,清
侳,精
𩛠,精
瘸,群
𦣛,來
麻,明
犘,明
蟆,明
𪓹,明
𩔶,明
痲,明
㦄,明
硨,昌
奢,書
賒,書
畲,書
耶,以
瑘,以
釾,以
鎁,以
椰,以
擨,以
䓉,以
𦰳,以
𦭿,以
𥯘,以
遮,章
𠌮,章
㸙,章
嗟,精
𧨁,精
罝,精
𨲠,精
㜘,精
䦈,精
驊,匣
鷨,匣
𧑍,匣
鏵,匣
樺,匣
崋,匣
瓜,見
㧓,見
花,曉
譁,曉
𧪮,曉
誇,溪
䠸,溪
夸,溪
姱,溪
跨,溪
胯,溪
𠇗,溪
䯞,溪
拏,娘
詉,娘
摣,娘
𧘽,娘
𧦮,娘
嘉,見
家,見
加,見
葭,見
笳,見
麚,見
䴥,見
豭,見
猳,見
痂,見
鴐,見
袈,見
𣮫,見
跏,見
𨔣,見
𤠙,見
𧉪,見
珈,見
瘕,見
犌,見
幏,見
貑,見
蟼,見
遐,匣
蝦,匣
鍜,匣
霞,匣
瑕,匣
騢,匣
鰕,匣
䠍,匣
䫗,匣
碬,匣
䪗,匣
𩋥,匣
赮,匣
蕸,匣
葩,滂
妑,滂
舥,滂
𧣃,滂
鴉,影
鵶,影
錏,影
㝞,影
椏,影
丫,影
䃁,影
𠜲,影
巴,幫
豝,幫
芭,幫
㿬,幫
杈,初
鎈,初
䑡,初
鯊,生
沙,生
砂,生
裟,生
㲚,生
桬,生
紗,生
牙,疑
芽,疑
齖,疑
枒,疑
樝,莊
柤,莊
𦳏,莊
㪥,莊
皻,莊
渣,莊
𤹡,莊
𥡧,莊
浾,莊
𡨀,澄
䠧,澄
茶,澄
𡝐,澄
𦛝,澄
𥥸,澄
𨼑,澄
衺,邪
𥍸,常
窊,影
畖,影
窪,影
髽,莊
檛,知
𥬸,知
膼,知
爬,並
杷,並
琶,並
楂,崇
槎,崇
㢒,崇
侘,徹
𤵾,徹
㗬,徹
奓,知
𧬅,知
觰,知
咤,知
𪗭,知
䐒,知
煆,曉
谺,曉
疨,曉
岈,曉
颬,曉
䶗,溪
㤉,溪
𡤫,溪
㚗,從
若,日
些,心
𣢉,疑
𩨾,疑
𣘟,溪
陽,以
暘,以
楊,以
揚,以
颺,以
昜,以
羊,以
眻,以
徉,以
烊,以
煬,以
鍚,以
𩋬,以
輰,以
敭,以
瘍,以
鴹,以
鰑,以
鸉,以
蛘,以
諹,以
𥂸,以
𦭵,以
𦍹,以
翔,邪
庠,邪
祥,邪
𨀘,邪
𦍙,邪
良,來
梁,來
粱,來
粮,來
糧,來
涼,來
凉,來
𩗬,來
量,來
蜋,來
踉,來
椋,來
䝶,來
綡,來
𣄴,來
㹁,來
䣼,來
輬,來
香,曉
薌,曉
鄉,曉
膷,曉
商,書
𧶜,書
傷,書
殤,書
慯,書
觴,書
蔏,書
𪄲,書
螪,書
䵮,書
饟,書
䵼,書
塲,書
𤳈,書
房,並
防,並
魴,並
章,章
漳,章
樟,章
慞,章
璋,章
彰,章
墇,章
障,章
麞,章
獐,章
鄣,章
蔁,章
𪅂,章
𩌬,章
暲,章
昌,昌
裮,昌
倡,昌
猖,昌
閶,昌
琩,昌
鯧,昌
菖,昌
羌,溪
猐,溪
𡸓,溪
蜣,溪
薑,見
𧅁,見
畺,見
疆,見
壃,見
畕,見
㹔,見
繮,見
韁,見
殭,見
礓,見
橿,見
姜,見
䗵,見
僵,見
萇,澄
腸,澄
場,澄
䠆,澄
㙊,澄
䗅,澄
瓺,澄
張,知
餦,知
粻,知
漲,知
穰,日
禳,日
攘,日
𣀮,日
𨟚,日
躟,日
瀼,日
𩆶,日
獽,日
儴,日
蘘,日
䉴,日
勷,日
汸,幫
蚄,幫
枋,幫
鈁,幫
牥,幫
䄱,幫
匚,幫
襄,心
廂,心
湘,心
相,心
緗,心
纕,心
忀,心
驤,心
瓖,心
箱,心
葙,心
將,精
漿,精
鱂,精
蔣,精
螿,精
𢪇,精
創,初
瘡,初
𠛂,初
亡,明
芒,明
莣,明
鋩,明
硭,明
杗,明
朚,明
邙,明
𨛌,明
望,明
朢,明
娘,娘
牀,崇
床,崇
莊,莊
㽵,莊
妝,莊
裝,莊
䊋,莊
常,常
尚,常
裳,常
甞,常
嘗,常
鋿,常
𩼝,常
償,常
𪄹,常
徜,常
霜,生
鸘,生
鷞,生
孀,生
驦,生
騻,生
牆,從
廧,從
墻,從
檣,從
蘠,從
𤞛,從
鏘,清
瑲,清
蹌,清
蹡,清
𨄚,清
斨,清
牄,清
嶈,清
𨶆,清
匡,溪
邼,溪
筐,溪
䖱,溪
框,溪
恇,溪
劻,溪
𩬹,溪
洭,溪
眶,溪
䒰,溪
𩢼,溪
王,云
蚟,云
𩵭,云
彺,云
央,影
鴦,影
殃,影
䄃,影
鉠,影
秧,影
霙,影
泱,影
強,群
䲔,群
勥,群
鼚,徹
芳,滂
妨,滂
淓,滂
狂,群
軖,群
鵟,群
㞷,群
唐,定
啺,定
𥏬,定
煻,定
糖,定
糛,定
堂,定
坣,定
𪕹,定
棠,定
搪,定
蓎,定
瑭,定
餹,定
篖,定
螗,定
𤚫,定
𤛋,定
螳,定
塘,定
碭,定
鶶,定
𩹶,定
赯,定
磄,定
溏,定
䣘,定
傏,定
隚,定
䧜,定
𨶈,定
鎕,定
䉎,定
𨍴,定
橖,定
榶,定
㲥,定
㼺,定
郎,來
蓈,來
稂,來
桹,來
廊,來
榔,來
鋃,來
硠,來
𪁜,來
浪,來
䯖,來
𩷕,來
琅,來
瑯,來
㝗,來
狼,來
欴,來
𦵧,來
莨,來
㟍,來
䡙,來
艆,來
駺,來
躴,來
筤,來
𥍫,來
閬,來
哴,來
當,端
簹,端
襠,端
璫,端
𨎴,端
檔,端
儅,端
𦡁,端
㼕,端
蟷,端
倉,清
蒼,清
鶬,清
𩀞,清
凔,清
𠥐,清
岡,見
崗,見
剛,見
㓻,見
掆,見
鋼,見
綱,見
犅,見
堈,見
𤭛,見
牨,見
桑,心
桒,心
𠸶,心
喪,心
𦅇,心
𩦌,心
康,溪
穅,溪
糠,溪
㱂,溪
㝩,溪
槺,溪
𨻷,溪
䗧,溪
𥉽,溪
漮,溪
𤮊,溪
躿,溪
荒,曉
𥡃,曉
肓,曉
衁,曉
𩣐,曉
𥿼,曉
㠵,曉
𧧢,曉
𣆖,曉
㡆,曉
巟,曉
𣺬,曉
黃,匣
皇,匣
璜,匣
惶,匣
遑,匣
潢,匣
堭,匣
煌,匣
餭,匣
騜,匣
艎,匣
簧,匣
隍,匣
癀,匣
𨝴,匣
湟,匣
徨,匣
篁,匣
鱑,匣
蝗,匣
凰,匣
偟,匣
媓,匣
獚,匣
蟥,匣
韹,匣
𨜔,匣
䍿,匣
䅣,匣
𤯷,匣
葟,匣
趪,匣
光,見
灮,見
桄,見
胱,見
垙,見
𨎩,見
輄,見
𩧉,見
恍,見
茪,見
僙,見
侊,見
鏜,透
𧼮,透
蝪,透
鼞,透
薚,透
滂,滂
鎊,滂
霶,滂
雱,滂
䨦,滂
磅,滂
汪,影
尣,影
尪,影
𪁘,影
佒,影
咉,影
𧲱,影
㹧,影
眏,影
姎,影
㰠,曉
䐠,曉
航,匣
筕,匣
桁,匣
行,匣
𨁈,匣
𦐄,匣
胻,匣
杭,匣
沆,匣
肮,匣
吭,匣
茫,明
吂,明
汒,明
恾,明
忙,明
𥐞,明
蘉,明
𡩩,明
臧,精
匨,精
䍧,精
贓,精
囊,泥
傍,並
膀,並
䠙,並
旁,並
篣,並
𨜷,並
䅭,並
卬,疑
䭹,疑
枊,疑
昂,疑
䒢,疑
㭿,疑
䩕,疑
藏,從
䯑,溪
幫,幫
縍,幫
㨍,幫
𨢐,幫
鞤,幫
庚,見
鶊,見
更,見
䢚,見
秔,見
稉,見
粳,見
賡,見
羹,見
𩱧,見
埂,見
浭,見
阬,溪
坑,溪
𥉸,溪
砊,溪
劥,溪
盲,明
蝱,明
鄳,明
𥋝,明
𨞚,明
䥰,明
𥭮,明
黌,匣
鐄,匣
瑝,匣
鍠,匣
䬝,匣
㶇,匣
䄓,匣
𧝒,匣
𤮏,匣
𪏓,匣
𢘌,匣
彋,匣
閍,幫
祊,幫
𥛱,幫
嗙,幫
㔙,幫
諻,曉
䎕,曉
嚝,曉
觵,見
觥,見
𩃙,見
䍔,見
𣘯,見
彭,並
膨,並
蟚,並
棚,並
䄘,並
𩡕,並
憉,並
輣,並
𨍩,並
脝,曉
悙,曉
瞠,徹
橕,徹
樘,徹
竀,徹
鎗,初
琤,初
傖,崇
䚘,崇
𩫿,崇
鬇,崇
崢,崇
韺,影
渶,影
鶧,影
英,影
瑛,影
㿮,影
媖,影
楧,影
恲,滂
評,並
苹,並
枰,並
泙,並
坪,並
胓,並
蚲,並
驚,見
京,見
荆,見
麠,見
麖,見
鶁,見
明,明
盟,明
𥁰,明
䳟,明
鳴,明
棖,澄
澄,澄
掁,澄
挰,澄
憕,澄
趟,知
𩘽,知
榮,云
禜,云
蠑,云
揘,云
兵,幫
兄,曉
卿,溪
生,生
笙,生
牲,生
狌,生
甥,生
䴤,生
鼪,生
珄,生
擎,群
勍,群
黥,群
䵞,群
剠,群
鯨,群
檠,群
樈,群
葝,群
迎,疑
衡,匣
䯒,匣
洐,匣
珩,匣
蘅,匣
𦣍,匣
㲰,娘
𠽽,娘
獰,娘
𥣗,娘
𧂘,娘
耕,見
鏗,溪
銵,溪
䡰,溪
誙,溪
𡷨,溪
硻,溪
殸,溪
㧶,溪
䡩,溪
硜,溪
摼,溪
㰢,溪
甍,明
𣞑,明
䉚,明
萌,明
氓,明
甿,明
嫇,明
蕄,明
𧂛,明
𥌯,明
浜,幫
捠,幫
宏,匣
紘,匣
紭,匣
閎,匣
嵤,匣
𧮯,匣
耾,匣
翃,匣
浤,匣
竑,匣
鈜,匣
吰,匣
𥐪,匣
䪫,匣
𠑅,知
𧯫,知
䆸,知
甖,影
罌,影
罃,影
鶯,影
嚶,影
櫻,影
嫈,影
鸚,影
譻,影
鸎,影
𠠜,影
𦱊,崇
鏳,崇
崝,崇
錚,初
凈,初
棦,初
噌,初
儜,娘
薴,娘
鬡,娘
𧭈,娘
鑏,娘
䭢,娘
嬣,娘
怦,滂
姘,滂
閛,滂
𤘾,滂
伻,滂
䍬,滂
㛁,滂
匉,滂
抨,滂
砰,滂
轟,曉
輷,曉
揈,曉
鍧,曉
渹,曉
𦑟,曉
𥕗,曉
𢝁,曉
繃,幫
絣,幫
𢆸,幫
拼,幫
䑫,幫
揨,澄
𢾊,澄
𢿦,澄
瞪,澄
䆵,澄
䁎,澄
䆑,澄
泓,影
𨳮,影
㥊,並
庄,並
爭,莊
箏,莊
䋫,莊
䱢,莊
清,清
圊,清
情,從
晴,從
夝,從
䝼,從
精,精
菁,精
晶,精
鼱,精
𣻒,精
旌,精
旍,精
箐,精
𩓨,精
聙,精
盈,以
嬴,以
㜲,以
瀛,以
籝,以
楹,以
贏,以
𤟣,以
䕦,以
𨜏,以
𦝚,以
攍,以
營,以
塋,以
濴,以
嬰,影
瓔,影
纓,影
攖,影
𨟙,影
賏,影
蘡,影
貞,知
楨,知
禎,知
𨺟,知
檉,徹
赬,徹
䞓,徹
蟶,徹
成,常
𢦩,常
城,常
誠,常
宬,常
郕,常
筬,常
盛,常
珹,常
呈,澄
程,澄
酲,澄
珵,澄
䇸,澄
聲,書
征,章
𨢹,章
𦙫,章
鉦,章
怔,章
正,章
鴊,章
䋊,章
眐,章
𧘿,章
佂,章
輕,溪
𨆪,溪
鑋,溪
名,明
洺,明
跉,來
并,幫
栟,幫
傾,溪
頃,溪
𩛿,邪
縈,影
䪯,影
𢄋,影
瓊,群
璚,群
煢,群
焭,群
睘,群
惸,群
𢶇,群
藑,群
𡞦,群
赹,群
憌,群
𦽓,群
𦾵,群
𨍶,群
㒌,群
騂,心
𤙡,心
垶,心
觪,心
𦳲,群
靑,清
靘,清
經,見
巠,見
㓝,匣
刑,匣
形,匣
邢,匣
𤬐,匣
䣆,匣
鉶,匣
型,匣
陘,匣
侀,匣
鈃,匣
㼛,匣
𤭓,匣
鋞,匣
庭,定
停,定
鼮,定
莛,定
筳,定
亭,定
聤,定
霆,定
渟,定
𩹇,定
娗,定
㼗,定
𧖧,定
挺,定
楟,定
蜓,定
廷,定
㹶,定
𧓴,定
釘,端
䦺,端
靪,端
仃,端
叮,端
馨,曉
𠷓,曉
蛵,曉
星,心
曐,心
腥,心
胜,心
鮏,心
鯹,心
𥠀,心
醒,心
篂,心
惺,心
俜,滂
𢖊,滂
艵,滂
頩,滂
覮,滂
靈,來
霛,來
𩄀,來
𩆜,來
舲,來
齡,來
麢,來
𦏰,來
囹,來
鴒,來
䉁,來
蛉,來
鈴,來
霝,來
醽,來
苓,來
櫺,來
柃,來
𩆚,來
伶,來
泠,來
瓴,來
𧕅,來
拎,來
刢,來
𧆺,來
𤣘,來
𤫲,來
玲,來
𦉢,來
𩖊,來
㾉,來
聆,來
竛,來
𠄖,來
蘦,來
軨,來
䡼,來
笭,來
孁,來
𪕌,來
灵,來
𩟃,來
𩵀,來
龗,來
翎,來
閝,來
鹷,來
䴇,來
昤,來
駖,來
𧖜,來
𩆮,來
蕶,來
酃,來
詅,來
彾,來
䯍,來
呤,來
狑,來
𤣤,來
爧,來
冷,來
𠱠,來
𦫊,來
𢺰,來
澪,來
𥤞,來
秢,來
䕘,來
岭,來
𣬹,來
𩚹,來
紷,來
䉹,來
砱,來
阾,來
羚,來
姈,來
㸳,來
寧,泥
寍,泥
鸋,泥
䆨,泥
𧕝,泥
嚀,泥
聹,泥
汀,透
聽,透
廳,透
艼,透
𦉬,透
䩠,透
鞓,透
䋼,透
𦀚,透
庁,透
冥,明
榠,明
銘,明
鄍,明
溟,明
䫤,明
螟,明
𧱴,明
猽,明
蓂,明
𥹆,明
覭,明
暝,明
瓶,並
缾,並
蛢,並
䶄,並
荓,並
䈂,並
萍,並
蓱,並
郱,並
畊,並
洴,並
熒,匣
螢,匣
滎,匣
扃,見
駉,見
駫,見
坰,見
𪕍,見
𣕄,見
蒸,章
䒱,章
烝,章
𦚦,章
䕄,章
篜,章
脀,章
承,常
丞,常
澂,澄
懲,澄
陵,來
淩,來
夌,來
綾,來
凌,來
𠗲,來
蔆,來
菱,來
䔖,來
㥄,來
鯪,來
崚,來
㱥,來
掕,來
祾,來
𣣋,來
膺,影
應,影
𧕄,影
鷹,影
凭,並
憑,並
淜,並
㵗,並
冫,幫
冰,幫
掤,幫
蠅,以
繩,船
譝,船
憴,船
乗,船
椉,船
𠅞,船
溗,船
塍,船
塖,船
騬,船
升,書
昇,書
陞,書
勝,書
仍,日
艿,日
䚮,日
辸,日
礽,日
扔,日
㭁,日
兢,見
矜,見
徵,知
𨟃,知
癥,知
繒,從
鄫,從
驓,從
嶒,從
凝,疑
興,曉
𨞾,曉
稱,昌
爯,昌
偁,昌
殑,群
䔷,群
㱡,生
硱,溪
庱,徹
睖,徹
砯,滂
登,端
璒,端
燈,端
簦,端
㲪,端
䔲,端
㽅,端
䳾,端
楞,來
棱,來
稜,來
輘,來
倰,來
僧,心
鬙,心
䒏,心
崩,幫
增,精
憎,精
矰,精
罾,精
熷,精
䎖,精
譄,精
𦼏,精
䒐,明
層,從
䁬,從
朋,並
鵬,並
鬅,並
弘,匣
鞃,匣
苰,匣
肱,見
𩉦,見
薨,曉
𠐿,曉
𩖉,曉
𩙛,曉
𤃫,曉
騰,定
滕,定
縢,定
幐,定
藤,定
謄,定
𧈜,定
儯,定
𤻴,定
𥉋,定
恒,匣
𢛢,匣
搄,見
縆,見
鼟,透
膯,透
𤃶,透
𧰥,透
漰,滂
尤,云
𣏞,云
疣,云
肬,云
𪐤,云
沋,云
郵,云
訧,云
憂,影
優,影
瀀,影
𢕶,影
麀,影
𪋎,影
櫌,影
鄾,影
𢆶,影
嚘,影
耰,影
獶,影
𧀥,影
纋,影
㱊,影
劉,來
留,來
蒥,來
勠,來
鶹,來
騮,來
駵,來
疁,來
𥹷,來
流,來
㳅,來
飂,來
飀,來
瘤,來
榴,來
瑬,來
旒,來
瑠,來
𪕚,來
𤠑,來
䉧,來
𥰣,來
瀏,來
䬟,來
䱖,來
鰡,來
嵧,來
𣠚,來
鎦,來
𦃓,來
𢷶,來
懰,來
餾,來
䖻,來
裗,來
𪆱,來
𪎣,來
硫,來
遛,來
䚧,來
鏐,來
秋,清
秌,清
鞧,清
緧,清
𦃈,清
鞦,清
鶖,清
鰍,清
楸,清
萩,清
𪓰,清
䵸,清
蟗,清
䨂,清
趥,清
猷,以
悠,以
油,以
由,以
攸,以
蕕,以
浟,以
𠧷,以
冘,以
邎,以
輶,以
秞,以
蚰,以
蝣,以
櫾,以
𦳷,以
斿,以
游,以
遊,以
𨒰,以
卣,以
䚻,以
䱔,以
偤,以
䍃,以
𤪎,以
㾞,以
㘥,以
庮,以
𣔴,以
𧡹,以
𦵵,以
牛,疑
啾,精
逎,精
𩭓,精
揂,精
揫,精
酋,從
㥢,從
崷,從
鰌,從
煪,從
𧤕,從
脩,心
修,心
羞,心
𩛢,心
𩝧,心
䡭,心
樇,心
抽,徹
𢭆,徹
㨨,徹
𥈌,徹
瘳,徹
恘,溪
犫,昌
犨,昌
周,章
州,章
𥺝,章
輖,章
洲,章
賙,章
喌,章
舟,章
郮,章
讎,常
𣫐,常
𣀓,常
酬,常
醻,常
詶,常
雔,常
柔,日
鍒,日
㽥,日
騥,日
蝚,日
蹂,日
葇,日
鞣,日
鰇,日
瑈,日
鶔,日
揉,日
䰆,日
𨛶,日
䐓,日
收,書
丘,溪
丠,溪
蚯,溪
邱,溪
䬌,滂
𡫺,滂
鳩,見
𠠳,見
朻,見
䡂,見
㽱,見
𨷺,見
丩,見
勼,見
不,幫
鴀,幫
𢯱,生
捜,生
𩜯,生
䬒,生
𣸈,生
䤹,生
廋,生
蒐,生
獀,生
𨜛,生
䗏,生
䮟,生
䤇,生
𧼭,生
𢬆,初
篘,初
醔,初
㮲,初
𥻤,初
謅,初
鄒,莊
郰,莊
騶,莊
䑼,莊
𨃘,莊
箃,莊
黀,莊
愁,崇
㵞,崇
休,曉
貅,曉
㹯,曉
鵂,曉
𩢮,曉
㾋,曉
庥,曉
髤,曉
咻,曉
㵻,曉
囚,邪
泅,邪
汓,邪
苬,邪
躊,澄
𢃖,澄
𠷎,澄
疇,澄
紬,澄
稠,澄
燽,澄
薵,澄
鯈,澄
籌,澄
𪆇,澄
𪇘,澄
棸,澄
怞,澄
𦡴,澄
菗,澄
𢤉,澄
輈,知
盩,知
譸,知
侜,知
𩢸,知
𧻖,知
𥎻,知
矪,知
𧚍,群
裘,群
仇,群
叴,群
厹,群
求,群
𡨃,群
蛷,群
𧒔,群
逑,群
球,群
璆,群
莍,群
䣇,群
賕,群
殏,群
梂,群
㭝,群
俅,群
䊵,群
絿,群
䜪,群
扏,群
銶,群
𩒮,群
𥭑,群
毬,群
䟵,群
犰,群
𧻱,群
訅,群
釚,群
肍,群
𢛃,群
𦬖,群
浮,並
𥰛,並
琈,並
粰,並
䳕,並
罘,並
涪,並
芣,並
蜉,並
烰,並
鉜,並
𡦄,並
𢀼,並
艀,並
䍌,並
䨗,並
謀,明
䱕,明
眸,明
牟,明
侔,明
矛,明
𢦵,明
鍪,明
鞪,明
麰,明
𦭷,明
劺,明
蟊,明
𩭾,明
䋷,明
恈,明
鴾,明
蛑,明
繆,明
侯,匣
矦,匣
𥎦,匣
帿,匣
鄇,匣
䫛,匣
鍭,匣
銗,匣
猴,匣
糇,匣
翭,匣
餱,匣
喉,匣
篌,匣
鯸,匣
㮢,匣
𧮶,匣
瘊,匣
䗔,匣
葔,匣
骺,匣
睺,匣
䙈,匣
謳,影
嘔,影
歐,影
甌,影
漚,影
鷗,影
瞘,影
櫙,影
醧,影
鏂,影
膒,影
羺,泥
樓,來
𨻻,來
𧁾,來
𠞭,來
𦎹,來
僂,來
艛,來
耬,來
髏,來
𤬏,來
廔,來
嘍,來
螻,來
簍,來
鞻,來
褸,來
遱,來
謱,來
涑,心
䩳,心
𩌱,心
𩮶,心
摗,心
𠘂,心
𡠼,心
彄,溪
𢂁,溪
滱,溪
齁,曉
𪅺,曉
𣠏,精
偷,透
鍮,透
鋀,透
頭,定
㓱,定
投,定
𪎨,定
骰,定
𣪌,定
㢏,定
𪁞,定
鉤,見
𠛎,見
溝,見
褠,見
緱,見
篝,見
𥴴,見
𪓟,見
㗕,見
𤫱,見
䑦,見
冓,見
枸,見
兠,端
侸,端
吺,端
篼,端
𥆖,端
𧢗,端
𧯠,端
𩮷,端
㔌,從
裒,並
䏽,並
𩚭,並
箁,並
呣,明
幽,影
泑,影
呦,影
𣢜,影
𧍘,影
虯,群
觩,群
觓,群
𤙠,群
彪,幫
樛,見
𠃚,見
𦭺,見
淲,並
飍,曉
烋,曉
侵,清
𢔀,清
䜷,清
尋,邪
𢒫,邪
潯,邪
樳,邪
鄩,邪
𨼔,邪
𦠅,邪
𩖣,邪
枔,邪
𦅀,邪
林,來
琳,來
淋,來
臨,來
痳,來
箖,來
瀶,來
霖,來
琛,徹
䑣,徹
𥉨,徹
綝,徹
郴,徹
賝,徹
針,章
𪈁,章
箴,章
葴,章
鱵,章
㘰,章
沉,澄
𤘣,澄
莐,澄
霃,澄
砧,知
椹,知
諶,常
愖,常
訦,常
忱,常
煁,常
瘎,常
㽸,常
任,日
恁,日
壬,日
紝,日
銋,日
深,書
𦸂,書
淫,以
霪,以
婬,以
𥮍,以
鷣,以
𢓕,以
𨟏,以
㸒,以
心,心
𦁍,心
𨊳,心
杺,心
愔,影
韾,影
祲,精
兓,精
𩀿,精
𪖼,精
𩷒,從
嶜,從
𣜣,從
䤁,從
䋻,娘
琴,群
㩒,群
捦,群
擒,群
黔,群
禽,群
芩,群
𨙽,群
檎,群
㕋,群
鵭,群
澿,群
庈,群
雂,群
黚,群
耹,群
靲,群
欽,溪
菳,溪
衾,溪
嶔,溪
吟,疑
訡,疑
䪩,疑
崟,疑
荶,疑
碞,疑
乑,疑
歆,曉
廞,曉
金,見
今,見
黅,見
衿,見
襟,見
䘳,見
禁,見
㦗,見
𪑙,見
音,影
陰,影
隌,影
瘖,影
霠,影
䜾,影
喑,影
䤃,影
森,生
曑,生
薓,生
𥥿,生
穼,生
岑,崇
涔,崇
㞥,崇
𣠟,崇
𩅨,崇
㻸,莊
嵾,初
𥤇,初
覃,定
𨝸,定
曇,定
藫,定
橝,定
譚,定
𧽼,定
壜,定
𦗡,定
𩡝,定
𧂗,定
蕁,定
䊤,定
㽑,定
驂,清
䟃,清
傪,清
㜗,清
南,泥
男,泥
楠,泥
抩,泥
𤱣,泥
諳,影
䳺,影
媕,影
庵,影
腤,影
菴,影
㞄,影
馣,影
韽,影
盦,影
含,匣
涵,匣
䈄,匣
筨,匣
梒,匣
䤴,匣
函,匣
顄,匣
𩔞,匣
頷,匣
𣹢,匣
鋡,匣
𤭙,匣
𠥴,匣
圅,匣
肣,匣
䨡,匣
𩄙,匣
𢎘,匣
𠗴,匣
婪,來
惏,來
燷,來
嵐,來
葻,來
啉,來
蠶,從
䣟,從
𨅔,從
篸,精
𥸢,精
䐶,精
䍼,精
鐕,精
探,透
貪,透
耽,端
酖,端
妉,端
甔,端
媅,端
𡖓,端
龕,溪
𢦟,溪
𩑟,溪
堪,溪
𤯌,溪
㟏,曉
𩈣,曉
馠,曉
𣢺,曉
谽,曉
𡬖,曉
𡪶,曉
毿,心
淦,見
䜙,疑
𡪁,疑
談,定
郯,定
惔,定
錟,定
痰,定
澹,定
倓,定
餤,定
𥰨,定
甘,見
柑,見
䇞,見
苷,見
泔,見
媣,見
擔,端
儋,端
聸,端
頕,端
三,心
弎,心
𢁘,心
鬖,心
藍,來
襤,來
䰐,來
㩜,來
籃,來
𩈵,來
𪇖,來
懢,來
䆾,來
儖,來
坩,溪
聃,透
𨈭,透
㘱,透
䔜,透
䆱,透
㴂,透
𦸁,透
慙,從
慚,從
酣,匣
甝,匣
䗣,匣
魽,匣
炶,匣
姏,明
蚶,曉
𧵊,曉
歛,曉
鹽,以
塩,以
𣡶,以
閻,以
壛,以
阽,以
檐,以
簷,以
櫩,以
𣡞,以
㶄,以
𪂈,以
㿕,以
𤅸,以
廉,來
鐮,來
鎌,來
𩄡,來
㡘,來
簾,來
薕,來
薟,來
匳,來
籨,來
𥖝,來
蠊,來
䆂,來
𨎷,來
𣀃,來
鬑,來
覝,來
砭,幫
𥑁,幫
暹,心
𦃌,心
韱,心
纖,心
孅,心
䯹,心
𢘁,心
籤,清
僉,清
𠠃,清
詹,章
瞻,章
占,章
噡,章
厃,章
棎,常
苫,書
䪜,昌
㚲,昌
幨,昌
襜,昌
𢛈,昌
𢃔,昌
𩓾,日
髯,日
蚺,日
呥,日
𧦦,日
蛅,日
冉,日
袡,日
黏,娘
粘,娘
炎,云
霑,知
𪏉,知
覘,徹
淹,影
崦,影
醃,影
䣍,影
閹,影
𢜩,溪
𨦄,溪
𪙊,疑
尖,精
殲,精
瀸,精
𡄑,精
虃,精
熸,精
䇝,精
鑯,精
潛,從
䁮,從
𤎢,從
螹,從
箝,群
鉗,群
𢁮,群
拑,群
鳹,群
鈐,群
懕,影
猒,影
饜,影
嬮,影
㤿,影
䅧,影
𨣻,影
燅,邪
𤍙,邪
燖,邪
𦢨,邪
䕭,邪
𢸧,邪
㰊,邪
𢅮,邪
𪏂,澄
誗,澄
添,透
黇,透
舚,透
𩬑,端
敁,端
佔,端
𧚊,端
𦕒,端
甜,定
恬,定
湉,定
菾,定
𦳇,定
熑,來
溓,來
濓,來
燫,來
謙,溪
兼,見
縑,見
鶼,見
𥻧,見
蒹,見
𦋰,見
嫌,匣
鮎,泥
拈,泥
馦,曉
㾾,曉
䵌,曉
㽐,曉
咸,匣
鹹,匣
醎,匣
𩤥,匣
諴,匣
椷,匣
㮀,匣
輱,匣
緘,見
玪,見
尲,見
𪒹,見
攕,生
摻,生
檆,生
杉,生
櫼,生
𩁺,生
䀐,生
𨏪,生
𩌰,生
㺑,生
𤟟,影
黯,影
嵒,疑
𧇱,疑
麙,疑
㺂,疑
𧬌,疑
㰹,曉
𧍧,曉
𧮰,曉
䩂,曉
䩇,知
𪉜,知
諵,娘
喃,娘
讒,崇
獑,崇
饞,崇
毚,崇
㺥,崇
𪗂,崇
欃,崇
𪖎,崇
𢽝,崇
酁,崇
𢽣,溪
厱,溪
𠔺,溪
銜,匣
甉,匣
巉,崇
嶃,崇
艬,崇
鑱,崇
巖,疑
礹,疑
𡆑,疑
衫,生
縿,生
芟,生
穇,生
監,見
礛,見
𥌈,見
鑑,見
𨂝,並
嚴,疑
䉷,疑
𩏩,曉
杴,曉
㿌,曉
𥟕,曉
腌,影
凡,並
帆,並
𦨲,並
颿,並
柉,並
䒦,滂
𣢲,滂
董,端
箽,端
懂,端
䵔,端
𧄓,端
𤾬,明
曚,明
懵,明
孔,溪
㪌,心
𥳺,心
捅,透
緫,精
揔,精
𢝰,精
㢔,精
蓯,精
𩱛,精
𨍈,精
偬,精
澒,匣
𧋔,匣
𠳃,匣
汞,匣
滃,影
暡,影
勜,影
䐥,影
塕,影
𤌏,影
琫,幫
𦂌,幫
竉,來
攏,來
𢤱,來
儱,來
嗊,曉
𢦅,曉
動,定
𨔝,定
姛,定
詷,定
唪,並
埲,並
腫,章
種,章
踵,章
歱,章
㣫,章
寵,徹
𧼙,徹
埫,徹
隴,來
壠,來
㙙,來
擁,影
𢶜,影
宂,日
𡦼,日
䢇,日
𣭲,日
氄,日
軵,日
𤘺,日
𪕎,日
𨍷,日
𢝆,澄
冢,知
塚,知
奉,並
捧,滂
勇,以
恿,以
涌,以
甬,以
踊,以
慂,以
𧻹,以
塎,以
悀,以
埇,以
蛹,以
𧗴,以
恐,溪
𢖶,溪
𦶐,溪
尰,常
瘇,常
𢡹,常
拱,見
拲,見
鞏,見
孓,見
𢪒,見
㤨,見
𢸁,見
㼦,見
㧬,見
䡗,見
䱋,見
巩,見
栱,見
悚,心
竦,心
慫,心
聳,心
𦄼,心
㩳,心
駷,心
愯,心
傱,心
詾,曉
覂,幫
𢇫,幫
𪁪,明
䏵,明
𨿿,昌
𢃭,章
𢃓,章
講,見
耩,見
㭋,並
棒,並
玤,並
𢗒,並
蚌,並
蜯,並
䎧,並
慃,影
項,匣
缿,匣
𢞡,曉
紙,章
帋,章
軹,章
咫,章
扺,章
𣲵,章
坁,章
抧,章
䅩,章
䳅,章
是,常
諟,常
䟗,常
靡,明
𨇻,明
𪎓,明
骳,明
𡬍,明
彼,幫
㗗,幫
柀,幫
佊,幫
𠐌,幫
被,並
毀,曉
燬,曉
檓,曉
毇,曉
𥶵,曉
譭,曉
㩓,曉
烜,曉
𡢕,曉
骫,影
䍴,影
𣄲,溪
詭,見
垝,見
陒,見
攱,見
䤥,見
觤,見
恑,見
蛫,見
祪,見
庪,見
䃽,見
庋,見
佹,見
髓,心
嶲,心
䭉,心
𣿂,心
絫,來
累,來
樏,來
䉂,來
厽,來
垒,來
技,群
倚,影
剞,見
綺,溪
婍,溪
螘,疑
蟻,疑
礒,疑
齮,疑
艤,疑
檥,疑
㠖,疑
䰙,疑
蔿,云
儰,云
𤾸,云
𤺉,云
薳,云
寪,云
蘂,日
蕊,日
繠,日
此,清
佌,清
泚,清
𩢑,清
𧺼,清
豸,澄
䚦,澄
廌,澄
徙,心
壐,心
璽,心
𢇌,心
肔,以
崺,以
扡,以
邐,來
峛,來
㸚,來
躧,生
𩎉,生
灑,生
纚,生
縰,生
𩌦,生
屣,生
𢔌,幫
俾,幫
𠬈,幫
𢳋,幫
爾,日
尒,日
邇,日
𨒛,日
渳,明
弭,明
濔,明
芈,明
敉,明
侎,明
葞,明
蝆,明
㥝,明
婢,並
庳,並
侈,昌
𡚼,昌
㢋,昌
㢁,昌
垑,昌
懘,昌
㶴,昌
袳,昌
𧰲,昌
弛,書
豕,書
紫,精
訿,精
𣸆,精
呰,精
捶,章
𦓝,章
沝,章
𤢍,邪
舓,船
𦧇,船
舐,船
諀,滂
庀,滂
䚹,滂
䓈,以
芛,以
撱,以
𤼒,以
跬,溪
䞨,溪
頍,溪
䠑,溪
狔,娘
旎,娘
抳,娘
硊,疑
頠,疑
㨖,知
𧛢,知
𪖪,曉
企,溪
菙,常
㥨,常
旨,章
指,章
恉,章
䛗,章
厎,章
茋,章
視,常
美,明
媺,明
𤛎,明
渼,明
媄,明
鄙,幫
娝,幫
兕,邪
𧰽,邪
𠒅,邪
𠒃,邪
䒨,邪
𪊨,見
麂,見
㞦,見
䢳,見
𤜝,見
㞛,見
𡛷,精
秭,精
妣,幫
秕,幫
朼,幫
軌,見
簋,見
晷,見
厬,見
𣷾,見
宄,見
匭,見
㔲,見
氿,見
𧗝,見
洧,云
鮪,云
痏,云
矢,書
𠂕,書
𦳊,書
雉,澄
滍,澄
死,心
牝,並
履,來
水,書
壘,來
櫐,來
蘽,來
𡻭,來
藟,來
誄,來
耒,來
讄,來
𤢹,來
揆,群
𨿐,清
癸,見
圮,並
𢁦,並
䤏,並
㠑,從
嚭,滂
𡺮,滂
㨊,以
㰻,影
噿,精
黹,知
𢾫,知
夂,知
𡳭,徹
𧿲,章
䁤,曉
跽,群
止,章
沚,章
趾,章
址,章
阯,章
芷,章
市,常
恃,常
喜,曉
憙,曉
蟢,曉
紀,見
己,見
妀,見
𠮯,見
以,以
㠯,以
苡,以
苢,以
似,邪
佀,邪
祀,邪
𥘰,邪
禩,邪
姒,邪
耜,邪
𦓨,邪
汜,邪
泤,邪
鈶,邪
𪊍,邪
史,生
使,生
駛,生
𩰢,生
耳,日
洱,日
駬,日
䋙,日
𪕔,日
里,來
裏,來
鯉,來
李,來
理,來
娌,來
俚,來
𨛋,來
枲,心
𤟧,心
葸,心
𠪙,心
始,書
歭,澄
跱,澄
峙,澄
痔,澄
㣥,澄
庤,澄
起,溪
邔,溪
杞,溪
屺,溪
玘,溪
芑,溪
士,崇
仕,崇
𣐈,崇
𢨪,崇
戺,崇
竢,俟
涘,俟
𥾩,俟
𥏳,俟
𢓪,俟
子,精
㜽,精
虸,精
耔,精
秄,精
梓,精
杍,精
矣,云
𦮸,云
擬,疑
薿,疑
譺,疑
𥣖,疑
齒,昌
恥,徹
祉,徹
𠟴,初
欼,初
㱀,初
滓,莊
笫,莊
胏,莊
䔂,莊
𠂔,莊
醷,影
伱,娘
聻,娘
尾,明
斖,明
浘,明
娓,明
䞔,明
䅏,明
䬿,明
扆,影
偯,影
庡,影
僾,影
靉,影
豈,溪
穖,見
斐,滂
朏,滂
悱,滂
𩦎,滂
奜,滂
䨽,滂
匪,幫
篚,幫
棐,幫
榧,幫
䕁,幫
韙,云
煒,云
暐,云
偉,云
瑋,云
葦,云
椲,云
韡,云
𩘚,云
愇,云
𢯷,云
鬼,見
𤈦,曉
𩃾,曉
虫,曉
卉,曉
顗,疑
𪖥,曉
霼,曉
唏,曉
嵔,影
膹,並
䆏,並
陫,並
䒈,並
語,疑
篽,疑
籞,疑
圉,疑
敔,疑
圄,疑
䥏,疑
禦,疑
蘌,疑
吕,來
膂,來
旅,來
𥰠,來
祣,來
穭,來
梠,來
儢,來
侣,來
㭚,來
郘,來
絽,來
𢈚,來
佇,澄
竚,澄
芧,澄
苧,澄
紵,澄
羜,澄
眝,澄
与,以
𢌱,以
䰞,章
煑,章
陼,章
渚,章
汝,日
肗,日
𪏮,日
暑,書
鼠,書
黍,書
𧑓,書
癙,書
杵,昌
處,昌
貯,知
𡪄,知
𢁼,知
𤲑,知
䍆,知
詝,知
䘢,知
醑,心
𥚩,心
柠,徹
女,娘
籹,娘
許,曉
鄦,曉
巨,群
拒,群
秬,群
距,群
𧣒,群
炬,群
粔,群
𧇽,群
虡,群
鉅,群
苣,群
駏,群
𦊐,群
詎,群
歫,群
䶙,群
所,生
𠩄,生
盨,生
䝪,生
楚,初
礎,初
齼,初
𪓐,初
憷,初
濋,初
阻,莊
俎,莊
齟,崇
跙,從
𧽟,從
𢮁,影
𩩘,影
舉,見
莒,見
櫸,見
筥,見
𧺹,見
柜,見
䢹,見
𠢈,見
敘,邪
緒,邪
序,邪
漵,邪
嶼,邪
鱮,邪
𨣦,邪
𥎗,邪
去,溪
麮,溪
𧉧,溪
墅,常
𥅗,清
䃊,精
俁,疑
噳,疑
羽,云
禹,云
雨,云
宇,云
㝢,云
瑀,云
鄅,云
䣁,云
䨞,云
聚,從
甫,幫
脯,幫
斧,幫
俯,幫
府,幫
腑,幫
黼,幫
莆,幫
𧉊,幫
𥒰,幫
武,明
舞,明
儛,明
嫵,明
侮,明
㒇,明
珷,明
碔,明
廡,明
𢋑,明
甒,明
潕,明
鵡,明
䳇,明
娬,明
敄,明
䒉,明
𤍍,明
輔,並
䩉,並
𩒺,並
腐,並
𩾿,並
滏,並
䭸,並
㾈,並
鬴,並
釜,並
䪔,並
撫,滂
𢻬,滂
弣,滂
𠛺,滂
拊,滂
䋨,滂
剖,滂
䌗,滂
𠟌,滂
跓,澄
嵀,澄
詡,曉
𠳲,曉
珝,曉
喣,曉
煦,曉
豎,常
竪,常
樹,常
裋,常
庾,以
窳,以
𥦠,以
愈,以
㼌,以
貐,以
斞,以
主,章
麈,章
宔,章
炷,章
傴,影
噢,影
齲,溪
竘,溪
拄,知
丶,知
𪐴,知
乳,日
窶,群
貗,群
數,生
矩,見
榘,見
䅓,見
𦐛,見
蒟,見
椇,見
取,清
縷,來
嶁,來
漊,來
𪈜,來
㜢,來
𦳭,來
䅡,心
䝒,崇
𧱛,崇
姥,明
莽,明
䥈,明
媽,明
峔,明
吐,透
芏,透
杜,定
靯,定
𡍨,定
𢾖,定
荰,定
魯,來
櫓,來
虜,來
擄,來
𢲸,來
樐,來
艣,來
鐪,來
蓾,來
𧀦,來
鹵,來
㔪,來
鏀,來
㭩,來
䲐,來
覩,端
睹,端
暏,端
賭,端
帾,端
古,見
皷,見
鼓,見
瞽,見
股,見
𦙶,見
罟,見
蠱,見
估,見
鈷,見
羖,見
𦍩,見
詁,見
牯,見
賈,見
夃,見
焸,見
𠒂,見
𥂩,見
五,疑
午,疑
旿,疑
伍,疑
仵,疑
簿,並
部,並
粗,從
祖,精
珇,精
組,精
䔃,精
靻,精
虎,曉
琥,曉
滸,曉
𨛵,曉
萀,曉
䗂,曉
隖,影
塢,影
䃖,影
𢄓,影
溩,影
䛩,影
𧽋,影
䡧,影
苦,溪
𥯶,溪
怒,泥
弩,泥
努,泥
𧉭,泥
戸,匣
楛,匣
扈,匣
怙,匣
鄠,匣
帍,匣
祜,匣
昈,匣
𡻮,匣
岵,匣
芐,匣
𩿇,匣
𪄮,匣
𨛸,匣
婟,匣
𡜂,匣
滬,匣
簄,匣
普,滂
浦,滂
烳,滂
補,幫
譜,幫
圃,幫
𩶆,從
鱭,從
禮,來
礼,來
𥴡,來
𦫈,來
澧,來
醴,來
鱧,來
鱺,來
𩽵,來
欚,來
豊,來
體,透
軆,透
涕,透
䪆,透
挮,透
𣈡,透
䫌,滂
濟,精
䍤,精
夘,精
邸,端
底,端
䏄,端
抵,端
牴,端
觝,端
弤,端
㪆,端
軧,端
弟,定
娣,定
悌,定
䑯,定
遞,定
㼵,定
禰,泥
苨,泥
𩋪,泥
𦰫,泥
坭,泥
𩯨,泥
薾,泥
檷,泥
鑈,泥
𩍦,泥
洗,心
皉,清
啓,溪
棨,溪
綮,溪
䭬,溪
晵,溪
闙,溪
启,溪
䏿,溪
㒅,溪
䡔,溪
謑,曉
𥰥,曉
𦩶,曉
𧨍,曉
匸,曉
𥉐,曉
米,明
眯,明
䋛,明
洣,明
蔝,明
䱊,明
陛,並
䯗,並
㙄,並
𤙞,並
𠈺,並
𠯋,影
堄,疑
晲,疑
㪏,幫
𤽊,幫
蟹,匣
䲒,匣
獬,匣
澥,匣
嶰,匣
𨼬,匣
買,明
嘪,明
蕒,明
㵋,明
鷶,明
䒓,溪
𡢖,溪
𧳋,澄
㚷,娘
矲,並
䥯,並
𢟡,並
㔥,並
矮,影
㢊,影
躷,影
擺,幫
捭,幫
檞,見
𠁥,見
枴,見
㧳,澄
夥,匣
箉,群
拐,群
駭,匣
駴,匣
𠢲,溪
𥏪,溪
𤶗,疑
𧡋,疑
挨,影
賄,曉
𧶅,曉
䏨,曉
悔,曉
猥,影
腲,影
鍡,影
㛱,影
𥓔,影
㱬,影
㞇,影
磥,來
磊,來
癗,來
𡾋,來
礧,來
䣂,來
㵽,來
𡼊,來
蕾,來
𨻾,來
𦢏,來
頛,來
陮,定
𨯝,定
𦶏,定
辠,從
罪,從
浼,明
潣,明
每,明
挴,明
䜸,明
骽,透
腿,透
㟎,透
㱣,透
㞂,透
瘣,匣
㱱,匣
䜋,匣
廆,匣
㚍,溪
𦞙,端
䇏,端
𡑈,端
餒,泥
娞,泥
𩗔,泥
鮾,泥
㼏,泥
𩬳,知
隗,疑
䃬,疑
皠,清
𣿒,清
𣿓,清
漼,清
璀,清
𥼺,清
䊫,清
琲,並
𢳁,並
嶊,精
洅,精
海,曉
醢,曉
愷,溪
凱,溪
颽,溪
塏,溪
暟,溪
鎧,溪
闓,溪
輆,溪
宰,精
縡,精
䏁,精
殆,定
待,定
怠,定
迨,定
𨽿,定
紿,定
軩,定
𠷂,定
乃,泥
迺,泥
鼐,泥
改,見
絠,見
亥,匣
㧡,匣
𥩲,匣
啡,滂
采,清
採,清
綵,清
寀,清
彩,清
䰂,清
㥒,清
等,端
䆀,明
𢮇,明
在,從
俖,滂
㕈,影
㘆,透
疓,日
𨦂,來
䑂,以
𦚪,以
倍,並
蓓,並
軫,章
疹,章
賑,章
㐱,章
鬒,章
槇,章
𦕑,章
袗,章
裖,章
眕,章
䪾,章
𠘱,章
腎,常
蜃,常
祳,常
脤,常
㰮,常
鋠,常
忍,日
荵,日
矤,書
矧,書
訠,書
哂,書
頣,書
僯,來
𩕔,來
橉,來
撛,來
紖,澄
䀕,澄
眹,澄
緊,見
𦜌,見
𤷌,見
㯸,精
髕,並
臏,並
𪙤,疑
听,疑
笉,清
窘,群
僒,群
㖥,群
㻒,群
菌,群
䐃,群
蔨,群
蜠,群
引,以
𢎢,以
蚓,以
𠻤,以
𢯼,以
濥,以
廴,以
戭,以
縯,以
鈏,以
靷,以
愍,明
慜,明
憫,明
閔,明
敏,明
敃,明
暋,明
簢,明
𥴲,明
𦌡,明
𨏵,明
鰵,明
𤿕,明
僶,明
黽,明
䟨,明
刡,明
𨍌,明
䐇,明
殞,云
磒,云
隕,云
霣,云
準,章
准,章
尹,以
䪳,以
允,以
狁,以
馻,以
玧,以
𡴞,以
𧉃,以
筍,心
笋,心
𠣬,心
隼,心
箰,心
簨,心
𥯗,心
𣕍,心
蝡,日
蠢,昌
𢧨,昌
䐏,昌
踳,昌
惷,昌
𦚧,昌
僢,昌
𢾎,昌
耣,來
𦓾,來
𣯍,日
𦃢,溪
螼,溪
𤿳,溪
賰,書
㾙,曉
吻,明
𦝮,明
刎,明
抆,明
伆,明
𦮶,明
粉,幫
黺,幫
憤,並
𢤬,並
㿎,並
鱝,並
弅,並
𢅯,並
坋,並
忿,滂
惲,影
藴,影
褞,影
賱,影
醖,影
揾,影
齳,疑
夽,疑
喗,疑
抎,云
𪏚,云
𤸫,云
𦄐,溪
隱,影
磤,影
𤻘,影
䌥,影
㥯,影
櫽,影
嶾,影
乚,影
𨏈,影
謹,見
𪏴,見
㹏,見
槿,見
𡎸,見
漌,見
巹,見
𧯷,見
菦,見
𧤛,莊
𣐽,莊
赾,溪
近,群
齔,初
䘆,曉
𠒜,疑
遠,云
𩔃,云
偃,影
㫃,影
䞁,影
鶠,影
郾,影
褗,影
堰,影
匽,影
鼴,影
蝘,影
鰋,影
湕,見
𥍹,見
㔓,見
蹇,見
寋,群
楗,群
𧥛,溪
𧥜,疑
巘,疑
𪗛,疑
屵,疑
幰,曉
攇,曉
䜢,曉
晚,明
挽,明
輓,明
㿸,明
㝃,明
脕,明
䡊,幫
坂,幫
返,幫
橎,幫
圈,群
婉,影
菀,影
苑,影
踠,影
䖤,影
畹,影
琬,影
倇,影
𩌑,影
䘼,影
夗,影
𩎺,影
晼,影
睕,影
𤗍,影
䛄,影
䅚,溪
綣,溪
虇,溪
䊎,溪
𪐂,溪
暅,曉
咺,曉
飯,並
軬,並
䪻,並
混,匣
鯶,匣
焜,匣
倱,匣
棍,匣
䚠,匣
𨡫,匣
䧰,匣
掍,匣
翉,滂
忖,清
𢩭,清
刌,清
本,幫
畚,幫
𤲙,幫
㡷,幫
苯,幫
損,心
䐣,心
𠟃,精
撙,精
噂,精
譐,精
䔿,精
僔,精
穩,影
𡁋,影
㒚,影
囤,定
𥫱,定
遁,定
遯,定
鱒,從
𩩌,見
𧞢,見
衮,見
緄,見
鯀,見
輥,見
蓘,見
丨,見
䃂,見
畽,透
𤊯,透
吨,透
閫,溪
壼,溪
稇,溪
裍,溪
悃,溪
𩑔,溪
㤻,來
碖,來
獖,並
㨧,並
体,並
懣,明
㶧,泥
𦃕,曉
很,匣
墾,溪
懇,溪
䫀,見
旱,匣
𡷛,匣
皔,匣
䓍,匣
䛞,匣
亶,端
𤺺,端
疸,端
狚,端
担,端
坦,透
䦔,透
散,心
𢽳,心
𢿨,心
饊,心
糤,心
鏾,心
繖,心
䉈,心
傘,心
𣀧,心
𢄻,心
蜑,定
誕,定
潬,定
䩥,定
繵,定
膻,定
瓉,從
禶,從
笴,見
簳,見
皯,見
䵟,見
𤿊,見
稈,見
秆,見
仠,見
𦼮,見
衦,見
𥾍,見
嬾,來
懶,來
𥻂,來
𥽭,來
侃,溪
衎,溪
䍐,曉
蔊,曉
厂,曉
暵,曉
焊,曉
䰖,精
緩,匣
澣,匣
浣,匣
㬊,匣
𧶲,匣
鰀,匣
嵈,匣
晥,匣
䈠,匣
短,端
𢭃,端
𢷖,端
椀,影
盌,影
䝹,影
疃,透
𤲫,透
瘓,透
䠪,透
算,心
匴,心
篹,心
管,見
筦,見
脘,見
輨,見
盥,見
琯,見
痯,見
䩪,見
錧,見
䗆,見
䘾,見
卵,來
款,溪
歀,溪
欵,溪
窾,溪
䥗,溪
䲌,溪
煗,泥
㬉,泥
暖,泥
餪,泥
渜,泥
稬,泥
纂,精
纉,精
儹,精
籫,精
鄼,精
繤,精
𦆈,精
伴,並
㚘,並
滿,明
𢟮,明
𥲈,明
鏋,明
粄,幫
䉽,幫
䬳,幫
瓪,幫
𩋦,定
緞,定
坢,滂
𧺾,滂
綰,影
版,幫
板,幫
蝂,幫
鈑,幫
䩆,莊
拃,莊
赧,娘
𩈶,娘
㫱,娘
僩,匣
捍,匣
橌,匣
睆,匣
睅,匣
𪍺,匣
鯇,匣
皖,匣
魬,並
矕,明
𪘪,崇
䗃,崇
𪗙,疑
㹽,初
撰,崇
饌,崇
産,生
簅,生
摌,生
㹌,生
嵼,生
汕,生
滻,生
𩥮,生
限,匣
硍,匣
䁂,匣
䦘,匣
𥇅,明
簡,見
㶕,見
僴,見
𧟉,見
柬,見
暕,見
剗,初
鏟,初
丳,初
羼,初
䐮,初
棧,崇
㟞,崇
嶘,崇
轏,崇
𠊩,崇
輚,崇
眼,疑
琖,莊
盞,莊
𧣴,莊
銑,心
跣,心
毨,心
箲,心
筅,心
㭠,心
𦭶,心
𩶤,心
腆,透
痶,透
圢,透
淟,透
𤲖,透
靦,透
㥏,透
琠,透
蚕,透
䠄,透
𨆁,透
賟,透
晪,透
典,端
蕇,端
𩒝,端
𥮏,端
躽,影
𥈔,影
宴,影
嬿,影
殄,定
繭,見
絸,見
蠒,見
𥀹,見
𢆞,見
𡘸,見
筧,見
襺,見
𢺃,見
挸,見
𢹕,見
峴,匣
臔,匣
哯,匣
䵤,匣
睍,匣
㦓,匣
顯,曉
韅,曉
抮,曉
𣊡,曉
㨠,明
丏,明
眄,明
撚,泥
匾,幫
𦄒,幫
𥤓,幫
惼,幫
碥,幫
糄,幫
泫,匣
鉉,匣
琄,匣
贙,匣
𦇏,匣
䀏,匣
䩙,匣
䧎,匣
𨊼,匣
𩉥,匣
𡿨,見
畎,見
𤰝,見
詃,見
罥,見
羂,見
汱,見
辮,並
艑,並
𪉱,並
㲢,並
𤻶,並
𩩯,並
犬,溪
𥧬,溪
䵖,溪
蜸,溪
齞,疑
獮,心
𤣗,心
𥙮,心
尠,心
尟,心
癬,心
𤐨,心
𧕇,心
蘚,心
演,以
衍,以
𧍢,以
𧊔,以
踐,從
諓,從
餞,從
𤷃,從
𧗸,從
㣤,從
展,知
㞡,知
㠭,知
㜊,知
𧎰,知
𦗢,章
𠟉,章
樿,章
𩕊,章
䆄,章
䡀,章
𥊳,章
橏,章
㔊,章
𨭖,章
嫸,章
𨋚,娘
𠬝,娘
闡,昌
䵐,昌
幝,昌
𨼒,昌
灛,昌
遣,溪
繾,溪
䭤,溪
𥳐,溪
𠳋,溪
𨺫,溪
𩝡,溪
謇,見
搴,見
𢷘,見
𢵈,見
𦂇,見
藆,見
𩽜,見
善,常
譱,常
墠,常
鱓,常
蟺,常
僐,常
鄯,常
墡,常
磰,常
𪍶,常
翦,精
剪,精
揃,精
戩,精
𦺍,精
𥰸,精
𥳟,精
㨵,精
輦,來
𪍦,來
𤒤,來
璉,來
鄻,來
僆,來
摙,來
膦,來
齴,疑
遃,疑
嵃,疑
讞,疑
𤫣,疑
件,群
鑳,群
辯,並
𧦪,並
辨,並
緬,明
沔,明
汅,明
湎,明
愐,明
𩋠,明
偭,明
勔,明
𢃮,明
褊,幫
㦚,幫
𧕣,精
雋,從
隽,從
𤺻,從
𦼱,從
䁵,幫
兖,以
渷,以
沇,以
𢯻,以
抁,以
㕣,以
𦁙,以
𩘍,以
孌,來
𡡗,來
脟,來
轉,知
𣓧,知
菤,見
𨹵,見
埢,見
輭,日
軟,日
㮕,日
䓴,日
碝,日
䞂,日
耎,日
𢘎,日
㞋,日
緛,日
舛,昌
喘,昌
荈,昌
腨,常
𡭐,常
𦺲,常
篆,澄
瑑,澄
𦁆,澄
䧘,澄
堟,澄
𨷱,章
𡇰,章
選,心
𦌻,心
𥶷,心
𩔊,崇
𩻝,崇
𢣑,並
免,明
勉,明
俛,明
鮸,明
冕,明
𨩪,徹
蕆,徹
𧈪,徹
䩶,徹
篠,心
筱,心
𩵌,心
𧩮,心
䃤,心
皎,見
璬,見
𢅎,見
㿟,見
皦,見
恔,見
晈,見
䘨,見
儌,見
鳥,端
𢁕,端
蔦,端
釕,端
扚,端
䄪,端
𠄏,端
了,來
蓼,來
镽,來
鄝,來
䑠,來
爒,來
𥗀,來
𤁸,來
𧘈,來
窱,透
䠷,透
曉,曉
皢,曉
杳,影
窈,影
偠,影
騕,影
𩡻,影
𨱧,影
㫏,影
鴢,影
婹,影
㫐,影
䆞,影
𡧮,影
苭,影
嬲,泥
嫋,泥
𨲂,泥
㒟,泥
褭,泥
㜵,泥
䃵,泥
𢴶,泥
㵿,匣
𦯪,匣
𠄔,匣
窕,定
𤕷,定
𤱩,定
誂,定
䂽,定
䂪,溪
劋,精
㭂,精
𧂈,精
小,心
𩵖,心
䒕,心
肇,澄
肁,澄
兆,澄
趙,澄
旐,澄
狣,澄
䍮,澄
垗,澄
𠧞,澄
沼,章
䈃,章
殀,影
芺,影
仸,影
巐,徹
少,書
䒚,書
擾,日
𢹎,日
繞,日
遶,日
𤛾,日
𧳨,日
𢹰,並
鰾,並
𩮳,並
𦭼,並
𪍑,昌
麨,昌
眧,昌
縹,滂
醥,滂
皫,滂
眇,明
渺,明
𦳥,明
淼,明
杪,明
秒,明
藐,明
篎,明
紹,常
綤,常
袑,常
䙼,常
矯,見
鱎,見
䚩,見
敽,見
𥃧,見
𨝰,見
孂,見
表,幫
𧘝,幫
𧞧,幫
䔸,幫
褾,幫
𧢄,幫
㟽,幫
𦳤,並
𠬪,並
㰶,並
㹾,並
𧴎,並
鷕,以
溔,以
𦥨,以
𩨴,以
䁘,以
悄,清
釥,清
𠞰,精
𠟯,精
漅,精
𤃭,精
𨲭,群
𢻢,來
䩍,來
闄,影
巧,溪
䲾,溪
飽,幫
𩝰,幫
𩛁,幫
卯,明
戼,明
泖,明
昴,明
絞,見
狡,見
攪,見
𢯴,見
𥂔,見
烄,見
𢽻,見
爪,莊
㕚,莊
䝖,莊
瑵,莊
笊,莊
𢁬,莊
𦬔,莊
拗,影
𢂊,影
𥃯,影
狕,影
鮑,並
𡂟,並
齩,疑
㑿,崇
煼,初
𩱦,初
𤌉,初
炒,初
𩱈,初
𢾐,生
晧,匣
昊,匣
昦,匣
暭,匣
鎬,匣
顥,匣
薃,匣
𨛴,匣
𧇼,匣
𥢑,匣
抱,並
老,來
轑,來
潦,來
䕩,來
栳,來
𣠼,來
𩔇,來
恅,來
𡂕,來
䵏,來
討,透
𡘷,透
道,定
衟,定
𡬲,定
稻,定
𣜦,定
堖,泥
腦,泥
𠜶,泥
惱,泥
碯,泥
㺁,泥
𧳦,泥
㛴,泥
㛮,心
嫂,心
㛐,心
燥,心
埽,心
掃,心
倒,端
擣,端
搗,端
㠀,端
禂,端
䮻,端
禱,端
壔,端
草,清
艸,清
懆,清
騲,清
𠹊,清
愺,清
早,精
澡,精
藻,精
薻,精
𧎮,精
蚤,精
䲃,精
璪,精
璅,精
棗,精
繅,精
皁,從
𦯑,從
暠,見
杲,見
藳,見
縞,見
槀,見
菒,見
𥓖,見
好,曉
𡚽,曉
蓩,明
䓮,明
媢,明
冃,明
寶,幫
珤,幫
保,幫
𡥀,幫
堢,幫
堡,幫
褓,幫
緥,幫
鴇,幫
葆,幫
駂,幫
䎂,幫
宲,幫
賲,幫
𠤏,幫
襖,影
镺,影
懊,影
䐿,影
䴠,影
媪,影
燠,影
㤇,影
郩,影
䯠,影
𪁾,影
考,溪
攷,溪
栲,溪
槁,溪
洘,溪
燺,溪
丂,溪
䯪,溪
𦽀,疑
𩑤,疑
哿,見
舸,見
𥰮,見
嚲,端
䯬,端
䫂,端
褨,心
柁,定
舵,定
𣵻,定
我,疑
騀,疑
㧴,疑
㰁,來
𩝢,來
砢,來
㦬,來
曪,來
𣂞,來
𠻡,來
橠,泥
娜,泥
㡅,泥
𢄴,泥
㗿,曉
㪃,曉
可,溪
岢,溪
坷,溪
𨵌,影
𣘨,影
㫊,影
𧙃,影
左,精
㝾,精
,精
果,見
菓,見
猓,見
鐹,見
裹,見
蜾,見
惈,見
粿,見
埵,端
挆,端
𦀉,端
朵,端
朶,端
綞,端
鍺,端
𨹄,端
䤪,端
鎖,心
瑣,心
溑,心
䈗,心
䵀,心
𩹳,心
𥔭,心
䣔,心
𢱡,心
𧴪,心
垛,定
𤬾,定
𥬲,定
𥳔,定
䤻,定
憜,定
惰,定
嶞,定
妥,透
橢,透
𨼰,透
鵎,透
麼,明
𣋟,明
懡,明
坐,從
𡋲,從
裸,來
躶,來
𧝹,來
臝,來
瘰,來
𤼠,來
蓏,來
𢫷,泥
跛,幫
簸,幫
㝿,幫
叵,滂
𡽠,滂
禍,匣
𥚁,匣
𡖿,匣
𣄸,匣
𨘌,匣
火,曉
邩,曉
顆,溪
堁,溪
敤,溪
爸,並
馬,明
碼,明
䣕,明
罵,明
𥧓,明
鷌,明
鰢,明
者,章
赭,章
壄,以
也,以
冶,以
雅,疑
庌,疑
厊,疑
㿿,疑
檟,見
榎,見
嘏,見
假,見
叚,見
斝,見
椵,見
婽,見
啞,影
瘂,影
𤺘,影
灺,邪
䵦,邪
下,匣
丅,匣
夏,匣
廈,匣
寫,心
𣞐,心
瀉,心
𣬕,心
𡎬,精
乜,明
閜,曉
襾,曉
社,常
𥁹,常
𣝒,常
跒,溪
跁,並
䇑,並
捨,書
舍,書
騇,書
䬷,書
𩜉,書
姐,精
飷,精
把,幫
踝,匣
𡱏,匣
𦖍,匣
觟,匣
𩸄,匣
𢦚,匣
寡,見
冎,見
剮,見
𣑍,見
𠊰,見
䈑,見
𧤐,見
瓦,疑
邷,疑
惹,日
𠰒,日
鮓,莊
痄,莊
奲,昌
㨋,昌
䰩,昌
撦,昌
䋾,知
䋈,娘
骻,溪
㡁,溪
銙,溪
𢄳,溪
𡕒,溪
䊬,徹
𧫝,生
傻,生
藞,來
養,以
癢,以
瀁,以
𧓲,以
像,邪
象,邪
橡,邪
襐,邪
鱌,邪
𨖶,邪
𦺨,邪
嶑,邪
㢡,精
獎,精
䉃,精
槳,精
㯍,精
㒳,來
兩,來
脼,來
𣓈,來
緉,來
蜽,來
魎,來
㔝,來
鞅,影
柍,影
䬬,影
詇,影
岟,影
駚,影
炴,影
𧵌,影
怏,影
紻,影
滰,群
仰,疑
磢,初
𠞮,初
愴,初
想,心
鯗,心
掌,章
仉,章
𤓯,章
𤕤,生
爽,生
𦄍,生
塽,生
樉,生
響,曉
饗,曉
蠁,曉
䖮,曉
亯,曉
嚮,曉
敞,昌
𢠵,昌
氅,昌
𪅶,昌
廠,昌
僘,昌
繈,見
鏹,見
襁,見
膙,見
憼,見
丈,澄
杖,澄
仗,澄
㽴,澄
昶,徹
鋹,徹
獷,見
壤,日
䑋,日
𥗝,日
賞,書
𩞧,書
𩞃,書
髣,滂
仿,滂
紡,滂
鶭,滂
䲱,滂
网,明
網,明
罔,明
輞,明
棢,明
惘,明
菵,明
誷,明
𡔞,明
𦖉,明
蛧,明
魍,明
昉,幫
倣,幫
放,幫
瓬,幫
枉,影
𢽃,影
𣢫,影
往,云
怳,曉
摤,清
上,常
丄,常
俇,群
臩,見
𠏤,見
逛,見
𩦠,並
傸,初
婸,定
𢠽,定
愓,定
璗,定
䑗,定
嵣,定
顙,心
𣞙,心
𣡆,心
磉,心
廣,見
牓,幫
𣮧,幫
髒,精
曩,泥
灢,泥
𡕬,匣
曭,透
儻,透
偒,透
戃,透
矘,透
爣,透
𣎲,透
㼒,透
㿩,透
茻,明
壾,明
䁳,明
䒎,明
㬒,明
蠎,明
漭,明
㟐,明
黨,端
讜,端
欓,端
䣣,端
𧅗,端
朗,來
朖,來
誏,來
俍,來
崀,來
坱,影
映,影
醠,影
䇦,影
盎,影
軮,影
慷,溪
𡻚,溪
䡉,溪
懬,溪
㳹,影
瀇,影
晃,匣
幌,匣
櫎,匣
榥,匣
滉,匣
皝,匣
䒍,滂
慌,曉
𡧽,曉
䁜,曉
㬻,曉
䴚,見
𨟼,見
㽘,見
奘,從
汻,曉
酐,曉
𤰟,曉
梗,見
挭,見
哽,見
郠,見
綆,見
鯁,見
骾,見
𧋑,見
丙,幫
昞,幫
怲,幫
邴,幫
炳,幫
秉,幫
窉,幫
苪,幫
蛃,幫
警,見
景,見
境,見
璥,見
㯳,見
影,影
璄,影
䭘,影
摬,影
㲟,影
𠝟,影
𩘑,影
眚,生
㾪,生
𡞞,生
䚇,生
𨵥,生
㼳,生
𨜜,生
永,云
栐,云
𦬺,曉
皿,明
𥥊,明
憬,見
囧,見
煚,見
暻,見
杏,匣
莕,匣
荇,匣
猛,明
蜢,明
艋,明
礦,見
鑛,見
𨥥,見
𪍿,見
䵃,見
穬,見
㑟,幫
𧚭,幫
浻,影
奣,影
打,端
卝,匣
澋,匣
鮩,並
檸,娘
耿,見
𦵸,見
𥉔,見
䁅,明
鼆,明
幸,匣
𠂷,匣
倖,匣
㼬,匣
𠊧,並
𩶁,並
皏,滂
靜,從
睜,從
𩇕,從
靖,從
妌,從
穽,從
阱,從
竫,從
整,章
逞,徹
騁,徹
悜,徹
睈,徹
郢,以
浧,以
梬,以
痙,群
潁,以
穎,以
領,來
嶺,來
袊,來
餅,幫
鉼,幫
䴵,幫
㩩,溪
檾,溪
苘,溪
䔛,溪
井,精
𨙷,精
廮,影
癭,影
𣤵,影
𦡺,影
睲,心
㮐,心
𢜫,心
眳,明
慏,明
𣵹,澄
迥,匣
泂,匣
𦳖,匣
熲,見
炅,見
𠖷,見
㯋,見
𩚱,見
煛,見
𧍮,見
茗,明
酩,明
姳,明
頂,端
𩠑,端
𩕢,端
奵,端
耵,端
鼎,端
薡,端
酊,端
濎,端
艇,定
鋌,定
梃,定
涏,定
誔,定
珽,透
脡,透
侹,透
頲,透
𡈼,透
𤱹,透
䦐,透
汫,從
濙,影
謦,溪
𩕳,泥
䗿,泥
濘,泥
䔭,泥
婞,匣
涬,匣
脛,匣
𢙼,匣
緈,匣
箵,心
褧,溪
剄,見
烴,見
巊,影
𩳍,影
𦊓,來
竝,並
並,並
詗,曉
䀴,疑
矨,疑
拯,章
撜,章
氶,章
剻,滂
肯,溪
肎,溪
有,云
右,云
䳑,云
友,云
㕛,云
䀁,云
𥁓,云
䒴,云
柳,來
罶,來
𦊑,來
珋,來
𩖴,來
嬼,來
𪕋,來
綹,來
𨋖,來
狃,娘
紐,娘
鈕,娘
莥,娘
𢔟,娘
䏔,娘
𨙺,娘
丑,徹
杽,徹
肘,知
𤶡,知
朽,曉
㱙,曉
㽲,曉
久,見
九,見
玖,見
灸,見
韭,見
𡚰,見
𨾉,見
首,書
𩠐,書
𦣻,書
手,書
䭭,書
守,書
醜,昌
𧃝,昌
婦,並
䘀,並
負,並
萯,並
蝜,並
阜,並
𨸏,並
𪃓,並
偩,並
𦰺,並
𨹺,並
㷆,並
𧌈,並
缶,幫
缹,幫
糗,溪
楺,日
煣,日
輮,日
𥠊,日
韖,日
粈,日
舅,群
齨,群
麔,群
䳎,群
䊆,群
𤷑,群
䛮,群
紂,澄
䈙,澄
葤,澄
酉,以
丣,以
誘,以
𦍶,以
䛻,以
牖,以
槱,以
𥟁,以
莠,以
羑,以
𣣸,以
梄,以
𨣆,以
𦏇,以
受,常
壽,常
璹,常
綬,常
滫,心
糔,心
醙,心
䬀,影
懮,影
酒,精
帚,章
箒,章
鯞,章
晭,章
𧳜,章
㤱,滂
𩂆,滂
𧌗,莊
𥣙,崇
𩋄,初
𩌄,初
厚,匣
垕,匣
後,匣
𨒥,匣
后,匣
郈,匣
母,明
牡,明
某,明
拇,明
胟,明
𠭇,明
畮,明
畞,明
𤝕,明
𤵝,明
踇,明
𧿹,明
犃,並
䴺,並
篰,並
斗,端
㪷,端
蚪,端
阧,端
陡,端
抖,端
𪌜,透
飳,透
妵,透
黈,透
蘣,透
斢,透
鈄,透
䱏,透
苟,見
玽,見
狗,見
垢,見
笱,見
𦊒,見
耇,見
茩,見
敂,見
藕,疑
蕅,疑
偶,疑
耦,疑
㼴,疑
㨐,幫
㳶,泥
𡝦,泥
啂,泥
𡭾,泥
叜,心
叟,心
𠊯,心
𠻛,心
𥈃,心
擻,心
藪,心
𦖪,心
廀,心
吼,曉
吽,曉
呴,曉
𤘽,曉
䳝,滂
毆,影
𠙶,影
塸,影
塿,來
甊,來
𪍣,來
㪹,來
䅹,來
走,精
口,溪
扣,溪
𤘘,溪
釦,溪
叩,溪
𧥣,溪
𨙫,溪
䕆,定
𨪐,定
𠁁,定
趣,清
蚴,影
糾,見
赳,見
寑,清
𡪢,清
寢,清
㾛,清
𡬓,清
𦯈,清
朕,澄
𦩗,澄
栚,澄
坅,溪
廩,來
㐭,來
懍,來
菻,來
顲,來
𤎭,來
癛,來
伈,心
踸,徹
鍖,徹
䫖,徹
𡩻,精
䭙,精
荏,日
飪,日
餁,日
䭃,日
稔,日
栠,日
袵,日
䏕,日
䇮,日
棯,日
𢆉,日
腍,日
䫬,章
邥,書
宷,書
審,書
㰂,書
諗,書
魫,書
𩶇,書
𧀯,書
葚,船
𣞵,船
甚,常
瀋,昌
墋,初
磣,初
拰,娘
噤,群
凚,群
錦,見
蕈,從
趛,疑
瘮,生
稟,幫
㱃,影
飲,影
𤃷,影
品,滂
𩖄,溪
𩒣,崇
感,見
𥸡,見
鱤,見
贑,見
䤗,見
贛,見
㔶,見
𧆐,見
䃭,見
灨,見
禫,定
䨢,定
窞,定
髧,定
萏,定
𧂄,定
𥥦,定
醰,定
嘾,定
贉,定
𣛱,定
晻,影
黭,影
揞,影
唵,影
罯,影
黤,影
腩,泥
湳,泥
䈒,泥
𦐃,泥
揇,泥
萳,泥
𥁺,透
䏙,透
嗿,透
㣅,從
㔆,從
慘,清
憯,清
黲,清
㜝,疑
昝,精
糂,心
糝,心
糣,心
𢕕,心
㧲,心
䊉,心
坎,溪
歁,溪
惂,溪
輡,溪
轗,溪
埳,溪
竷,溪
𡣊,匣
撼,匣
菡,匣
欿,匣
蜭,匣
𢇞,匣
𢃗,匣
莟,匣
𡻡,匣
壈,來
燣,來
𨎹,來
浨,來
醂,來
𠓭,來
纜,來
漤,來
黕,端
衴,端
丼,端
瓭,端
䉞,端
𥴶,端
䫲,曉
敢,見
𠭖,見
𣪏,見
𢽤,見
橄,見
覽,來
爁,來
擥,來
攬,來
欖,來
罱,來
𦵹,透
菼,透
毯,透
𦃖,透
膽,端
紞,端
䃫,端
黵,端
𪆻,端
噉,定
啖,定
啗,定
𥲄,定
憺,定
㛧,明
𩛎,明
䭕,精
㟛,從
𡒓,曉
埯,影
揜,影
琰,以
𨁹,以
棪,以
燄,以
扊,以
夵,以
䎦,以
䌪,以
斂,來
撿,來
瀲,來
嬚,來
䭑,來
羷,來
䌞,來
㰈,來
㯬,來
險,曉
玁,曉
貶,幫
𦥘,幫
颭,章
𩑳,溪
嵰,溪
广,疑
隒,疑
嬐,疑
䲓,疑
噞,疑
儉,群
芡,群
檢,見
瞼,見
黶,影
𧞣,影
檿,影
厭,影
魘,影
厴,影
擪,影
酓,影
苒,日
染,日
𩃵,日
䎃,日
䣸,日
𥬕,日
𡜉,日
陝,書
閃,書
𧴭,書
覢,書
㴸,書
㚒,書
𡟨,書
諂,徹
讇,徹
奄,影
𩃗,影
㭺,影
掩,影
裺,影
渰,影
罨,影
𣃰,影
𤗎,影
𡹮,影
𣄉,影
𥕌,從
蔪,從
𦾶,從
䟅,從
䤔,從
𩟗,精
脥,溪
忝,透
䄼,透
悿,透
點,端
玷,端
𦒻,端
㓠,端
䍄,端
簟,定
扂,定
𠂼,定
驔,定
㶘,定
嗛,溪
歉,溪
慊,溪
膁,溪
𤬓,來
鼸,匣
㺌,匣
𡕢,明
厸,明
儼,疑
𠆲,疑
㢂,疑
𢇘,疑
曮,疑
𩒥,溪
䇜,溪
𣃧,影
豏,匣
㺝,匣
𡞣,匣
𥻇,匣
㴴,澄
偡,澄
㦿,溪
𣓅,溪
槏,溪
鹻,見
𥳒,見
瀺,崇
斬,莊
𧀵,生
𦊔,娘
𦌫,娘
𠐩,徹
旵,徹
檻,匣
艦,匣
壏,匣
𥽏,匣
𨏊,匣
轞,匣
𪒠,影
豃,曉
范,並
範,並
軓,並
笵,並
犯,並
𧍙,並
錽,明
𢨔,明
𦜒,幫
凵,溪
㧄,溪
釩,滂
𠑆,徹
𨇧,徹
送,心
鳳,並
𠤈,並
貢,見
𣹟,見
羾,見
䇨,見
㯯,見
弄,來
𢙱,來
梇,來
哢,來
㢅,來
㳥,來
棟,端
㼯,端
𩭩,端
鞚,溪
𤗇,溪
糉,精
粽,精
瓮,影
甕,影
𦉥,影
𪖵,影
𧩪,清
愡,清
㓊,定
胴,定
慟,定
駧,定
迵,定
戙,定
𩐵,定
痛,透
仲,澄
𩿀,澄
諷,幫
䛪,溪
䠻,溪
㝱,明
鄸,明
䠢,明
𧽒,曉
賵,滂
𣀒,從
𠏭,從
哄,匣
閧,匣
蕻,匣
齈,泥
癑,泥
銃,昌
宋,心
綜,精
䝋,精
錝,精
統,透
用,以
誦,邪
㡝,並
㙲,影
堹,知
諥,知
瘲,精
𩉪,日
𩼅,日
偅,章
𨉢,澄
贚,來
絳,見
𡲣,見
巷,匣
衖,匣
𢤤,澄
𥈄,徹
漴,崇
肨,滂
㦼,生
寘,章
忮,章
䚳,章
𢻈,章
𡽆,章
避,並
惴,章
𦥻,章
𦦇,章
詈,來
荔,來
㿛,來
珕,來
𥶾,來
豉,常
𢻃,常
䩃,常
積,精
𧂐,精
賜,心
𧀩,心
澌,心
𣩠,心
儩,心
杫,心
䞈,見
𢈌,見
貱,幫
髲,並
鞁,並
㢰,並
寄,見
䐀,見
臂,幫
芰,群
䝸,群
刺,清
刾,清
㢀,清
朿,清
㡹,清
𧧒,清
莿,清
庛,清
蛓,清
易,以
㑥,以
議,疑
誼,疑
竩,疑
𥫃,疑
𩈭,疑
義,疑
譬,滂
㵨,滂
漬,從
眥,從
㱴,從
髊,從
智,知
𣉻,知
縋,澄
膇,澄
硾,澄
𥞃,昌
嚱,曉
𢺵,溪
𨑤,溪
吱,溪
縊,影
㱲,影
螠,影
翅,書
𦐊,書
啻,書
曬,生
僞,疑
毁,曉
恚,影
㜇,影
睡,常
瑞,常
䄲,日
䅗,心
瀡,心
娷,知
諈,知
瓗,以
䜜,以
贀,以
諉,娘
㨅,娘
㢻,娘
瞡,見
𧙁,莊
至,章
摯,章
贄,章
鷙,章
礩,章
䲀,章
𩊝,章
𩊞,章
𡠗,章
位,云
媚,明
魅,明
鬽,明
篃,明
蝞,明
嚜,明
䉋,明
煝,明
遂,邪
隧,邪
襚,邪
旞,邪
璲,邪
檖,邪
𣔾,邪
𤓫,邪
𤎩,邪
燧,邪
澻,邪
䡵,邪
鐆,邪
鐩,邪
穟,邪
𦼯,邪
蔧,邪
𦂁,邪
㒸,邪
𥝩,邪
穗,邪
䉌,邪
𩏚,邪
醉,精
邃,心
祟,心
粹,心
睟,心
賥,心
譢,心
𢢝,心
類,來
淚,來
𦝭,來
蘱,來
䇐,來
禷,來
祕,幫
毖,幫
閟,幫
轡,幫
鉍,幫
鄪,幫
䪐,幫
粊,幫
䉾,幫
𡛗,幫
匱,群
饋,群
餽,群
𦆠,群
櫃,群
𩌃,群
濞,滂
嚊,滂
㿙,滂
𦤢,滂
淠,滂
備,並
俻,並
𤰇,並
𤰈,並
𡚤,並
奰,並
糒,並
犕,並
絥,並
鞴,並
贔,並
𣖾,並
㣁,並
㸢,並
媿,見
愧,見
聭,見
䁛,見
帥,生
率,生
喟,溪
嘳,溪
䯣,溪
䰎,溪
腃,溪
䙡,溪
尯,溪
𨌗,溪
嗜,常
𩜼,常
利,來
𥝤,來
䬆,來
莅,來
涖,來
痢,來
䚕,來
膩,娘
𦡸,娘
屁,滂
䊧,滂
劓,疑
致,知
𢷐,知
𨆫,知
躓,知
𨎌,知
輊,知
騺,知
䞃,知
駤,知
棄,溪
弃,溪
夡,溪
㞓,溪
蟿,溪
緻,澄
稚,澄
稺,澄
𦃘,澄
𩹈,澄
𠊷,澄
𢴧,澄
𩋩,澄
𦥐,澄
寐,明
杘,徹
𣐉,徹
𦥊,徹
跮,徹
冀,見
兾,見
覬,見
穊,見
驥,見
𩥉,見
懻,見
臮,群
暨,群
鱀,群
垍,群
𣽍,群
悸,群
猤,群
痵,群
𡬄,群
翠,清
二,日
弍,日
貳,日
樲,日
恣,精
次,清
䳐,清
佽,清
絘,清
𩾔,清
𧊒,清
䯸,清
懿,影
饐,影
㙪,影
欭,影
鷧,影
撎,影
亄,影
四,心
亖,心
肆,心
𩬶,心
柶,心
泗,心
牭,心
㣈,心
駟,心
𦞤,心
蕼,心
肂,心
器,溪
季,見
鼻,並
𤹝,並
坒,並
襣,並
䫁,並
痹,幫
畀,幫
庇,幫
萃,從
顇,從
悴,從
㱖,從
䆊,從
瘁,從
地,定
墬,定
㕧,曉
屓,曉
呬,曉
𤡬,曉
䨳,曉
肄,以
殔,以
㡼,以
勩,以
隶,以
𥿫,以
諡,船
自,從
嫉,從
墜,澄
懟,澄
出,昌
𤀷,以
𢣘,以
䗽,以
侐,曉
痓,昌
䛈,書
㽷,書
𥤼,書
志,章
娡,章
䓌,章
誌,章
痣,章
織,章
值,澄
𠍜,澄
寺,邪
嗣,邪
孠,邪
飤,邪
飼,邪
蚝,清
螆,清
𧉠,清
笥,心
試,書
弑,書
僿,書
胾,莊
剚,莊
倳,莊
吏,來
字,從
牸,從
茡,從
芓,從
䰡,徹
餌,日
𩱓,日
珥,日
衈,日
毦,日
刵,日
䎶,日
㛅,日
䏪,日
𦖢,日
𩢲,生
𣳪,生
𧳅,生
𨽄,生
廁,初
異,以
潩,以
䔬,以
廙,以
置,知
侍,常
𩛌,崇
忌,群
𨙬,群
惎,群
䋟,群
鵋,群
誋,群
梞,群
帺,群
𥭜,群
熾,昌
饎,昌
𩜮,昌
糦,昌
𢨒,昌
意,影
鷾,影
𠃸,影
䵝,影
記,見
䰯,疑
豙,疑
㘈,疑
㽈,疑
唭,溪
未,明
味,明
菋,明
𩑵,明
䊊,明
沬,明
鮇,明
𡶎,明
貴,見
胃,云
謂,云
㥜,云
媦,云
𦩝,云
緯,云
彚,云
蝟,云
渭,云
煟,云
𩹂,云
𨾂,云
緭,云
𢍚,云
𦳢,云
䬑,云
魏,疑
沸,幫
疿,幫
芾,幫
鯡,幫
㹃,幫
𩰾,幫
𧙂,幫
䛍,幫
靅,滂
𣙿,滂
昲,滂
𥽂,溪
,溪
𧝷,溪
尉,影
㷉,影
熨,影
慰,影
畏,影
罻,影
犚,影
蔚,影
螱,影
𧕈,影
褽,影
䲁,影
諱,曉
芔,曉
泋,曉
𥝋,並
𤲳,並
狒,並
㵒,並
怫,並
屝,並
𧕿,並
䨾,並
翡,並
𡌦,並
萉,並
𩇪,並
䠊,並
㔗,並
𧌘,並
黂,並
旣,見
曁,見
漑,見
𣢆,見
蔇,見
毅,疑
𢖫,疑
𧅙,疑
藙,疑
䉨,疑
炁,溪
气,溪
盵,溪
餼,曉
䊠,曉
鎎,曉
熂,曉
黖,曉
𧱲,曉
䮎,曉
犔,曉
忥,曉
䤒,群
御,疑
馭,疑
慮,來
勴,來
𥶌,來
𠣊,來
鑢,來
𩥆,來
𡾅,來
𦊼,來
據,見
鋸,見
倨,見
踞,見
𧣻,見
䱟,見
覰,清
䁦,清
刞,清
鼁,溪
𩿟,溪
署,常
薯,常
曙,常
恕,書
庶,書
㵂,書
䬡,章
翥,章
𤳯,章
䭖,章
䘄,章
𢉙,章
𤳐,章
𡻠,章
㫂,章
捒,生
㫹,生
飫,影
𩜏,影
瘀,影
菸,影
棜,影
筯,澄
遽,群
勮,群
助,崇
詛,莊
豫,以
預,以
礜,以
悆,以
𣝑,以
蕷,以
穥,以
忬,以
澦,以
𡒊,以
儊,初
䖏,昌
𡲁,邪
遇,疑
寓,疑
庽,疑
媀,疑
𤸒,疑
嫗,影
饇,影
𦒸,常
尌,常
𠊪,常
附,並
袝,並
賻,並
駙,並
鮒,並
䠵,並
蚹,並
𠪻,並
胕,並
注,章
疰,章
㹥,章
鑄,章
馵,章
霔,章
㺛,章
祩,章
𠴦,章
䪒,章
蛀,章
屨,見
䈮,見
邭,見
昫,曉
酗,曉
𧏺,曉
戍,書
腧,書
𧼯,書
䠼,書
㲓,書
裕,以
䘱,以
諭,以
喻,以
籲,以
𣈯,以
孺,日
𡦗,日
㹘,日
赴,滂
𠓗,滂
䞯,滂
訃,滂
䟔,滂
婏,滂
務,明
婺,明
霧,明
騖,明
𦎦,明
䨁,明
𨂣,明
𦆞,明
嵍,明
鶩,明
足,精
懼,群
具,群
埧,群
䨒,云
埾,從
付,幫
賦,幫
傅,幫
陚,幫
鉒,知
駐,知
軴,知
𨙔,知
壴,知
𤛐,溪
䜴,初
䦌,徹
𢨸,徹
屢,來
𡀿,來
暮,明
慕,明
募,明
墓,明
慔,明
𥰻,明
渡,定
度,定
𥯖,定
路,來
露,來
潞,來
輅,來
鷺,來
璐,來
賂,來
簬,來
簵,來
虂,來
𤻱,來
𦌕,來
妒,端
妬,端
秺,端
𤴱,端
蠹,端
螙,端
殬,端
兔,透
鵵,透
顧,見
頋,見
稒,見
故,見
痼,見
固,見
錮,見
㽽,見
鯝,見
䍛,見
棝,見
凅,見
誤,疑
悮,疑
寤,疑
忤,疑
啎,疑
迕,疑
遻,疑
晤,疑
悟,疑
逜,疑
窹,疑
捂,疑
䎸,疑
護,匣
嫭,匣
頀,匣
互,匣
䇘,匣
冱,匣
枑,匣
䨼,匣
韄,匣
𧥮,匣
鱯,匣
𦊂,匣
𦬚,匣
訴,心
𧪜,心
泝,心
遡,心
素,心
傃,心
嗉,心
膆,心
𤤐,心
塑,心
塐,心
䛾,心
𤢘,心
㨞,心
祚,從
胙,從
阼,從
𧃘,從
飵,從
𧇣,從
秨,從
布,幫
佈,幫
𠜙,幫
𧉩,幫
噁,影
䜑,影
怖,滂
悑,滂
厝,清
措,清
醋,清
錯,清
絝,溪
袴,溪
庫,溪
䔯,溪
捕,並
哺,並
步,並
𩣝,並
𨛒,並
𩢕,並
作,精
霽,精
䰏,精
䶓,精
帝,端
諦,端
嚏,端
蔕,端
螮,端
𦨢,端
䠠,端
骶,端
僀,端
䟡,端
𤬵,端
偙,端
䩚,端
渧,端
嚌,從
𨣧,從
𪊆,從
替,透
𤾕,透
暜,透
㬱,透
剃,透
戻,透
𣧂,透
楴,透
䎮,透
𡲕,透
达,透
𢝹,透
𧛒,透
𣤖,透
𥫵,透
第,定
遰,定
髢,定
禘,定
軑,定
釱,定
棣,定
杕,定
𧫚,定
墆,定
逮,定
砌,清
切,清
摖,清
䏅,清
䀙,清
𦕀,清
細,心
𥿳,心
壻,心
詣,疑
𢏗,疑
羿,疑
𦐧,疑
睨,疑
𧡎,疑
計,見
係,見
繼,見
薊,見
髻,見
𨜒,見
檵,見
蘻,見
轚,見
㲅,見
䐼,匣
𦝜,匣
系,匣
𦃟,匣
妎,匣
禊,匣
慀,匣
䦏,匣
稧,匣
契,溪
栔,溪
罊,溪
𦩣,溪
𢢞,溪
䫔,溪
曀,影
枍,影
㥷,影
㝣,影
殪,影
瞖,影
医,影
𢟇,影
蘙,影
𧬇,影
殹,影
謎,明
㩢,明
閉,幫
閇,幫
嬖,幫
箅,幫
慧,匣
憓,匣
潓,匣
惠,匣
蟪,匣
蕙,匣
橞,匣
㩨,匣
儶,匣
譓,匣
鏸,匣
桂,見
昋,見
炔,見
筀,見
𤰮,見
𣧎,見
䳏,見
嘒,曉
嚖,曉
暳,曉
媲,滂
䠘,滂
睥,滂
𣹮,滂
𠞇,滂
𥴬,並
𨢡,並
𣘥,並
戾,來
㑦,來
隸,來
隷,來
儷,來
𥃏,來
綟,來
𠠫,來
唳,來
蜧,來
䓞,來
沴,來
捩,來
𤃀,來
悷,來
栛,來
丽,來
𣛒,來
𧢮,來
𩘡,來
𣟌,來
𥱻,徹
𢤇,泥
迡,泥
㰥,曉
㚛,曉
際,精
穄,精
鰶,精
𩯷,精
歲,心
櫘,心
𦄑,心
衞,云
𥶽,云
𧲝,云
𧲔,云
讏,云
熭,云
芮,日
汭,日
枘,日
鈉,日
贅,章
𠻜,生
韢,清
脃,清
膬,清
脆,清
㓹,清
叡,以
睿,以
䓲,以
綴,知
醊,知
畷,知
䄌,知
餟,知
錣,知
輟,知
稅,書
涗,書
獘,並
斃,並
幣,並
㡀,並
敝,並
篲,邪
𥱵,邪
鏏,邪
𪔊,邪
𢅫,邪
蔽,幫
鄨,幫
鷩,幫
彆,幫
劌,見
鱖,見
𠜾,見
𨇙,見
蹶,見
袂,明
鎩,生
蔱,生
掣,昌
痸,昌
𤸪,昌
𢜳,昌
𤢻,昌
制,章
𠛐,章
𦜗,章
淛,章
製,章
䎺,章
晢,章
䇽,章
𢝃,章
㝂,章
䱥,章
狾,章
𥍭,章
䩢,章
䭁,章
𤴟,章
迣,章
逝,常
觢,常
噬,常
誓,常
𣂯,常
筮,常
簭,常
澨,常
遾,常
𧻸,常
𦚨,常
曵,以
裔,以
𤤺,以
洩,以
𤵺,以
䎈,以
枻,以
詍,以
靾,以
𠂆,以
袣,以
䄿,以
𪀕,以
㵝,以
抴,以
㛳,以
䇩,以
㹭,以
㵩,以
𢂼,以
呭,以
䕍,以
䋵,影
瘞,影
𦝲,影
䔽,影
藝,疑
埶,疑
蓺,疑
䆿,疑
囈,疑
槸,疑
滯,澄
彘,澄
𦭮,澄
𩻼,澄
例,來
厲,來
礪,來
勵,來
禲,來
癘,來
㾐,來
鮤,來
濿,來
砅,來
蠣,來
蠇,來
櫔,來
𩧃,來
䮋,來
䅀,來
𥣭,來
𧸱,來
糲,來
巁,來
犡,來
栵,來
𢂥,來
𢤆,來
洌,來
憩,溪
𡳅,溪
愒,溪
丗,書
勢,書
猘,見
𦇧,見
罽,見
𣯅,見
瀱,見
訐,見
彐,見
蘮,見
偈,群
𧼪,徹
傺,徹
䚢,徹
䟷,徹
𨂰,徹
𨮱,澄
㓷,疑
蕝,精
潎,滂
𥏙,溪
䂕,曉
泰,透
太,透
汰,透
匃,見
丐,見
艾,疑
𧰿,疑
鴱,疑
藹,影
壒,影
馤,影
靄,影
𣋞,影
𣩱,影
𢣏,影
𪕭,影
曖,影
柰,泥
奈,泥
㲡,泥
𩹟,泥
渿,泥
大,定
䲦,定
𪐝,定
㐲,定
害,匣
𢞐,匣
帶,端
跢,端
𢄔,端
艜,端
貝,幫
𨙶,幫
鋇,幫
狽,幫
㸬,幫
伂,幫
䰽,幫
𣬪,幫
𢂏,幫
霈,滂
浿,滂
䢈,匣
𨘇,匣
繪,匣
兊,定
𩊭,定
綐,定
㟋,定
儈,見
膾,見
鱠,見
襘,見
檜,見
旝,見
巜,見
澮,見
鄶,見
廥,見
䯤,見
劊,見
䐴,見
𢶒,見
獪,見
最,精
𢃒,精
𧎹,精
𧬨,曉
翽,曉
鐬,曉
渙,曉
𥢶,溪
酹,來
頪,來
㲕,來
㱻,來
外,疑
祋,端
懀,影
薈,影
嬒,影
䶐,影
瞺,影
䵳,影
蕞,從
𥳣,從
𥕸,心
𣩡,心
𥊴,心
襊,清
𨅎,清
𥨒,清
旆,並
軷,並
磕,溪
䳚,溪
溘,溪
𥎆,溪
𩫀,溪
㪡,溪
蔡,清
𣞖,清
𪇭,清
賴,來
籟,來
癩,來
瀨,來
䄤,來
藾,來
䓶,來
𨇆,來
㸊,來
鵣,來
𡂖,來
餀,曉
𦤦,曉
㺔,曉
𤵽,曉
𩹄,曉
駾,透
毻,透
昧,明
枺,明
𦦣,清
卦,見
挂,見
掛,見
懈,見
繲,見
廨,見
㾏,見
隘,影
𨽴,影
阸,影
䅬,影
賹,影
邂,匣
賣,明
畫,匣
澅,匣
衩,初
㳗,初
訍,初
𧪘,初
睚,疑
粺,並
稗,並
眦,崇
派,滂
𠂢,滂
𥿯,滂
𣏕,滂
㵺,滂
㭛,滂
𣎵,滂
債,莊
𨛖,溪
䵘,生
𨢦,生
諣,曉
㠔,幫
膪,知
𢕮,知
怪,見
恠,見
𥑋,見
𦳋,見
𣀤,見
𡌪,見
㧔,見
呃,影
瘵,莊
𨝋,莊
誡,見
戒,見
界,見
介,見
屆,見
疥,見
玠,見
㝏,見
㠹,見
魪,見
尬,見
价,見
䯰,見
悈,見
䲸,見
芥,見
丯,見
𠨴,見
𩡺,見
譮,曉
㖑,曉
㞒,曉
𢗊,曉
械,匣
䪥,匣
薤,匣
齘,匣
瀣,匣
㒠,匣
韰,匣
𤡧,匣
㳦,匣
𦗐,疑
𢟰,疑
𧏹,疑
蒯,溪
㕟,溪
𢷎,幫
拜,幫
扒,幫
湃,滂
𡎯,匣
蘾,匣
聵,疑
𦖥,疑
𩔀,疑
憊,並
𤸶,並
𣡖,並
𦩋,並
㶔,並
䀛,明
𧱘,明
韎,明
𧱳,曉
躛,曉
𣟉,曉
𣸎,曉
𧜁,生
殺,生
閷,生
烗,溪
𤈪,溪
夬,見
快,溪
噲,溪
璯,溪
邁,明
勱,明
佅,明
話,匣
贁,並
䢙,並
唄,並
嘬,初
䴝,初
𣤌,初
𠽶,初
犗,見
𧜅,見
蠆,徹
𦤧,澄
𦤬,曉
砦,崇
隊,定
䨴,定
薱,定
憝,定
憞,定
譈,定
鐓,定
䃍,定
䯟,定
𩐌,定
濧,定
佩,並
珮,並
孛,並
鄁,並
邶,並
偝,並
悖,並
㻗,並
苝,並
妹,明
眛,明
瑁,明
配,滂
嶏,滂
誨,曉
晦,曉
𠧩,曉
靧,曉
頮,曉
秏,曉
𩔁,曉
𣴵,曉
對,端
𡭊,端
碓,端
𣝉,端
𠏮,端
淬,清
焠,清
䃀,清
晬,精
祽,精
𪓌,精
綷,精
夎,精
𩲄,影
退,透
𢓴,透
𨓤,透
㥆,透
𡯵,透
憒,見
幗,見
慖,見
簂,見
䈐,見
𪏤,見
蔮,見
潰,匣
繢,匣
殨,匣
闠,匣
䛛,匣
塊,溪
凷,溪
碎,心
𤭢,心
繀,心
内,泥
纇,來
攂,來
䒹,來
𥣬,來
𡔇,來
銇,來
錑,來
輩,幫
代,定
岱,定
黛,定
黱,定
埭,定
𡍖,定
帒,定
袋,定
甙,定
𨠾,定
瑇,定
靆,定
再,精
𨚵,精
𩛥,精
䵧,精
賽,心
簺,心
塞,心
𢞝,心
貸,透
態,透
曃,透
槩,見
𠌰,見
㧉,見
慨,溪
嘅,溪
礙,疑
硋,疑
閡,疑
懝,疑
愛,影
㤅,影
𥴨,影
薆,影
璦,影
㤥,匣
耐,泥
螚,泥
𣉘,泥
戴,端
賚,來
睞,來
勑,來
䚅,來
菜,清
埰,清
棌,清
䐆,清
酨,從
𣿐,從
廢,幫
癈,幫
𤼺,幫
袚,幫
𥳊,幫
䉬,幫
砩,幫
肺,滂
杮,滂
穢,影
薉,影
獩,影
饖,影
䮹,影
吠,並
𩵥,並
鼣,並
喙,曉
𤸁,曉
𣨶,曉
餯,曉
顪,曉
刈,疑
乂,疑
㲼,疑
㣻,疑
𩾘,疑
䖊,疑
䢃,疑
震,章
挋,章
𩒉,章
䟴,章
䳲,章
信,心
訊,心
訙,心
迅,心
囟,心
顖,心
𤜢,心
刃,日
認,日
肕,日
韌,日
仞,日
軔,日
牣,日
杒,日
訒,日
𢂻,日
䀼,日
𦙍,以
酳,以
𣌾,以
洕,以
𨋙,以
遴,來
吝,來
悋,來
閵,來
𥳞,來
粦,來
藺,來
轥,來
䗲,來
𠄈,來
䉮,來
𦺸,來
甐,來
𧶆,來
𧖔,來
𤌎,來
㔂,來
躙,來
擯,幫
殯,幫
鬢,幫
𧸈,幫
陣,澄
𨳌,澄
愼,常
昚,常
抻,書
菣,溪
賮,邪
燼,邪
㶳,邪
藎,邪
壗,邪
憗,疑
猌,疑
垽,疑
晉,精
㬜,精
搢,精
縉,精
䗯,精
進,精
枃,精
瑨,精
𦎷,精
衅,曉
釁,曉
舋,曉
僅,群
覲,群
殣,群
瑾,群
饉,群
㝻,群
廑,群
𠞱,群
歏,群
櫬,初
嚫,初
䞋,初
襯,初
印,影
鮣,影
𩂥,影
疢,徹
𨷚,滂
呁,見
稕,章
𦽑,章
盹,章
𡺲,心
峻,心
濬,心
浚,心
陖,心
埈,心
鵕,心
𢏤,心
𧸩,心
殉,邪
徇,邪
侚,邪
𢓈,邪
儁,精
俊,精
餕,精
畯,精
駿,精
𪕞,精
寯,精
𤮪,精
舜,書
䑞,書
蕣,書
瞬,書
瞚,書
鬊,書
閠,日
潤,日
䏰,日
順,船
問,明
璺,明
紊,明
莬,明
運,云
暈,云
䩵,云
鄆,云
䲰,云
韻,云
䚋,云
訓,曉
爋,曉
糞,幫
𥽒,幫
𡊅,幫
僨,幫
奮,幫
㱵,幫
愠,影
攈,見
捃,見
䝍,見
郡,群
秎,並
焮,曉
𦜓,曉
靳,見
㧆,見
劤,見
懚,影
檼,影
𤔌,影
㡥,影
願,疑
𩕾,疑
傆,疑
愿,疑
販,幫
畈,幫
劵,溪
勸,溪
万,明
萬,明
蟃,明
𨞼,明
䝡,明
𦂔,明
贎,明
䡬,明
𩚳,並
閞,並
𥹇,並
㶗,並
𧉤,並
嬔,滂
㽹,滂
𨠒,滂
𡗹,滂
𣀔,滂
㤆,滂
𠠵,滂
㪻,滂
汳,滂
建,見
旔,見
傿,影
㰽,影
𡙷,影
憲,曉
𧾨,曉
瀗,曉
楥,曉
楦,曉
𩋢,曉
健,群
𤬝,疑
鬳,疑
卛,見
慁,匣
溷,匣
圂,匣
頓,端
扽,端
巽,心
𩕧,心
潠,心
𠹀,心
遜,心
愻,心
困,溪
𣏔,溪
涃,溪
嫩,泥
媆,泥
抐,泥
䭡,影
悶,明
鐏,從
臶,從
栫,從
𦪚,從
璭,見
㴫,見
𧬪,見
謴,見
鈍,定
𩔂,定
寸,清
䍎,清
坌,並
𣴞,並
諢,疑
溣,來
𩯄,精
恨,匣
艮,見
茛,見
䭓,疑
扞,匣
螒,匣
垾,匣
釬,匣
悍,匣
瀚,匣
閈,匣
𤿧,匣
駻,匣
雗,匣
䏷,匣
㢨,匣
㲦,匣
𩹼,匣
炭,透
歎,透
湠,透
𣁗,透
㛶,透
按,影
案,影
洝,影
晏,影
荌,影
䅁,影
旦,端
鴠,端
𢘇,端
㡺,端
憚,定
旰,見
榦,見
倝,見
幹,見
杆,見
𧹳,見
盰,見
𣵼,見
𢁗,見
岸,疑
䮗,疑
㷳,疑
𡹼,疑
喭,疑
𨲊,疑
偘,溪
漢,曉
𤳉,曉
𡅽,曉
𤅩,曉
䎯,曉
爛,來
爤,來
𢒞,來
糷,來
鑭,來
𦍀,泥
粲,清
㛑,清
燦,清
璨,清
薒,清
𪆶,清
𢿱,心
賛,精
讃,精
饡,精
灒,精
𡳋,精
𣧻,從
囋,從
換,匣
逭,匣
𩁧,匣
肒,匣
䯘,匣
漶,匣
䀓,匣
𤴯,匣
惋,影
腕,影
𦞿,影
捥,影
矔,見
祼,見
館,見
瓘,見
鑵,見
𤼐,見
灌,見
雚,見
鸛,見
樌,見
鏆,見
爟,見
遦,見
悺,見
竄,清
鑹,清
爨,清
殩,清
玩,疑
貦,疑
翫,疑
妧,疑
段,定
毈,定
椴,定
亂,來
𢿢,來
𤔔,來
鍛,端
腶,端
碫,端
瑖,端
彖,透
褖,透
湪,透
喚,曉
嚾,曉
煥,曉
奐,曉
𥈉,曉
筭,心
蒜,心
笇,心
祘,心
縵,明
幔,明
漫,明
𢿜,明
䝢,明
半,幫
絆,幫
靽,幫
𩢔,幫
㪵,幫
𠯘,幫
判,滂
泮,滂
頖,滂
沜,滂
眫,滂
冸,滂
牉,滂
叛,並
𡞟,並
畔,並
𪋐,泥
諫,見
澗,見
鐧,見
鴈,疑
鳫,疑
雁,疑
贋,疑
偐,疑
騴,影
䁙,影
鴳,影
鷃,影
䴮,生
娨,匣
慢,明
嫚,明
贃,影
𩈬,影
患,匣
𢠶,匣
宦,匣
豢,匣
槵,匣
繯,匣
慣,見
丱,見
摜,見
串,見
㝈,生
涮,生
篡,初
薍,疑
𧮺,崇
襻,滂
䴼,初
㬄,徹
襇,見
間,見
𨣇,見
𧙧,見
莧,匣
粯,匣
瓣,並
辦,並
釆,並
𥌊,滂
幻,匣
綻,澄
䋎,澄
霰,心
䨘,心
㪇,心
𢊰,心
軐,心
𥰳,心
蒨,清
茜,清
輤,清
倩,清
䛹,清
棈,清
𢂺,清
𧚫,清
䑶,清
篟,清
絢,曉
夐,曉
㧦,曉
袨,匣
炫,匣
衒,匣
𧗳,匣
䝮,匣
𩑹,匣
瓹,見
䣺,見
𦌾,見
懁,見
䡓,見
獧,見
狷,見
㢾,見
電,定
澱,定
淀,定
甸,定
𪑩,定
壂,定
睼,透
練,來
浰,來
鍊,來
楝,來
㼑,來
鰊,來
萰,來
堜,來
湅,來
𣿊,來
㪝,來
𣞰,來
𤗛,來
鋻,見
㬗,泥
㯠,溪
現,匣
硯,疑
研,疑
𨁍,疑
鷰,影
醼,影
讌,影
嚥,影
㬫,影
溎,影
酀,影
𥉛,影
薦,精
𧲛,精
麫,明
麵,明
㴐,明
𡧍,明
𩈹,明
𥻩,明
片,滂
䏒,滂
㸤,滂
荐,從
洊,從
𨷓,從
䬼,影
裫,影
噮,影
肙,影
唸,端
𠿍,端
𩎌,曉
線,心
綫,心
戰,章
顫,章
繕,常
擅,常
膳,常
饍,常
䄠,常
𤮜,常
𦉕,常
彥,疑
唁,疑
諺,疑
這,疑
譴,溪
䪈,溪
絹,見
鄄,見
㯞,見
䚈,見
瑗,云
褑,云
面,明
釧,昌
掾,以
縁,以
𢐄,以
䬇,以
𩥇,知
𧝑,知
箭,精
𥳭,精
葥,精
榗,精
傓,書
𧎥,書
𦶋,書
𥰢,書
眷,見
睠,見
桊,見
帣,見
䖭,見
𥸭,見
倦,群
𣜨,群
淃,群
戀,來
變,幫
𥆊,清
卞,並
抃,並
弁,並
𡭪,並
汴,並
昪,並
匥,並
䒪,並
㺹,並
忭,並
縼,邪
𢳄,邪
𤂿,心
繏,心
渲,心
籑,崇
𤩄,崇
𠨎,崇
賤,從
騗,滂
𢮛,常
叀,常
碾,娘
囀,知
𤹨,來
𥛁,溪
徧,幫
遍,幫
嘯,心
歗,心
熽,心
糶,透
粜,透
眺,透
覜,透
鋽,透
絩,透
弔,端
伄,端
瘹,端
釣,端
窵,端
𨑩,端
叫,見
訆,見
譥,見
激,見
噭,見
嘂,見
𨎬,見
尿,泥
㞙,泥
藋,定
莜,定
𥁮,定
竅,溪
𢵿,溪
𩕐,來
𦌒,來
炓,來
獟,疑
𪖐,疑
𠹑,疑
窔,影
𥦒,影
𢿿,曉
娎,曉
𥬇,心
㗛,心
肖,心
韒,心
照,章
炤,章
詔,章
𨹸,章
燿,以
摇,以
覞,以
𧡷,以
耀,以
曜,以
𧢢,以
矅,以
㞁,以
𣤦,以
筄,以
趭,以
艞,以
讑,以
約,影
邵,常
劭,常
𠣫,常
䬰,常
卲,常
嶠,群
㬓,滂
䏇,滂
勡,滂
誚,從
妙,明
玅,明
陗,清
峭,清
㴥,清
俏,清
帩,清
𪑊,清
𤊽,來
𤻲,來
療,來
𠿕,溪
㢗,溪
㚁,溪
𧇠,疑
𥛲,精
釂,精
潐,精
𥡤,精
䂃,精
廟,明
庿,明
驃,並
裱,幫
俵,幫
效,匣
効,匣
斅,匣
俲,匣
𣱓,匣
敎,見
𢼂,見
窖,見
酵,見
覺,見
較,見
𡥈,見
珓,見
孝,曉
𡦳,曉
罩,知
䈇,知
䍜,知
豹,幫
𧭤,幫
𢖔,幫
爆,幫
皃,明
䫉,明
貌,明
䡚,明
𢂹,明
𢅉,明
奅,滂
抛,滂
礮,滂
趠,徹
踔,徹
稍,生
潲,生
𣕇,生
𨛍,生
𦓴,生
棹,澄
櫂,澄
濯,澄
㷹,澄
淖,娘
𠆴,娘
閙,娘
癄,莊
靤,並
耖,初
仯,初
觘,初
𦨖,初
靿,影
袎,影
㑃,影
箹,影
𩳔,疑
号,匣
𤩭,匣
㙱,匣
𧬁,匣
𡠖,匣
導,定
纛,定
悼,定
蹈,定
盜,定
䆃,定
𠺛,定
䊭,定
䌦,定
到,端
𤓾,端
𧛔,端
誥,見
郜,見
告,見
𣝏,見
傲,疑
鏊,疑
奡,疑
帽,明
耄,明
𦹾,明
眊,明
𤣽,明
冒,明
𩿂,明
𢯾,明
覒,明
㲝,明
䋃,明
𣔺,明
僗,來
癆,來
𣟽,來
慥,清
糙,清
鄵,清
暴,並
虣,並
曝,並
瀑,並
菢,並
𤔣,並
報,幫
𢲵,從
奥,影
𩟇,影
隩,影
䜒,影
墺,影
𩼈,影
澳,影
喿,心
譟,心
噪,心
瘙,心
㿋,心
髞,心
𢤁,心
𩝝,溪
犒,溪
靠,溪
竈,精
躁,精
趮,精
箇,見
个,見
個,見
賀,匣
𧝂,匣
袔,匣
㵑,匣
佐,精
𠡃,精
袏,精
邏,來
𧟌,來
㿚,來
餓,疑
拖,透
㳀,見
𩟂,見
俰,匣
挫,精
㪙,溪
𡱼,溪
㾧,溪
唾,透
毤,透
𧝍,透
播,幫
𢿥,幫
譒,幫
剉,清
莝,清
䃺,明
破,滂
座,從
臥,疑
𢯽,清
貨,曉
䙃,定
𧱫,定
縛,並
䇔,來
𢺑,來
䌴,來
𠏢,來
㛆,端
刴,端
挅,端
䐝,心
侉,影
涴,影
禡,明
榪,明
鬕,明
𧪨,明
傌,明
駕,見
稼,見
嫁,見
架,見
𢱈,見
價,見
𢉤,見
𦙺,見
亞,影
俹,影
𣇩,影
㰳,影
稏,影
𦜖,影
婭,影
䢝,影
覀,影
嚇,曉
罅,曉
𧫒,曉
㙤,曉
迓,疑
訝,疑
犽,疑
砑,疑
詫,徹
吒,知
灹,知
䒲,知
𨶃,知
詐,莊
𨢧,莊
榨,莊
乍,崇
䄍,崇
齰,崇
𧧻,崇
謝,邪
榭,邪
㴬,邪
髂,溪
𩩱,溪
疴,溪
𧩶,溪
𠳌,溪
暇,匣
褯,從
藉,從
躤,從
䤳,從
䣠,從
夜,以
鵺,以
斥,昌
卸,心
䉣,心
柘,章
鷓,章
䗪,章
嗻,章
炙,章
蔗,章
唶,精
借,精
舎,書
赦,書
涻,書
厙,書
䠶,船
麝,船
霸,幫
𧟶,幫
弝,幫
欛,幫
靶,幫
灞,幫
垻,幫
帊,滂
怕,滂
摦,匣
㕦,匣
鳠,匣
檴,匣
化,曉
𩲏,曉
𩵏,曉
杹,曉
誜,生
𤝡,並
𩹏,並
𦫙,並
𥝧,並
䏧,泥
𦔯,生
坬,見
䖳,澄
攨,影
䠚,影
漾,以
恙,以
羕,以
㨾,以
䭐,以
㺊,以
亮,來
諒,來
掠,來
悢,來
𣄵,來
䁁,來
䀶,來
狀,崇
讓,日
懹,日
餉,書
𤵼,書
帳,知
脹,知
痮,知
悵,徹
暢,徹
鬯,徹
韔,徹
䩨,徹
𧀄,徹
畼,徹
𥠴,徹
𥇔,徹
䦳,曉
萫,曉
𧬰,曉
釀,娘
𥽬,娘
匠,從
䞪,從
𪀘,從
㢓,章
嶂,章
瘴,章
壯,莊
弶,群
唱,昌
𪛋,昌
剏,初
醬,精
𨡰,精
𨟻,精
𨋕,疑
訪,滂
妄,明
忘,明
𧫢,明
況,曉
况,曉
𣍦,曉
貺,曉
誑,見
𠉫,見
臦,見
旺,云
舫,幫
𨾔,幫
唴,溪
𥇉,溪
羻,溪
誆,群
宕,定
逿,定
𦿆,定
𡇈,定
埌,來
䕞,來
蒗,來
𡵙,疑
葬,精
徬,並
𨌄,從
譡,端
瓽,端
擋,端
闣,端
閌,溪
犺,溪
伉,溪
𪎵,溪
謗,幫
𨫖,透
曠,溪
矌,溪
壙,溪
纊,溪
儾,泥
㚂,泥
𠷔,心
擴,匣
䤑,影
暎,影
敬,見
竟,見
鏡,見
獍,見
競,群
𥪰,群
倞,群
曔,群
慶,溪
命,明
病,並
𡊞,並
孟,明
柄,幫
棅,幫
鈵,幫
寎,幫
詠,云
咏,云
泳,云
絎,匣
㡧,知
𩏠,知
牚,徹
𧻓,幫
鋥,澄
𥊼,澄
䂻,澄
貹,生
䛭,曉
𥥈,影
諍,莊
迸,幫
䨻,並
䙬,影
鞕,疑
硬,疑
勁,見
凊,清
政,章
証,章
聖,書
鄭,澄
㽀,澄
遉,徹
靗,徹
性,心
姓,心
聘,滂
娉,滂
敻,曉
摒,幫
偋,並
庰,並
淨,從
靚,從
𩓞,從
墭,常
晟,常
詺,明
𣢝,曉
𩈡,曉
徑,見
逕,見
𠲮,見
𩰹,見
桱,見
寗,泥
佞,泥
踁,匣
掟,定
矴,端
飣,端
𦘭,端
顁,端
罄,溪
𥥻,溪
磬,溪
掅,清
䒌,明
𢣙,影
瀅,影
證,章
孕,以
䵴,以
㑞,以
𣎜,船
嵊,船
剰,船
芿,日
譍,影
噟,影
甑,精
䰝,精
𩱭,精
䙢,精
臖,曉
嬹,曉
蕂,書
榺,書
𪒘,澄
𪑬,澄
靐,並
秤,昌
覴,徹
嶝,端
鐙,端
隥,端
凳,端
𧀆,端
𩞬,端
磴,端
贈,從
𪒟,從
亘,見
堩,見
揯,見
䱎,見
𥔂,見
蹭,清
𠟂,清
鄧,定
蹬,定
𣩟,定
䮴,定
𢅴,明
䲛,明
𨮒,明
𧀧,明
𥦜,幫
踜,來
𡬙,心
宥,云
又,云
佑,云
祐,云
酭,云
𩑣,云
𤴨,云
囿,云
姷,云
忧,云
䞥,云
侑,云
𦳩,云
救,見
廐,見
究,見
疚,見
𠣿,見
𧧷,見
𨖏,見
胄,澄
冑,澄
𩊄,澄
酎,澄
宙,澄
籀,澄
伷,澄
䛆,澄
駎,澄
晝,知
狩,書
獸,書
臭,昌
岫,邪
𥥉,邪
袖,邪
齅,曉
嘼,曉
珛,曉
呪,章
祝,章
舊,群
柩,群
匶,群
𤸃,生
瘦,生
皺,莊
㾭,莊
甃,莊
副,滂
𩯅,滂
簉,初
䔏,初
遚,初
富,幫
輻,幫
鍑,幫
溜,來
霤,來
㙀,來
僇,來
廇,來
畂,來
𥛅,來
塯,來
㽌,來
秀,心
繡,心
宿,心
僦,精
䅢,精
媨,精
驟,崇
僽,崇
就,從
鷲,從
㠇,從
糅,娘
𩚖,娘
復,並
𢕒,並
伏,並
椱,並
𨺅,並
狖,以
貁,以
鼬,以
𤍕,以
褎,以
𪕏,以
授,常
㖟,常
售,常
𪖛,溪
䞭,清
𠋫,匣
鮜,匣
逅,匣
堠,匣
䞧,匣
䞀,匣
𣣠,匣
𡨥,溪
鷇,溪
𡠆,溪
簆,溪
瞉,溪
茂,明
貿,明
鄮,明
戊,明
愗,明
袤,明
懋,明
瞀,明
姆,明
苺,明
𦼪,明
𠔼,明
㰴,滂
豆,定
竇,定
酘,定
荳,定
脰,定
梪,定
餖,定
浢,定
䄈,定
毭,定
𩊪,定
𤀨,定
㛒,定
鬥,端
鬭,端
闘,端
䛠,端
𧱦,端
斣,端
䬦,端
鎒,泥
耨,泥
𣫌,泥
譳,泥
瘶,心
奏,精
咅,透
䟝,透
𧺢,透
𠹝,影
遘,見
構,見
媾,見
覯,見
姤,見
購,見
䝭,見
雊,見
彀,見
𤚼,見
㝤,見
搆,見
煹,見
䃓,見
𢄇,見
輳,清
腠,清
湊,清
𪉮,清
蔟,清
𧱪,清
陋,來
漏,來
屚,來
𦸢,來
𧷡,來
𨫒,來
𣤋,來
𧫞,來
蔻,曉
豞,曉
䪷,曉
佝,曉
䠫,從
幼,影
謬,明
𧾻,群
沁,清
𠖶,清
吣,清
䈜,清
𡫏,精
𥧲,精
妊,日
絍,日
衽,日
鴆,澄
㼉,澄
𦧈,群
䶖,群
𤘡,群
𦨽,群
紟,群
鈙,群
齽,群
㯲,見
賃,娘
蔭,影
窨,影
𤸌,影
癊,影
滲,生
闖,徹
𧡬,徹
譖,莊
讖,初
揕,知
㓄,知
𠐼,來
侺,常
𪔰,云
𢊖,書
勘,溪
䘓,溪
𧗀,溪
𪉯,溪
磡,溪
紺,見
憾,匣
琀,匣
浛,匣
䐄,匣
暗,影
闇,影
㐁,透
傝,透
䐺,透
憛,透
俕,心
閐,心
㤾,心
䫅,心
謲,清
㽩,清
𤁡,定
䀍,定
儑,疑
馾,端
𩈉,端
𩾺,端
𤃨,來
𩞿,曉
瞰,溪
𣊟,溪
𪉿,溪
𨣨,來
㜮,來
賧,透
𪊇,透
𪉧,透
舕,透
𪉦,見
𤎡,匣
腅,定
暫,從
蹔,從
豔,以
艶,以
焰,以
𢴵,以
灩,以
贍,常
𢜰,影
窆,幫
驗,疑
𣄝,疑
掞,書
壍,清
塹,清
嬱,清
殮,來
𧸘,來
䠨,昌
韂,昌
㙴,昌
俺,影
㮇,透
念,泥
𦁇,泥
店,端
㝪,端
䃸,心
䆎,心
磹,定
㼭,定
趝,見
僭,精
傔,溪
釅,疑
脅,曉
姭,曉
𤬯,溪
𦲯,明
陷,匣
蘸,莊
站,知
𣳤,知
𧸖,澄
譧,澄
𨼮,崇
䪌,崇
懺,初
摲,初
𤮭,初
覱,莊
釤,生
㣌,生
㒈,曉
湴,並
㽉,匣
䀀,滂
𥁔,滂
劔,見
欠,溪
㐸,溪
𦑎,影
㛪,影
䛳,影
覎,影
屋,影
𡲃,影
𦤼,影
剭,影
𨜘,影
𪑱,影
䑁,影
獨,定
黷,定
讟,定
髑,定
䫳,定
殰,定
讀,定
櫝,定
牘,定
㾄,定
贕,定
䢱,定
䮷,定
皾,定
𤟩,定
瓄,定
瀆,定
𨽍,定
豄,定
韇,定
嬻,定
犢,定
𪇆,定
匵,定
穀,見
糓,見
轂,見
榖,見
濲,見
瑴,見
𪇗,見
𣨍,見
𪕸,見
䜼,見
𧣡,見
䐨,見
𥆌,見
䀰,見
唂,見
縠,匣
槲,匣
斛,匣
螜,匣
𧂔,匣
蔛,匣
𣫈,匣
𣹬,匣
㽇,匣
䈸,匣
焀,匣
哭,溪
㲉,溪
𪍠,溪
䵈,溪
㲄,溪
𣫓,溪
秃,透
𣬜,透
𢬳,透
鵚,透
𣫔,端
𡰪,端
𧞐,端
𢽴,端
剢,端
遬,心
𧫣,心
蔌,心
餗,心
𩱖,心
𨄞,心
樕,心
𣫎,心
𪋝,心
藗,心
殐,心
𡖯,心
禄,來
鹿,來
漉,來
渌,來
觻,來
睩,來
䚄,來
𨏔,來
轆,來
㼾,來
𦪇,來
琭,來
簏,來
箓,來
螰,來
䍡,來
麓,來
㯟,來
碌,來
盝,來
𥂖,來
䮽,來
磟,來
簶,來
𧌍,來
娽,來
𥉶,來
摝,來
𥛞,來
𦌟,來
𥂇,來
𤽺,來
廘,來
彔,來
鏕,來
趢,來
䎑,來
𨌠,來
㪖,來
𩅄,來
蔍,來
嗀,曉
熇,曉
𦞦,曉
𧹲,曉
㷤,曉
嚛,曉
族,從
瘯,清
䃚,清
趗,清
簇,清
鏃,精
鎐,精
䗱,並
㲫,並
僕,並
䑑,並
𥐁,並
𡕡,並
穙,並
扑,滂
醭,滂
墣,滂
𥣜,滂
𪔿,滂
攴,滂
撲,滂
𪐙,滂
卜,幫
濮,幫
䧤,幫
𡡐,幫
獛,幫
蹼,幫
纀,幫
𩯏,幫
䪁,幫
鳪,幫
木,明
沐,明
毣,明
霂,明
𨍎,明
艒,明
楘,明
蚞,明
腹,幫
幅,幫
𠋩,幫
葍,幫
蝠,幫
𥳇,幫
偪,幫
楅,幫
𦿁,幫
虙,並
服,並
𦨈,並
茯,並
馥,並
鵩,並
𨋩,並
澓,並
洑,並
箙,並
𩋟,並
𨌥,並
𪃃,並
𩢰,並
复,並
𩊙,並
𩎧,並
菔,並
匐,並
鰒,並
栿,並
縮,生
莤,生
樎,生
謖,生
蹜,生
摍,生
𧐴,生
六,來
陸,來
戮,來
剹,來
稑,來
穋,來
鵱,來
𦾷,來
𩣱,來
鯥,來
𦸐,來
𧌉,來
淕,來
䡜,來
坴,來
𡴆,來
踛,來
𥚊,來
逐,澄
軸,澄
舳,澄
鱁,澄
𧏿,澄
䮱,澄
菊,見
蘜,見
𧃓,見
㥌,見
𡙳,見
掬,見
匊,見
𥷤,見
𦶗,見
鞫,見
𡫬,見
𥩁,見
㹼,見
𪈓,見
𨸰,見
㘲,見
㽤,見
椈,見
巈,見
䳔,見
𩛺,見
諊,見
𩬜,見
閰,見
𣐊,見
𧿻,見
泦,見
麴,溪
𥶶,溪
𩍔,溪
熟,常
孰,常
淑,常
塾,常
𨷙,常
婌,常
䃞,常
俶,昌
𣥹,昌
埱,昌
育,以
毓,以
鬻,以
𩱱,以
䋭,以
𧷗,以
棛,以
錥,以
焴,以
昱,以
蒮,以
淯,以
蜟,以
𢌻,以
堉,以
喅,以
𤳕,以
逳,以
𦱀,以
蘛,以
驧,群
𩣽,群
𪁁,群
毱,群
䗇,群
䜯,群
鼀,清
肉,日
叔,書
儵,書
倐,書
虪,書
𨁀,書
鮛,書
掓,書
𢞣,書
尗,書
菽,書
㶖,書
𤲸,曉
㜅,曉
慉,曉
竹,知
築,知
𥴁,知
茿,知
蹙,精
𧑙,精
㗤,精
噈,精
槭,精
𥷛,精
𣢰,精
𦟠,精
顣,精
珿,初
𪘏,初
𨴖,初
𧯩,初
䎌,初
恧,娘
𦗂,娘
忸,娘
䖡,娘
䂇,娘
𡎺,莊
蝮,滂
㙏,滂
郁,影
戫,影
彧,影
薁,影
䉛,影
𨞓,影
稶,影
𠸹,影
𨪎,影
肅,心
蓿,心
夙,心
𠉦,心
𠈇,心
玊,心
鷫,心
𪂸,心
驌,心
鱐,心
𤥔,心
䑿,心
㑉,心
璛,心
㪩,心
目,明
睦,明
穆,明
苜,明
𦱒,明
牧,明
㙁,明
萺,明
㣎,明
㾇,明
哊,云
滀,徹
敊,徹
傗,徹
砡,疑
沃,影
鋈,影
毒,定
𡹆,定
𦺇,定
蝳,定
𢃶,定
篤,端
督,端
𧝴,端
𧞶,端
錖,端
𤬂,端
𥓍,端
酷,溪
焅,溪
𥞴,溪
嚳,溪
硞,溪
𡷥,溪
鵠,匣
㿥,匣
隺,匣
𤌍,匣
頶,匣
𨴬,匣
瞨,並
鏷,並
洬,心
梏,見
牿,見
䧼,見
臛,曉
傉,泥
傶,精
𣪻,精
錊,精
襮,幫
𤛹,疑
燭,章
矚,章
䌵,章
囑,章
䟉,章
玉,疑
獄,疑
鳿,疑
旭,曉
勗,曉
𩔴,曉
𩪉,曉
輂,見
鋦,見
挶,見
𦥑,見
梮,見
䡞,見
㮂,見
䋰,見
𦅽,見
𧤑,見
局,群
跼,群
駶,群
侷,群
䎤,群
蜀,常
䙱,常
襩,常
㻿,常
觸,昌
臅,昌
辱,日
蓐,日
鄏,日
縟,日
溽,日
㦺,日
媷,日
嗕,日
𪑾,日
𩱜,日
束,書
欲,以
浴,以
鵒,以
𩀑,以
鋊,以
輍,以
慾,以
躅,澄
録,來
綠,來
醁,來
騄,來
菉,來
逯,來
䱚,來
籙,來
䟿,來
𧨹,來
㫽,來
曲,溪
䒼,溪
匤,溪
瘃,知
𤷚,知
孎,知
斸,知
钃,知
哫,精
贖,船
䴰,船
幞,並
促,清
誎,清
𤗁,清
𦠁,清
㹱,清
續,邪
俗,邪
藚,邪
粟,心
𥻆,心
憟,心
𣯼,心
㔄,心
𥹵,徹
㙇,徹
豖,徹
斠,見
桷,見
䡈,見
珏,見
榷,見
傕,見
嶽,疑
岳,疑
鸑,疑
𩓥,疑
捳,疑
㹊,疑
浞,崇
丵,崇
鋜,崇
灂,崇
鷟,崇
齺,崇
𢋱,崇
捉,莊
穛,莊
𥼚,莊
穱,莊
斮,莊
𧂒,莊
朔,生
矟,生
槊,生
蒴,生
𦂗,生
㮶,生
𦋞,生
斲,知
涿,知
諑,知
㧻,知
琢,知
卓,知
桌,知
𥢔,知
斀,知
啅,知
𢁁,知
倬,知
𢽚,知
剥,幫
駮,幫
駁,幫
𩐟,幫
嚗,幫
𥭖,幫
髉,幫
㿺,幫
䑈,幫
趵,幫
邈,明
㦝,明
𢷕,明
瞐,明
雹,並
𩅟,並
𢷏,並
𩣡,並
䮀,並
𩺽,並
䈏,並
瓝,並
㼎,並
窇,並
懪,並
璞,滂
朴,滂
㹒,滂
圤,滂
𤆝,滂
𥛟,滂
㺪,滂
𧴤,滂
㱿,溪
毃,溪
愨,溪
確,溪
碻,溪
𤿩,溪
燩,溪
塙,溪
𣤇,溪
𡴊,溪
埆,溪
𡇱,溪
濁,澄
擢,澄
𧃔,澄
𢺡,澄
㺟,澄
蠗,澄
鸐,澄
𩑂,澄
𢢗,澄
𩆸,澄
渥,影
握,影
偓,影
幄,影
楃,影
喔,影
葯,影
腛,影
齷,影
媉,影
𦯏,影
𠿟,影
搦,娘
䚥,娘
𧢺,娘
𧣺,娘
逴,徹
犖,來
䃕,來
𡁆,來
學,匣
确,匣
𥀣,匣
㕰,曉
𩌥,曉
𦰾,曉
謞,曉
瀥,曉
䤕,曉
娖,初
䃗,初
娕,初
擉,初
齪,初
晊,章
郅,章
桎,章
櫍,章
騭,章
劕,章
䑇,章
鑕,章
𡂒,章
侄,章
日,日
馹,日
㠴,日
實,船
秩,澄
紩,澄
帙,澄
袠,澄
翐,澄
妷,澄
豑,澄
𣗻,澄
𧽮,澄
𡙮,澄
悉,心
厀,心
膝,心
𧀬,心
𦸝,心
䊝,心
僁,心
窸,心
一,影
弌,影
壹,影
七,清
漆,清
柒,清
䣛,清
𪄭,清
桼,清
𣛺,清
𦸓,清
㯃,清
匹,滂
𠯔,滂
䏘,滂
吉,見
拮,見
郆,見
洁,見
𤿠,見
暱,娘
昵,娘
䵒,娘
䵑,娘
䘌,娘
㥾,娘
逸,以
佚,以
佾,以
溢,以
鎰,以
劮,以
欥,以
詰,溪
蛣,溪
𩢴,溪
欯,曉
恄,曉
㣟,曉
抶,徹
栗,來
㮚,來
𣡷,來
慄,來
溧,來
𠞉,來
鷅,來
凓,來
篥,來
麜,來
𨍫,來
瑮,來
𦃊,來
塛,來
搮,來
䔁,來
㗚,來
㟳,來
挃,知
庢,知
秷,知
𦤻,知
㲳,知
𨖹,知
螲,知
𥎹,知
疾,從
𤕺,從
蒺,從
㑵,從
𧎿,從
愱,從
槉,從
𠹋,從
𧪠,從
㓼,初
䜉,初
失,書
室,書
𩋡,書
㘍,精
唧,精
㲺,精
𢪍,精
𧉍,精
蝍,精
蜜,明
𧖅,明
謐,明
䤉,明
榓,明
𥁑,明
宓,明
淧,明
𥋱,明
必,幫
畢,幫
篳,幫
蓽,幫
韠,幫
㻫,幫
䟆,幫
蹕,幫
滭,幫
㪤,幫
珌,幫
㓖,幫
熚,幫
𡠚,幫
彃,幫
㮿,幫
縪,幫
饆,幫
鏎,幫
𡻞,幫
𥀕,幫
𥛘,幫
罼,幫
姞,群
佶,群
鮚,群
馝,並
苾,並
䩛,並
佖,並
駜,並
飶,並
怭,並
𨠔,並
䖩,並
𣢠,並
妼,並
䫻,云
𣅕,云
𦳯,云
㧒,云
蟀,生
𧍓,生
䢦,生
𧜠,生
咰,生
𠌭,生
𧗿,生
叱,昌
𪗨,崇
密,明
𡶇,明
蔤,明
滵,明
沕,明
樒,明
𥄃,明
𪅮,明
𥉴,明
弼,並
𢐀,並
㢸,並
𠡂,並
䄶,並
𢘍,並
胇,並
乙,影
鳦,影
圪,疑
𦨇,疑
𠡝,疑
筆,幫
潷,幫
𢴩,幫
㻶,幫
𨅗,幫
肸,曉
獝,曉
術,船
述,船
秫,船
沭,船
橘,見
𧽻,見
䤎,見
𦙮,見
𣎛,見
崒,從
踤,從
捽,從
聿,以
鴪,以
燏,以
遹,以
鷸,以
𩙅,以
矞,以
霱,以
䢖,以
䋖,以
銉,以
𦒔,以
𥎐,以
䱣,精
㰵,精
卹,心
恤,心
戌,心
訹,心
珬,心
䳳,心
賉,心
𣸃,心
㖅,心
𧊥,心
銊,心
欰,心
𥚋,心
𨜿,心
律,來
寽,來
繂,來
膟,來
䔞,來
葎,來
𥭐,來
𠷈,來
黜,徹
怵,徹
𧺶,徹
䟣,徹
𤝞,徹
窋,知
絀,知
㑁,知
逫,知
𡢑,知
𦬸,澄
炢,澄
𦦖,莊
䎉,曉
怴,曉
䬂,曉
𥄵,曉
櫛,莊
瀄,莊
㘉,莊
𥠈,莊
擳,莊
瑟,生
飋,生
蝨,生
璱,生
𦆄,生
物,明
勿,明
𣃦,明
芴,明
岉,明
弗,幫
紱,幫
黻,幫
綍,幫
紼,幫
巿,幫
𨚓,幫
翇,幫
柫,幫
𡗻,幫
冹,幫
帗,幫
𩖼,幫
笰,幫
𤊸,幫
甶,幫
鬱,影
欝,影
灪,影
爩,影
𩚴,影
黦,影
𥘄,影
𩰪,影
𠀔,見
孒,見
厥,見
鶌,見
趉,見
詘,溪
𧌑,溪
倔,群
𡲬,群
䘿,群
𡲗,群
掘,群
佛,並
坲,並
𡶒,並
咈,並
䞞,並
𣀣,並
炥,並
䬍,曉
𩘐,曉
欻,曉
𦱧,曉
㗵,曉
烼,曉
𢯮,云
䁌,云
𢔥,云
拂,滂
𢂀,滂
祓,滂
乀,滂
䭮,滂
彿,滂
𧿳,滂
迄,曉
釳,曉
忔,曉
䛥,曉
汔,曉
訖,見
吃,見
䰴,見
疙,疑
屹,疑
𧆫,疑
䞘,群
𢇓,群
乞,溪
月,疑
刖,疑
跀,疑
𧿁,疑
軏,疑
抈,疑
扤,疑
枂,疑
鈅,疑
玥,疑
𦘹,疑
伐,並
栰,並
罰,並
閥,並
垡,並
瞂,並
拔,並
藅,並
坺,並
䣹,並
𨒋,云
粤,云
戉,云
鉞,云
䋐,云
樾,云
蚏,云
曰,云
𥩡,云
𡛟,云
𣐋,云
𧊎,云
氒,見
𨇮,見
𧽸,見
𧼞,見
瘚,見
劂,見
蕨,見
蟨,見
蟩,見
𥕲,見
𠢤,見
欮,見
𠄌,見
𡡕,影
𧤼,群
鷢,群
蹷,群
憠,群
𨬐,群
䞷,群
𣖬,群
𩪜,群
亅,群
闕,溪
㵐,溪
髮,幫
𩠖,幫
𩑛,幫
發,幫
韤,明
韈,明
襪,明
㒝,明
䟠,曉
狘,曉
䎀,曉
㞽,曉
謁,影
𢉥,影
歇,曉
蠍,曉
𤢔,曉
𦪬,曉
𧼨,見
羯,見
𢶆,見
鍻,見
𢷒,群
竭,群
碣,群
钀,疑
没,明
殁,明
𤣻,明
𠬛,明
莈,明
𣅝,透
骨,見
縎,見
䮩,見
汩,見
愲,見
蓇,見
㾶,見
榾,見
䓛,見
㒴,見
勃,並
渤,並
𩱚,並
餑,並
𡋯,並
郣,並
浡,並
𣭷,並
𢠜,並
㪍,並
㶿,並
桲,並
挬,並
脖,並
𦸦,並
鵓,並
咄,端
𩢎,端
𩨳,端
宊,透
棁,透
𠫓,透
䠈,透
突,定
揬,定
腯,定
鼵,定
葖,定
鶟,定
堗,定
𦩤,定
鈯,定
𦔅,定
𣔻,定
凸,定
鍎,定
腽,影
嗢,影
䯉,影
榅,影
淴,影
忽,曉
㾁,曉
匫,曉
寣,曉
笏,曉
䩐,曉
曶,曉
𣓗,曉
㦌,曉
𦁕,曉
𢑢,曉
惚,曉
𤶘,曉
兀,疑
杌,疑
屼,疑
矹,疑
䦍,疑
鼿,疑
𦨉,疑
䑢,疑
𠨜,疑
㽾,疑
𤴰,疑
𧈭,疑
𦬂,疑
䪬,滂
昢,滂
哱,滂
㛘,滂
硉,來
𨁸,來
𥓎,來
㪐,來
窟,溪
矻,溪
㧾,溪
圣,溪
㩿,溪
𡑣,溪
䯇,溪
𡼿,溪
𥌄,溪
訥,泥
𣧍,泥
窣,心
𪌯,心
𪍛,心
㲞,心
𪖶,心
𪅄,心
㞕,心
猝,清
𢪃,清
𥾛,清
椊,從
䚝,從
崪,從
𩩠,從
麧,匣
𥝖,匣
齕,匣
紇,匣
搰,匣
𣝗,匣
𦗣,匣
抇,匣
𡰅,匣
稡,精
曷,匣
褐,匣
毼,匣
鶡,匣
蝎,匣
𩩲,匣
㮫,匣
𠿒,曉
㿣,曉
𩡔,曉
怛,端
𢛁,端
妲,端
呾,端
炟,端
䵣,端
𦬹,端
闥,透
㒓,透
撻,透
躂,透
澾,透
𣥂,透
羍,透
𦍒,透
遏,影
齃,影
頞,影
堨,影
胺,影
咹,影
𠥜,影
剌,來
揧,來
辢,來
瘌,來
攋,來
𢈠,來
轢,來
𢃴,來
䶛,來
㻝,來
𥈙,來
楋,來
蝲,來
㵣,溪
𤸎,溪
嵑,溪
薘,定
巀,從
囐,從
嶭,疑
䡾,疑
枿,疑
𣡌,疑
櫱,疑
𣎴,疑
𠱥,疑
𠲗,疑
歺,疑
齾,疑
葛,見
䈓,見
割,見
𩢛,見
輵,見
𨞛,見
𥢸,見
㵧,見
躠,心
薩,心
𥻦,心
𦼧,心
𨐖,心
䌨,清
礤,清
捺,泥
䖧,泥
末,明
昩,明
𩑷,明
䴲,明
𨣱,明
䬴,明
秣,明
𥬎,明
靺,明
粖,明
𩱷,明
𥽘,明
䱅,明
眜,明
抹,明
妺,明
𠇱,明
𢗿,明
𡊉,明
瀎,明
𩿣,明
沫,明
𦫕,明
袜,明
撥,幫
癶,幫
鉢,幫
盋,幫
䢌,幫
𩯌,幫
襏,幫
𦪑,幫
驋,幫
拶,精
㳨,精
𨀨,精
𤁢,精
括,見
髺,見
聒,見
䒷,見
𦸈,見
鴰,見
萿,見
葀,見
䯏,見
懖,見
𦗾,見
闊,溪
蛞,溪
䟯,溪
𤫵,溪
秳,匣
姡,匣
奪,定
𡙜,定
敚,定
痥,定
鮵,定
豁,曉
𧯆,曉
奯,曉
𤃴,曉
眓,曉
斡,影
焥,影
䩊,影
捾,影
𥄗,影
繓,精
攥,精
鏺,滂
𢯸,滂
𨂩,滂
㧊,滂
䣪,滂
𨡩,滂
𣸍,滂
𧘟,滂
𦫔,滂
䍨,滂
𠷑,滂
侻,透
捋,來
𠜖,來
蛶,來
㸹,來
裰,端
跋,並
𧺡,並
𧺺,並
魃,並
𢇷,並
䣮,並
馛,並
炦,並
癹,並
妭,並
犮,並
胈,並
鈸,並
䮂,並
菝,並
𩃶,並
䯋,並
黠,匣
𩪲,匣
䦖,匣
札,莊
㱜,莊
蚻,莊
紮,莊
𩿤,莊
扎,莊
𥎱,並
𤫶,溪
劼,溪
𠛉,溪
㓤,溪
硈,溪
𦸉,溪
䂒,溪
𢼣,溪
猾,匣
䱻,匣
磆,匣
螖,匣
䴳,匣
𧽌,匣
八,幫
𩡩,幫
朳,幫
捌,幫
㺴,幫
䤢,幫
哵,幫
玐,幫
釟,幫
窡,知
𠿡,知
穵,影
嗗,影
豽,娘
貀,娘
𪙻,初
䕓,初
察,初
𣘤,初
𩴳,初
劀,見
𠟽,見
戛,見
扴,見
圿,見
鴶,見
秸,見
鞂,見
忦,見
嘎,見
𠜵,見
𪃈,見
袺,見
㮖,見
軋,影
圠,影
揠,影
嫼,影
䝟,影
䰲,影
窫,影
煞,生
𣻑,生
榝,生
㑻,明
䯦,明
𪒜,明
睰,明
礣,明
傄,曉
䀨,曉
痆,娘
𧞍,娘
𦤙,疑
𦘍,疑
𪗔,滂
𥐙,滂
𨋐,滂
鎋,匣
舝,匣
鶷,匣
𧕱,匣
𤪍,匣
𦵯,匣
縖,匣
𩝛,匣
𥰶,匣
𠢆,匣
𢮟,匣
𪆰,影
䦪,影
𡇼,影
劜,影
聐,疑
𩮝,疑
𡿖,疑
刹,初
䓭,初
𥴭,溪
瞎,曉
𩮂,曉
㔠,曉
刮,見
𤁪,匣
𦧠,匣
敌,匣
䫄,徹
𤁫,徹
刷,生
䎳,疑
䚴,疑
㔍,初
𥗥,明
帓,明
帕,明
𤬷,娘
袦,娘
㭭,幫
𪈟,見
𨰉,崇
耫,崇
㳐,崇
哳,知
𢧖,知
𧶇,知
𩭿,日
屑,心
揳,心
𨇨,心
榍,心
糏,心
偰,心
㴽,心
𦵱,心
𦞚,心
㨝,心
㗫,清
𪙇,清
竊,清
沏,清
䟙,清
結,見
潔,見
䥛,見
桔,見
𣚃,見
𧾯,見
魝,見
𧍩,見
節,精
𢎛,精
癤,精
楶,精
㸅,精
𡴺,精
𩯰,精
䲙,精
幯,精
𠬨,精
𧞩,精
血,曉
𥅧,曉
䆷,曉
䆝,曉
䦑,曉
泬,曉
瞲,曉
䛎,曉
䒸,曉
闋,溪
缺,溪
𨴒,溪
玦,見
䀗,見
譎,見
訣,見
𧤾,見
觼,見
鐍,見
𦯊,見
芵,見
赽,見
鴂,見
鈌,見
𣬎,見
㭈,見
趹,見
憰,見
𧝃,見
䏐,見
穴,匣
䋉,匣
䆕,影
妜,影
𥈾,影
䆢,影
昳,定
胅,定
垤,定
耋,定
迭,定
跌,定
絰,定
嵽,定
𨳺,定
瓞,定
戜,定
苵,定
镻,定
𢲼,定
恎,定
詄,定
𪀒,定
𠽧,定
𡼄,定
𥑇,定
趃,定
㦅,定
鐵,透
僣,透
餮,透
飻,透
蛈,透
𢶋,透
纈,匣
頁,匣
襭,匣
𥊯,匣
𧀺,匣
𪕯,匣
翓,匣
奊,匣
籺,匣
𨵪,匣
𥢹,匣
覈,匣
涅,泥
捏,泥
𦵐,泥
𡍤,泥
圼,泥
篞,泥
𥔄,泥
𤶚,泥
㖏,泥
𦛠,泥
菍,泥
𢧵,從
岊,從
蠞,從
䕙,從
𩟦,從
齧,疑
嵲,疑
槷,疑
臬,疑
臲,疑
隉,疑
𡶫,疑
闑,疑
蔑,明
懱,明
𧂝,明
蠛,明
篾,明
幭,明
鱴,明
𥾝,明
衊,明
䩏,明
𤊾,明
𪇴,明
𥣫,明
鴓,明
𥸴,明
𥌨,明
㢼,幫
𩋇,幫
𡘴,幫
䌘,幫
䘷,幫
㔡,幫
噎,影
䊦,影
蠮,影
𤝱,影
挈,溪
㼤,溪
蛪,溪
𡘐,曉
䩤,曉
褉,曉
䙽,曉
撆,滂
𢠳,滂
瞥,滂
嫳,滂
鐅,滂
暼,滂
蹩,並
𩓝,並
䏟,並
蛂,並
𢛎,並
襒,並
𥉺,端
𨴗,端
𡇓,端
𥸸,來
𥃎,來
薛,心
紲,心
緤,心
褻,心
辥,心
禼,心
𥝁,心
媟,心
齛,心
𣽒,心
𣊓,心
絬,心
疶,心
迾,來
蛚,來
烈,來
冽,來
裂,來
茢,來
颲,來
鴷,來
㤠,來
挒,來
𩢾,來
𡊻,來
姴,來
哲,知
悊,知
喆,知
嚞,知
蜇,知
傑,群
桀,群
榤,群
嵥,群
滐,群
櫭,群
杰,群
搩,群
熱,日
晣,章
浙,章
𩍕,章
䏳,章
䀿,章
蛥,船
孼,疑
糱,疑
𤅊,疑
蠥,疑
㜸,疑
𡴎,疑
滅,明
搣,明
朅,溪
藒,溪
𡐤,溪
鼈,幫
虌,幫
𡐞,幫
䳤,幫
絕,從
㔢,精
𨼎,精
雪,心
䨮,心
𤿫,徹
悅,以
閱,以
𧀲,以
蒛,溪
爇,日
焫,日
㨎,日
拙,章
梲,章
䫎,章
䪼,章
𨢬,章
䖦,章
歠,昌
惙,知
䟾,知
𩋁,知
叕,知
𧖀,知
劣,來
𢚃,來
埒,來
䟹,來
鋝,來
浖,來
哷,來
𦓤,來
𡷘,並
轍,澄
澈,澄
㯙,澄
䇷,幫
𧧸,幫
莂,幫
㕞,生
𠴪,生
孑,見
𨥂,見
設,書
蔎,書
呐,娘
𩖶,曉
𣧡,曉
烕,曉
𦐋,曉
吷,曉
𧣸,見
䞵,見
𥕹,清
蠽,精
𧓷,精
𪇲,精
尐,精
𣧖,精
𠯙,精
𠵭,影
屮,徹
䒆,徹
焎,曉
㿱,邪
𧋍,邪
𨵊,崇
藥,以
躍,以
礿,以
禴,以
蘥,以
鑰,以
𩱲,以
瀹,以
𤅢,以
𤄶,以
龠,以
䋤,以
𠩃,以
籥,以
𢅹,以
𥌺,以
𧕋,以
纅,以
鸙,以
𤒀,以
䟑,以
㿑,以
𨷲,以
䠯,以
𨈋,以
䖃,以
略,來
䌎,來
擽,來
㗉,來
䂮,來
𧎾,來
䀩,來
䛚,來
腳,見
脚,見
屩,見
灼,章
斫,章
彴,章
酌,章
焯,章
謶,章
𥯩,章
犳,章
𧘑,章
禚,章
爍,書
鑠,書
獡,書
䁻,書
弱,日
鄀,日
箬,日
蒻,日
楉,日
䐞,日
叒,日
𨀝,日
綽,昌
繛,昌
婥,昌
却,溪
𤷽,溪
虐,疑
瘧,疑
仢,常
㲋,徹
𤟭,徹
辵,徹
削,心
爵,精
𩰥,精
雀,精
㩱,精
嚼,從
鵲,清
趞,清
碏,清
皵,清
䇎,清
䱜,清
噱,群
臄,群
䐘,群
嬳,影
𡤬,影
臒,影
䂄,曉
矆,曉
籰,云
𧤽,云
𧅚,云
𥸘,云
䢲,云
玃,見
钁,見
攫,見
矍,見
𪈴,見
𨏹,見
𥖛,知
櫡,知
鐯,知
𣃈,知
擆,知
𢖦,溪
䣤,群
逽,娘
𨵫,娘
蹃,娘
𩅿,滂
謔,曉
鐸,定
剫,定
𢜬,定
踱,定
凙,定
𧩧,定
𩍜,定
䐾,定
㤞,定
喥,定
仛,定
𨍏,定
莫,明
幕,明
鄚,明
鏌,明
漠,明
瘼,明
寞,明
瞙,明
嗼,明
塻,明
𣩎,明
𢊗,明
𡈗,明
𠢓,明
落,來
絡,來
烙,來
洛,來
珞,來
酪,來
𩂣,來
笿,來
硌,來
駱,來
𤽼,來
𩊚,來
㓢,來
鮥,來
雒,來
𣛗,來
𧭥,來
躒,來
𣧳,來
𤽥,來
𪇱,來
𨏒,來
託,透
袥,透
橐,透
魠,透
籜,透
𣔳,透
𣟄,透
𨂫,透
蘀,透
𦚈,透
侂,透
飥,透
沰,透
糳,精
㘀,精
逪,清
剒,清
莡,清
各,見
閣,見
格,見
胳,見
恪,溪
㤩,溪
愙,溪
咢,疑
愕,疑
鄂,疑
諤,疑
𠟎,疑
𧊜,疑
𧍞,疑
遌,疑
萼,疑
鍔,疑
𡅡,疑
崿,疑
鶚,疑
鰐,疑
噩,疑
㗁,疑
齶,疑
顎,疑
𡾙,疑
鑩,疑
偔,疑
堮,疑
𡓐,疑
㮙,疑
湂,疑
𩔈,滂
奤,滂
䨰,滂
粕,滂
膊,滂
𦢸,滂
䪙,滂
胉,滂
蒪,滂
𦿍,滂
𦥭,滂
𦐦,滂
𢙣,影
堊,影
蝁,影
泊,並
亳,並
箔,並
薄,並
礴,並
𩍿,並
踄,並
𩽛,並
䭦,並
壑,曉
㕡,曉
矐,曉
𢱢,心
𩌈,心
𦵫,心
㮦,心
涸,匣
鶴,匣
貈,匣
狢,匣
𠗂,匣
佫,匣
䅂,匣
昨,從
酢,從
莋,從
怍,從
𣫞,從
筰,從
㸲,從
䎰,從
𦁎,從
𢂃,從
鈼,從
砟,從
博,幫
髆,幫
鎛,幫
㗘,幫
𪙍,幫
簙,幫
䗚,幫
猼,幫
䍸,幫
䶈,幫
餺,幫
䙏,幫
諾,泥
霍,曉
霩,曉
䁨,曉
藿,曉
攉,曉
瀖,曉
劐,曉
癨,曉
郭,見
𩫏,見
𨟍,見
崞,見
椁,見
槨,見
𦘅,見
雘,影
蠖,影
𩟓,影
鸌,影
穫,匣
鑊,匣
㦜,匣
𤐰,匣
䨥,匣
𤻙,匣
𢋒,匣
廓,溪
鞹,溪
𠠎,溪
籗,溪
瓁,疑
硦,來
陌,明
帞,明
袹,明
𡠜,明
㱳,明
貘,明
蛨,明
貊,明
佰,明
驀,明
㹮,明
𩢷,明
𢫦,明
銆,明
磔,知
虴,知
𤜤,知
𪐏,知
𥧮,知
杔,知
白,並
帛,並
舶,並
鮊,並
𦰬,並
伯,幫
迫,幫
百,幫
柏,幫
湐,幫
𦯉,幫
㼟,幫
劇,群
屐,群
𨍺,群
㘌,群
戟,見
撠,見
𦺩,見
𤜾,見
谻,見
丮,見
𩯋,見
𡩡,生
䞽,生
𥻨,生
䜺,初
嚄,匣
𡄴,匣
窄,莊
蚱,莊
齚,崇
泎,崇
隙,溪
郤,溪
綌,溪
𧯈,溪
𡭴,溪
額,疑
頟,疑
䱮,疑
峉,疑
詻,疑
䩹,疑
逆,疑
屰,疑
縌,疑
㘙,疑
𥿬,疑
𠱘,疑
客,溪
喀,溪
揢,溪
𩚬,影
𡍩,徹
𧼳,徹
㿭,徹
𤖴,徹
𩎚,徹
䪝,影
拍,滂
珀,滂
𤖼,滂
赫,曉
爀,曉
𢅰,曉
𥋿,曉
垎,匣
䞦,匣
楁,匣
𨍇,匣
𢓜,見
茖,見
骼,見
觡,見
𩹺,見
㦴,見
蛒,見
𪌣,見
𢼛,見
𩹿,見
謋,曉
諕,曉
砉,曉
𦒧,曉
湱,曉
硅,曉
𢝇,曉
宅,澄
㡯,澄
擇,澄
澤,澄
𪀥,澄
䕪,澄
鸅,澄
𩏪,澄
蠌,澄
𤂥,澄
虢,見
㶁,見
𧭣,見
㠛,影
𣝍,並
麥,明
𧖴,明
脈,明
脉,明
衇,明
霢,明
眽,明
覛,明
𧡒,明
獲,匣
嫿,匣
㗲,匣
咟,匣
蟈,見
馘,見
聝,見
膕,見
𩪐,見
摑,見
漍,見
𢹖,見
䂸,見
嘓,見
䬎,見
𧖻,見
檗,幫
擘,幫
𤖟,幫
䌟,並
𦌠,並
賾,崇
㣱,崇
責,莊
𩔳,莊
簀,莊
幘,莊
謮,莊
𦟜,莊
䞰,崇
策,初
冊,初
笧,初
䶦,初
𣆩,初
憡,初
皟,初
㥽,初
𧶷,初
𩱝,溪
䙐,溪
緙,溪
剨,曉
𦑌,曉
㦎,曉
捇,曉
掝,曉
㖪,曉
䐸,曉
焃,曉
𢄶,曉
𨐶,曉
𥊮,曉
𤷇,曉
䦝,曉
𤁹,曉
䬉,曉
𠜻,曉
䃒,匣
翮,匣
㮝,匣
核,匣
𤈧,匣
滆,匣
隔,見
膈,見
搹,見
槅,見
革,見
𥴩,見
𢡍,見
𧈑,見
䨣,見
𥉅,見
𦑜,見
嗝,見
謫,知
讁,知
𤟍,知
𡇠,知
䊞,知
厇,知
戹,影
厄,影
搤,影
㧖,影
軶,影
豟,影
呝,影
𪕶,影
貖,影
蚅,影
𧠞,影
栜,生
𣽤,生
㾊,生
䨛,生
擌,生
𢶉,滂
虉,疑
㣂,疑
𥖪,來
𢷾,生
𧾛,群
䭆,娘
昔,心
𦠡,心
腊,心
惜,心
潟,心
磶,心
𩍆,心
蕮,心
鬄,心
𩾼,心
焟,心
棤,心
脊,精
蹐,精
迹,精
跡,精
𪃹,精
𩺀,精
鯽,精
蹟,精
襀,精
益,影
嗌,影
𨜶,影
膉,影
𦶩,影
繹,以
亦,以
弈,以
奕,以
帟,以
譯,以
懌,以
驛,以
嶧,以
醳,以
腋,以
掖,以
液,以
痬,以
蜴,以
埸,以
圛,以
墿,以
焲,以
𥜃,以
㴒,以
燡,以
𡱿,以
㘁,以
𤑹,以
𠓋,以
釋,書
𥼶,書
奭,書
睗,書
晹,書
𡣪,書
螫,書
冟,書
䁺,書
襫,書
尺,昌
赤,昌
烾,昌
蚇,昌
㡿,昌
𠧚,昌
𠧵,昌
石,常
碩,常
祏,常
鉐,常
䄷,常
鼫,常
䲽,常
隻,章
墌,章
摭,章
蹠,章
跖,章
𩀝,章
䞠,章
𠪮,章
擲,澄
擿,澄
躑,澄
𧓸,澄
磧,清
𧻕,清
洓,清
𧙞,清
席,邪
夕,邪
穸,邪
汐,邪
𨛳,邪
蓆,邪
籍,從
𨆮,從
耤,從
塉,從
瘠,從
猎,從
膌,從
䣢,從
擗,並
躃,並
闢,並
㱸,並
𩪧,並
𣮐,並
役,以
疫,以
𩷍,以
垼,以
炈,以
𪁛,以
鈠,以
𩂹,以
豛,以
𧈻,以
瞁,曉
𥆛,曉
璧,幫
鐴,幫
躄,幫
𣦢,幫
襞,幫
𨐨,幫
僻,滂
癖,滂
碧,幫
彳,徹
𦳮,章
𢔠,清
錫,心
析,心
㭊,心
裼,心
皙,心
緆,心
𪎥,心
蜥,心
淅,心
惁,心
𧋐,心
㱤,心
擊,見
墼,見
𦼷,見
𡫀,見
霹,滂
劈,滂
澼,滂
憵,滂
䤨,滂
靂,來
䟐,來
癧,來
鎘,來
䥶,來
礫,來
瓅,來
秝,來
櫪,來
䍽,來
𩽏,來
歷,來
曆,來
藶,來
瀝,來
磿,來
㽁,來
皪,來
𥌮,來
䍥,來
𪙽,來
𤪢,來
厤,來
攊,來
䮥,來
𧙉,來
䤙,來
𡳸,來
𦠓,來
𨢌,來
㔏,來
𪅼,來
𥽗,來
蝷,來
的,端
甋,端
靮,端
鏑,端
馰,端
滴,端
玓,端
𦉹,端
𥕐,端
𥐝,端
𣂉,端
啇,端
魡,端
檄,匣
覡,匣
薂,匣
椺,匣
鷁,疑
鶂,疑
艗,疑
𠩫,疑
荻,定
狄,定
敵,定
迪,定
覿,定
𧠫,定
笛,定
糴,定
籴,定
滌,定
蔋,定
𩷎,定
梑,定
䊮,定
䢮,定
㹍,定
㣙,定
逖,透
逷,透
倜,透
趯,透
䢰,透
剔,透
𠜓,透
惕,透
踢,透
𤈥,透
蓨,透
悐,透
𥊕,透
績,精
勣,精
樍,精
𪄸,精
𢶡,溪
𣪠,溪
喫,溪
𠿊,溪
𥍰,溪
惄,泥
𧗂,泥
愵,泥
寂,從
𡧘,從
𡧯,從
覓,明
幎,明
幦,明
𧜀,明
䮭,明
糸,明
鼏,明
羃,明
漞,明
冂,明
䖑,明
𧱻,明
䌐,明
𪒄,明
䈿,明
濗,明
𧐎,明
塓,明
甓,並
鷿,並
壁,幫
鼊,幫
𧲜,幫
闃,溪
䠐,溪
郹,見
鶪,見
湨,見
鼳,見
犑,見
𠋬,見
戚,清
慼,清
𧒕,清
鼜,清
鏚,清
𪒑,清
𧠪,清
慽,清
𧐶,清
𦸗,清
磩,清
赥,曉
䦧,曉
𥍠,曉
𤄎,曉
𧨃,曉
䈪,曉
㤸,曉
𣣉,曉
㦦,曉
𥍟,曉
殈,曉
𣤩,徹
𥛚,徹
職,章
軄,章
戠,章
𥋏,章
蟙,章
𧄕,章
直,澄
犆,澄
𡸜,澄
力,來
朸,來
屴,來
仂,來
鳨,來
𠢠,來
𣲒,來
𡯄,來
𧲡,來
敕,徹
勅,徹
飭,徹
淔,徹
趩,徹
栻,徹
侙,徹
𪀦,徹
鷘,徹
恜,徹
慗,徹
遫,徹
㽚,徹
陟,知
稙,知
蝕,船
息,心
㮩,心
鄎,心
瘜,心
蒠,心
熄,心
𦞜,心
䭒,心
㴧,心
𥰝,心
𪄛,心
寔,常
湜,常
殖,常
𢨀,常
遈,常
式,書
拭,書
𢂑,書
軾,書
飾,書
𥿮,書
鉽,書
烒,書
𧄹,書
赩,曉
䀌,曉
䵱,曉
𥈜,曉
𢤋,曉
崱,崇
𡸦,崇
溭,崇
極,群
匿,娘
𧈟,娘
𧏾,娘
𩺱,娘
測,初
惻,初
𦔎,初
𡍫,初
䔴,初
憶,影
億,影
臆,影
肊,影
𠶷,影
澺,影
薏,影
𦺳,影
䗷,影
𩍖,影
檍,影
𣚍,影
抑,影
𡊁,影
癔,影
色,生
㱇,生
嗇,生
𩍙,生
穡,生
轖,生
繬,生
濇,生
䉢,生
𧒗,生
懎,生
𩕡,生
𠢳,生
䩯,溪
殛,見
㥛,見
襋,見
棘,見
㻷,見
蕀,見
𧩦,見
弋,以
翊,以
翌,以
黓,以
翼,以
𩙺,以
𦏵,以
䴬,以
隿,以
𧃟,以
㚤,以
杙,以
芅,以
㔴,以
𧾰,以
𨙒,以
𥡪,以
蛡,以
𢦭,以
𢖺,以
𢎀,以
𠥦,以
熼,以
釴,以
𤼌,以
𧑌,以
𦔜,以
䄩,以
𢓀,以
䘝,以
䣧,以
即,精
卽,精
稷,精
㮨,精
㹄,精
𨂢,精
𤠎,精
䐚,精
逼,幫
皕,幫
䮠,幫
湢,幫
㘠,幫
域,云
罭,云
棫,云
㚜,云
𪂉,云
𦈸,云
琙,云
䮙,云
魊,云
𦱂,云
洫,曉
䦗,曉
閾,曉
𨵨,曉
𦑍,曉
𠷾,曉
𧹭,曉
堛,滂
愊,滂
𩜰,滂
揊,滂
稫,滂
䦼,滂
𢾇,滂
㽬,滂
疈,滂
稄,莊
𥟔,莊
𣅔,莊
仄,莊
𣅦,莊
㳁,莊
側,莊
𠨮,莊
愎,並
腷,並
𤐧,並
𥻅,並
𡮞,知
𣮊,知
𢕚,知
䁇,明
𦔫,昌
德,端
惪,端
㥁,端
得,端
淂,端
𨁽,端
𣌏,端
𠮊,端
則,精
𠟻,精
𠟭,精
勒,來
肋,來
扐,來
艻,來
𤨕,來
玏,來
泐,來
㔹,來
阞,來
竻,來
忒,透
㧹,透
慝,透
𥊸,透
㥂,透
刻,溪
克,溪
剋,溪
勀,溪
𡞢,溪
特,定
𧈩,定
𧎢,定
𤙰,定
鴏,定
黑,曉
潶,曉
㱄,曉
墨,明
默,明
䘃,明
纆,明
𢄏,明
𡣫,明
䁿,明
𤲰,明
賊,從
𧵪,從
鱡,從
鰂,從
蠈,從
𦽒,從
𡫼,心
㥶,心
𢥛,心
北,幫
𧉥,幫
蔔,並
僰,並
𠣵,並
垘,並
䵗,並
𧟱,並
𢫯,並
或,匣
惑,匣
䰥,匣
𡿿,匣
國,見
餩,影
䘅,泥
䎪,泥
裓,見
𢧧,見
墄,清
𧕡,滂
𠣾,滂
𢃤,曉
𥇙,曉
緝,清
諿,清
𪔪,清
十,常
什,常
拾,常
執,章
汁,章
瓡,章
習,邪
襲,邪
隰,邪
鰼,邪
飁,邪
槢,邪
𪄶,邪
𦸚,邪
䒁,邪
集,從
輯,從
亼,從
𠦫,從
𦺴,從
箿,從
入,日
廿,日
揖,影
挹,影
溼,書
䏉,書
㗱,精
潗,精
湒,精
蓻,精
䁒,精
𥠋,精
㠍,精
及,群
𨕤,群
𦶍,群
䲯,群
㧀,群
蟄,澄
䐲,澄
俋,澄
㙷,澄
㞏,澄
縶,知
𩢏,知
𡂣,知
立,來
䶘,來
粒,來
笠,來
鴗,來
岦,來
砬,來
急,見
汲,見
給,見
伋,見
級,見
芨,見
𦳌,見
彶,見
岌,疑
㱞,疑
泣,溪
㬤,溪
湆,溪
𩎕,心
卌,心
𧿅,心
㗩,心
歰,生
澀,生
澁,生
雭,生
㒊,生
翜,生
吸,曉
噏,曉
翕,曉
𧬈,曉
潝,曉
熻,曉
嬆,曉
翖,曉
𨝫,曉
闟,曉
𪅲,曉
戢,莊
𥊬,莊
𧤏,莊
𧥄,莊
㗊,莊
蕺,莊
濈,莊
𠿠,莊
邑,影
悒,影
唈,影
裛,影
浥,影
䓃,影
䭂,影
𦶂,影
湁,徹
雴,徹
漐,徹
曄,云
㵫,娘
𣲷,娘
㘝,娘
𦮾,娘
𡍪,初
榙,匣
䢔,匣
詥,匣
耠,匣
𡇶,匣
𦳬,匣
盒,匣
閤,見
鴿,見
㪉,見
鉿,見
鮯,見
蛤,見
𣭝,見
㠷,見
鞈,見
韐,見
𢂷,見
答,端
畣,端
𨅞,端
撘,端
荅,端
褡,端
㜓,端
𤝰,端
㿯,端
㯚,端
趿,心
颯,心
靸,心
馺,心
𠦄,心
㚫,心
𣬬,心
沓,定
誻,定
遝,定
㧺,定
涾,定
𩣯,定
龖,定
𠉤,定
𣝋,定
蹹,定
䂿,定
䜚,定
𦂀,定
𦾽,定
𧌏,定
眔,定
錔,透
嚃,透
㛥,透
踏,透
𢃕,透
鞜,透
𦑇,透
漯,透
㹺,透
𦧟,透
䵬,透
𨌭,透
䍝,透
濌,透
𪂌,透
䈋,透
雜,從
韴,從
磼,從
雥,從
䕹,從
帀,精
迊,精
𠯗,精
魳,精
嘁,精
沞,精
䞙,精
拉,來
搚,來
𦒆,來
磖,來
𪇹,來
菈,來
𣤊,來
㕇,來
𤛊,來
納,泥
䪏,泥
蒳,泥
軜,泥
衲,泥
魶,泥
㨥,泥
𣩄,溪
𠩧,溪
䆟,溪
姶,影
𤸱,影
㔩,影
𨂁,影
𩋊,影
𩇠,影
搕,影
鞥,影
欱,曉
𣣹,曉
㬎,疑
礏,疑
哈,疑
𡀾,疑
砐,疑
礘,疑
䑥,疑
遪,常
盍,匣
闔,匣
𨶩,匣
篕,匣
熆,匣
臘,來
臈,來
𪙷,來
鑞,來
蠟,來
䗶,來
擸,來
𥀰,來
𦒦,來
𦅶,來
邋,來
㿴,端
耷,端
𢴄,端
𠞈,端
𩝣,端
䪚,端
榻,透
㯓,透
𦪙,透
毾,透
鰈,透
鰨,透
𦶑,透
狧,透
𦧭,透
𧪦,透
𦐇,透
鞳,透
塔,透
搭,透
遢,透
𩥑,透
𩵢,曉
笝,泥
𩚛,泥
蹋,定
躢,定
闒,定
𤒻,定
𧮑,定
䍇,定
䳴,定
䈳,定
𦑲,定
𠎷,心
𠿓,心
𠦃,心
𨆂,心
㪪,心
𥋙,疑
䪞,從
䫦,見
鉀,見
䗘,見
榼,溪
𧛾,溪
㕎,溪
𨍰,溪
鰪,影
廅,影
囃,清
𥗭,清
䵽,清
砝,見
𪁍,見
楪,以
鍱,以
枼,以
接,精
椄,精
睫,精
䀹,精
楫,精
婕,精
菨,精
𣶏,精
灄,書
𥍉,書
𣻣,常
䤮,常
獵,來
鬣,來
㲱,來
躐,來
䁽,來
𣋲,來
儠,來
犣,來
䪉,來
㼲,來
䉭,來
鱲,來
𡂏,來
𥪂,來
𠠗,來
䜲,來
䃳,來
巤,來
捷,從
疌,從
倢,從
崨,從
踕,從
誱,從
䐑,澄
𢽱,影
聶,娘
躡,娘
鑷,娘
㚔,娘
帇,娘
𩣘,娘
䌜,娘
𣌍,娘
㸎,娘
踂,娘
𥬬,娘
䳖,娘
𣀳,娘
謵,昌
䧪,昌
㳧,昌
𦛖,昌
讘,日
顳,日
喦,日
𦣀,日
讋,章
懾,章
䜆,章
謺,章
䝕,章
妾,清
緁,清
䌌,清
淁,清
𣠺,清
穕,清
踥,清
锸,徹
𩂻,徹
𥯥,徹
极,群
輒,知
𦯍,知
鮿,知
㭯,知
曅,云
饁,云
燁,云
爗,云
皣,云
瞱,云
𤷾,溪
萐,生
箑,生
歃,生
霎,生
㰼,生
靨,影
𣚕,影
怗,透
帖,透
𪔧,透
貼,透
䑜,透
呫,透
協,匣
叶,匣
勰,匣
綊,匣
挾,匣
俠,匣
劦,匣
𤙒,匣
𢂐,匣
頰,見
𩠣,見
鋏,見
梜,見
莢,見
蛺,見
唊,見
𥞵,見
愜,溪
㥦,溪
悏,溪
㾜,溪
匧,溪
篋,溪
㤲,溪
牒,定
蹀,定
諜,定
堞,定
𨈈,定
㲲,定
𣯉,定
褺,定
曡,定
疊,定
䥡,定
䠟,定
㥈,定
𥷕,定
牃,定
褋,定
惵,定
𨐁,定
䴑,定
㩹,定
𤗨,定
暬,泥
𩐭,泥
捻,泥
錜,泥
敜,泥
㘨,泥
𩋏,泥
燮,心
屧,心
屟,心
躞,心
𤫉,心
𤏻,心
徢,心
𦔼,心
𤗈,心
蜨,心
𧕊,心
䕈,心
𡞘,心
𦩌,心
𡂩,來
𦖩,來
聑,端
𠲷,端
笘,端
㑙,端
𨓊,端
浹,精
㼪,精
䢡,心
洽,匣
䨐,匣
狹,匣
陜,匣
陿,匣
祫,匣
峽,匣
硤,匣
𢈙,匣
𪘘,匣
𤲍,匣
烚,匣
珨,匣
䞩,匣
恰,溪
掐,溪
䁍,溪
㓣,溪
帢,溪
𠕣,溪
𢂿,溪
㡊,溪
𣁴,溪
𥯦,崇
䮢,崇
牐,崇
𧼰,崇
夾,見
郟,見
袷,見
裌,見
䀫,見
餄,見
㿓,見
鵊,見
䩡,見
眨,莊
偛,莊
𥀈,莊
䛽,莊
插,初
臿,初
疀,初
鍤,初
扱,初
㛼,初
㷅,初
𤜯,初
𡤙,娘
㗙,娘
䶎,曉
㰰,曉
敮,曉
𧳛,生
劄,知
𠍹,知
𧉫,知
凹,影
圔,影
𥃐,徹
狎,匣
翈,匣
柙,匣
匣,匣
𧆥,匣
𦾏,匣
𢘉,匣
炠,匣
𤁳,澄
鴨,影
壓,影
庘,影
䆘,影
甲,見
胛,見
𥑐,見
玾,見
𨒇,見
𠩘,見
𩌍,見
翣,生
𧲌,生
帹,生
䬊,生
𧻵,生
呷,曉
䛅,曉
𣢗,曉
業,疑
㸣,疑
鄴,疑
驜,疑
嶪,疑
䧨,疑
㗼,疑
𠄅,疑
𩑃,疑
䲜,疑
𢢜,疑
𩼋,疑
鸈,疑
澲,疑
𣣲,曉
𣢩,曉
愶,曉
㢵,曉
嗋,曉
熁,曉
𣹩,曉
拹,曉
怯,溪
㹤,溪
𠩂,溪
㾀,溪
𤴼,溪
劫,見
蜐,見
鉣,見
䀷,見
䱒,影
䎨,影
殗,影
㡋,影
㪑,影
䤶,影
鄓,影
餣,影
䁆,影
𩐱,以
昅,群
乏,並
法,幫
灋,幫
𥎰,滂
䎎,娘
𣹵,娘
𡷝,娘
𦑣,徹
