東,平
菄,平
鶇,平
𠍀,平
倲,平
𩜍,平
𢘐,平
鯟,平
𢔅,平
崠,平
埬,平
𧓕,平
䰤,平
同,平
仝,平
童,平
僮,平
銅,平
桐,平
𦨴,平
𧱁,平
瞳,平
㼧,平
𤭁,平
罿,平
犝,平
筩,平
潼,平
橦,平
烔,平
䴀,平
𦏆,平
𦍻,平
穜,平
𩍅,平
𢈉,平
䆚,平
哃,平
𢏕,平
𨚯,平
𨝯,平
𪔝,平
𩦶,平
𪒿,平
忠,平
𦬕,平
沖,平
种,平
盅,平
爞,平
翀,平
終,平
潨,平
𣧩,平
螽,平
𧑄,平
鼨,平
蔠,平
柊,平
𩅧,平
䶱,平
鴤,平
䈺,平
泈,平
䝦,平
忡,平
浺,平
崇,平
崈,平
𩞉,平
嵩,平
崧,平
𪀚,平
娀,平
菘,平
硹,平
㣝,平
𧊕,平
𨱿,平
戎,平
𢦦,平
茙,平
㭜,平
駥,平
𥬪,平
𠈋,平
狨,平
絨,平
弓,平
躳,平
躬,平
㴦,平
宮,平
匑,平
融,平
肜,平
瀜,平
雄,平
熊,平
𨞯,平
𦫰,平
𧲎,平
穹,平
𢞏,平
芎,平
𦵡,平
𥳎,平
窮,平
藭,平
𥨪,平
馮,平
堸,平
芃,平
𨝭,平
渢,平
飌,平
楓,平
猦,平
偑,平
檒,平
𧆉,平
豐,平
酆,平
蘴,平
灃,平
寷,平
㒥,平
㠦,平
充,平
珫,平
茺,平
㤝,平
䘪,平
㳘,平
隆,平
癃,平
𪔳,平
窿,平
霳,平
㚅,平
箜,平
崆,平
椌,平
硿,平
䅝,平
埪,平
涳,平
鵼,平
𦱇,平
𢃐,平
𧌆,平
公,平
功,平
工,平
疘,平
蚣,平
玒,平
釭,平
魟,平
攻,平
㓚,平
愩,平
碽,平
篢,平
蒙,平
冡,平
𩦺,平
䑃,平
矇,平
饛,平
䰒,平
檬,平
𨢊,平
䴿,平
𨣘,平
幪,平
罞,平
髳,平
𦿏,平
䀄,平
霥,平
豅,平
㰍,平
朧,平
𡃡,平
䪊,平
瀧,平
聾,平
𨏠,平
䆍,平
𪚗,平
嚨,平
蘢,平
櫳,平
𤮨,平
𧙥,平
瓏,平
鸗,平
𩟭,平
蠪,平
㟅,平
屸,平
洪,平
鉷,平
訌,平
紅,平
仜,平
葒,平
葓,平
谼,平
䉺,平
渱,平
䧆,平
䪦,平
𦏺,平
䫹,平
𨾊,平
叢,平
藂,平
䕺,平
𥵫,平
翁,平
螉,平
䱵,平
䩺,平
㮬,平
𩔚,平
怱,平
忩,平
葱,平
楤,平
𨍉,平
聦,平
繱,平
𤧚,平
騘,平
䗓,平
囪,平
𨣭,平
鍯,平
通,平
蓪,平
痌,平
𧳆,平
𨀜,平
葼,平
鬷,平
嵕,平
豵,平
椶,平
騣,平
䗥,平
蝬,平
堫,平
𥓻,平
㣭,平
稯,平
鬉,平
蓬,平
𥭗,平
篷,平
髼,平
蜂,平
𧚋,平
韸,平
䮾,平
𩖛,平
叿,平
谾,平
𩐠,平
𩗄,平
憽,平
㬝,平
冬,平
𠔙,平
苳,平
䳉,平
笗,平
𩂓,平
𧲴,平
彤,平
疼,平
佟,平
炵,平
䳋,平
鼕,平
𢥞,平
𢾮,平
㤏,平
痋,平
䂈,平
鉵,平
𧹝,平
浵,平
𠩁,平
鉖,平
𨜳,平
㠽,平
赨,平
賨,平
琮,平
悰,平
慒,平
鬃,平
㼻,平
孮,平
誴,平
𢃏,平
農,平
䢉,平
辳,平
𨑋,平
𩟊,平
噥,平
𩅽,平
憹,平
㺜,平
儂,平
𧗕,平
膿,平
𩘎,平
䃧,平
䥢,平
𣫣,平
宗,平
倧,平
䯳,平
鍾,平
鐘,平
忪,平
䇗,平
彸,平
衳,平
伀,平
籦,平
妐,平
㕬,平
𧢸,平
炂,平
𦬘,平
𨳗,平
鈆,平
龍,平
𪚝,平
𪚠,平
𦪽,平
舂,平
𧐍,平
摏,平
蹖,平
𪄻,平
松,平
㮤,平
淞,平
𧘂,平
衝,平
褈,平
𠟍,平
𠝤,平
䂌,平
容,平
滽,平
庸,平
𦤘,平
𧴄,平
㺎,平
𤛑,平
墉,平
鎔,平
鏞,平
銿,平
鄘,平
傭,平
𪅟,平
㼸,平
𤮇,平
鱅,平
蓉,平
䗤,平
褣,平
搈,平
瑢,平
䈶,平
嵱,平
㝐,平
䡆,平
㟾,平
𨲟,平
𪃾,平
槦,平
㣑,平
𢧳,平
𡉚,平
犎,平
崶,平
胷,平
凶,平
𣧑,平
銎,平
恟,平
𧧗,平
訩,平
匈,平
顒,平
𩤛,平
鰅,平
喁,平
邕,平
噰,平
嗈,平
澭,平
癰,平
廱,平
饔,平
雝,平
𪄉,平
㻾,平
𧴗,平
醲,平
濃,平
襛,平
穠,平
檂,平
𪒬,平
𨲳,平
䳯,平
蝩,平
从,平
𩀰,平
𦟛,平
𨙦,平
䝑,平
𨤩,平
𪒒,平
逢,平
漨,平
䩼,平
𥎌,平
𥛝,平
峯,平
鋒,平
丰,平
𡴀,平
𢓱,平
妦,平
蠭,平
𧒒,平
桻,平
㷭,平
烽,平
莑,平
仹,平
㸼,平
𣯨,平
蹤,平
䡮,平
樅,平
磫,平
熧,平
𧺣,平
茸,平
䇯,平
𥎂,平
榵,平
蛩,平
邛,平
舼,平
𦨰,平
筇,平
𦭭,平
𠌖,平
𩬰,平
桏,平
𤤶,平
𩢽,平
慵,平
𩌨,平
恭,平
龔,平
䢼,平
𤱨,平
髸,平
䳍,平
蜙,平
倯,平
𢔋,平
鏦,平
暰,平
瑽,平
摐,平
䐫,平
𥡬,平
𨑪,平
江,平
扛,平
杠,平
茳,平
矼,平
豇,平
肛,平
䜫,平
厖,平
駹,平
狵,平
尨,平
浝,平
哤,平
牻,平
娏,平
䵨,平
㟌,平
蛖,平
𥆙,平
痝,平
𦗳,平
𣰊,平
鬞,平
䁸,平
𪆯,平
䆫,平
牎,平
窓,平
𥍷,平
邦,平
𤰫,平
梆,平
垹,平
栙,平
䜶,平
缸,平
缻,平
夅,平
跭,平
胮,平
𤵸,平
𩐨,平
𪔔,平
𪐿,平
雙,平
艭,平
䉶,平
𢥠,平
䝄,平
𨇯,平
龐,平
逄,平
舽,平
啌,平
舡,平
胦,平
腔,平
𤟄,平
羫,平
跫,平
𩩝,平
㾤,平
㼹,平
噇,平
𩪘,平
𥡟,平
䄝,平
𧜧,平
樁,平
𣻛,平
𩞐,平
支,平
𥾣,平
㲍,平
巵,平
梔,平
枝,平
衹,平
㽻,平
衼,平
肢,平
胑,平
𨈛,平
禔,平
疻,平
㩼,平
鳷,平
榰,平
㯄,平
𪂅,平
𧌔,平
眵,平
䡋,平
𩍲,平
移,平
䄬,平
迻,平
𠩗,平
箷,平
𥠥,平
簃,平
䔟,平
熪,平
扅,平
暆,平
𤝻,平
栘,平
歋,平
拸,平
謻,平
𠗺,平
蛇,平
螔,平
𠐀,平
𣣢,平
䬁,平
為,平
潙,平
𩻟,平
嬀,平
𪎮,平
麾,平
噅,平
撝,平
逶,平
㮃,平
覣,平
痿,平
䴧,平
糜,平
縻,平
㸏,平
𪎕,平
䊳,平
𪎭,平
醿,平
隓,平
隳,平
眭,平
觿,平
䜐,平
鑴,平
𡍮,平
垂,平
陲,平
倕,平
𦈼,平
圌,平
篅,平
𥳙,平
𠂹,平
羸,平
炊,平
鈹,平
鮍,平
𤱍,平
耚,平
狓,平
翍,平
𤿎,平
碑,平
羆,平
𥀍,平
𨰟,平
𤜑,平
𨧦,平
𥶓,平
隨,平
𥶻,平
虧,平
闚,平
窺,平
竒,平
琦,平
鵸,平
𢺷,平
㩽,平
祇,平
岐,平
歧,平
𨙸,平
疧,平
忯,平
𢻚,平
軝,平
𩉬,平
芪,平
䲬,平
䉻,平
𦭲,平
𨱜,平
𠁭,平
犧,平
羲,平
焁,平
桸,平
巇,平
𤃪,平
曦,平
𢹍,平
𧕆,平
䚙,平
䖒,平
㺣,平
𣤴,平
𢨛,平
㚀,平
隵,平
崎,平
𦖊,平
𤘌,平
宜,平
宐,平
𠣨,平
㝖,平
儀,平
𥪺,平
䣡,平
䴊,平
涯,平
崖,平
皮,平
疲,平
郫,平
㯅,平
犤,平
提,平
𦑡,平
㖷,平
匙,平
䈕,平
𦳚,平
𣏚,平
兒,平
𠒆,平
唲,平
籬,平
醨,平
罹,平
璃,平
驪,平
𪖂,平
樆,平
鸝,平
鵹,平
𪅆,平
縭,平
褵,平
蘺,平
离,平
䍦,平
㰚,平
䅻,平
孋,平
漓,平
灕,平
𧕯,平
㷰,平
𧕮,平
攡,平
黐,平
穲,平
𢟢,平
𢥗,平
謧,平
疵,平
𣐑,平
飺,平
鴜,平
貲,平
頿,平
𪕊,平
鮆,平
鄑,平
㠿,平
𨚖,平
鈭,平
姕,平
𦺱,平
䖪,平
羈,平
畸,平
羇,平
躸,平
卑,平
鵯,平
裨,平
𩔹,平
痺,平
錍,平
𢃍,平
陴,平
𩫫,平
焷,平
脾,平
䴽,平
埤,平
蜱,平
𧓎,平
𪌈,平
䌳,平
絁,平
葹,平
䙾,平
鉈,平
鸍,平
𪓿,平
𧠜,平
𢻫,平
斯,平
虒,平
榹,平
㴲,平
廝,平
㒋,平
凘,平
磃,平
㾷,平
謕,平
鼶,平
𪆁,平
蟴,平
㽄,平
䫢,平
䔮,平
𥕶,平
蜤,平
燍,平
禠,平
鐁,平
嵯,平
𪙉,平
摛,平
螭,平
魑,平
𡴥,平
彲,平
彌,平
𢏏,平
镾,平
䍘,平
𨤐,平
㣆,平
獼,平
𥸀,平
擟,平
麊,平
冞,平
㜷,平
䥸,平
𥎖,平
雌,平
𦙼,平
𦍧,平
知,平
䵹,平
鼅,平
蜘,平
䣽,平
䝷,平
漪,平
禕,平
欹,平
犄,平
𩕲,平
檹,平
馳,平
趍,平
池,平
篪,平
䶵,平
踟,平
䪧,平
䶔,平
䞾,平
危,平
㕒,平
峗,平
褷,平
籭,平
䪎,平
䬐,平
厜,平
𩓸,平
𩓡,平
槻,平
規,平
鬹,平
𨾚,平
摫,平
𦸺,平
㷷,平
衰,平
夊,平
㩾,平
齜,平
𩁌,平
蠵,平
欈,平
𧲚,平
齹,平
脂,平
祗,平
㴯,平
䓜,平
𥁼,平
姨,平
彞,平
寅,平
夷,平
峓,平
恞,平
眱,平
𣟗,平
珆,平
𡰥,平
痍,平
䧅,平
荑,平
桋,平
蛦,平
胰,平
鮧,平
羨,平
鏔,平
𢓡,平
鴺,平
𡱐,平
跠,平
師,平
鰤,平
蒒,平
篩,平
獅,平
螄,平
𣬈,平
毗,平
琵,平
貔,平
豼,平
膍,平
肶,平
蚍,平
𧖈,平
𨈚,平
魮,平
鈚,平
𦳈,平
𦊁,平
阰,平
𧑜,平
鵧,平
咨,平
資,平
粢,平
𪗉,平
𪗋,平
𧞓,平
諮,平
姿,平
齍,平
澬,平
𣳩,平
齎,平
蒫,平
𩆂,平
𩄚,平
飢,平
肌,平
虮,平
鴟,平
𨾦,平
鵄,平
胵,平
𩶅,平
𧪡,平
𨒬,平
絺,平
郗,平
𥭘,平
瓻,平
郪,平
趑,平
𨌅,平
趀,平
𧾒,平
𧠵,平
𡰾,平
𡳠,平
蠀,平
茨,平
薋,平
餈,平
𩜴,平
䆅,平
𧓉,平
瓷,平
𥿆,平
尼,平
怩,平
蚭,平
跜,平
呢,平
𩚯,平
䝚,平
墀,平
𡎰,平
泜,平
遲,平
蚳,平
岻,平
彽,平
阺,平
菭,平
莉,平
貾,平
私,平
鋖,平
厶,平
𦮺,平
㺨,平
尸,平
鳲,平
蓍,平
鬐,平
𦓀,平
耆,平
愭,平
𧡺,平
𥉙,平
䅲,平
𨪌,平
鰭,平
鮨,平
伊,平
咿,平
𧉅,平
黟,平
棃,平
梨,平
𠠍,平
秜,平
蜊,平
蔾,平
犂,平
刕,平
𢤂,平
鯬,平
鑗,平
䴻,平
蟍,平
葵,平
鄈,平
𩹍,平
𦝢,平
䳫,平
𧍜,平
追,平
䨨,平
龜,平
𪚦,平
𤕣,平
䟸,平
蕤,平
緌,平
桵,平
䅑,平
捼,平
榱,平
𤸬,平
惟,平
𣄧,平
維,平
濰,平
𥌰,平
䜅,平
琟,平
虆,平
欙,平
𤜖,平
𡿔,平
㠥,平
𡤯,平
𥍔,平
纝,平
綏,平
雖,平
荾,平
荽,平
䒘,平
濉,平
逵,平
夔,平
𣦞,平
馗,平
戣,平
鍨,平
犪,平
躨,平
艽,平
𨾗,平
𧢦,平
𢌳,平
頄,平
眉,平
睂,平
嵋,平
湄,平
𤃱,平
鶥,平
楣,平
瑂,平
矀,平
覹,平
䉠,平
麋,平
蘪,平
㵟,平
薇,平
葿,平
攗,平
悲,平
錐,平
隹,平
𪋇,平
騅,平
㮅,平
䶆,平
萑,平
誰,平
脽,平
帷,平
邳,平
鉟,平
䲹,平
岯,平
魾,平
䫠,平
丕,平
㔻,平
伾,平
䪹,平
駓,平
怌,平
豾,平
髬,平
倠,平
𢊄,平
椎,平
桘,平
顀,平
推,平
蓷,平
胝,平
疷,平
秪,平
氐,平
㩺,平
𦀘,平
𧧺,平
悂,平
𢞗,平
嶉,平
狋,平
咦,平
忾,平
䐅,平
𣢂,平
之,平
芝,平
㞢,平
飴,平
𩛛,平
䬮,平
怡,平
弬,平
媐,平
㼢,平
𣐵,平
圯,平
貽,平
巸,平
𦣝,平
𩠞,平
頤,平
㺿,平
沶,平
宧,平
𦚟,平
䱌,平
姬,平
台,平
瓵,平
時,平
旹,平
塒,平
鼭,平
榯,平
鰣,平
疑,平
恖,平
司,平
罳,平
絲,平
緦,平
𥯨,平
禗,平
㺇,平
𥄶,平
蕬,平
偲,平
楒,平
輜,平
颸,平
其,平
期,平
旗,平
綦,平
綨,平
𢃛,平
萁,平
𧯯,平
蜝,平
琪,平
麒,平
騏,平
淇,平
䳢,平
錤,平
藄,平
棊,平
櫀,平
碁,平
𤪌,平
璂,平
鯕,平
蘄,平
祺,平
禥,平
踑,平
𦪆,平
䑴,平
䶞,平
詩,平
邿,平
齝,平
𪗪,平
呞,平
而,平
栭,平
𣚊,平
𨼏,平
陑,平
髵,平
峏,平
𨎪,平
輀,平
𦠌,平
胹,平
𦓒,平
𩰴,平
洏,平
䎠,平
鴯,平
欺,平
娸,平
䫏,平
𠐾,平
魌,平
僛,平
𪅾,平
𪀩,平
朞,平
稘,平
基,平
箕,平
䇫,平
居,平
諆,平
詞,平
祠,平
柌,平
辭,平
辤,平
辝,平
釐,平
貍,平
狸,平
氂,平
嫠,平
剺,平
梩,平
犛,平
𣁟,平
倈,平
艃,平
𣮉,平
孷,平
𩭇,平
筣,平
斄,平
𠩬,平
𠭰,平
葘,平
甾,平
𦸜,平
湽,平
𥀜,平
茬,平
輺,平
鍿,平
緇,平
䊷,平
鯔,平
䎩,平
䣎,平
僖,平
歖,平
熙,平
禧,平
譆,平
𠩺,平
瞦,平
㶼,平
熹,平
嘻,平
𣢑,平
娭,平
誒,平
醫,平
毉,平
癡,平
笞,平
痴,平
持,平
蚩,平
嗤,平
妛,平
媸,平
𦐉,平
𣍆,平
𥉍,平
慈,平
礠,平
鶿,平
濨,平
兹,平
嵫,平
孜,平
滋,平
嗞,平
𪑿,平
鎡,平
鼒,平
鰦,平
鷀,平
稵,平
漦,平
䀵,平
微,平
𢼸,平
䥩,平
癓,平
揮,平
輝,平
暉,平
徽,平
翬,平
褘,平
鰴,平
楎,平
幑,平
瀈,平
㫎,平
𤟤,平
幃,平
韋,平
闈,平
䙟,平
𩎯,平
違,平
湋,平
囗,平
潿,平
婔,平
𧝕,平
𠆎,平
𢾁,平
霏,平
䬠,平
䩁,平
婓,平
騑,平
裶,平
𥇖,平
猆,平
飛,平
扉,平
緋,平
𩙲,平
非,平
馡,平
𩹉,平
騛,平
肥,平
䈈,平
淝,平
𤷂,平
裴,平
威,平
葳,平
隇,平
㟪,平
蝛,平
鰄,平
楲,平
祈,平
頎,平
旂,平
畿,平
㙨,平
圻,平
𧰙,平
𦠄,平
玂,平
岓,平
𪙧,平
機,平
譏,平
嘰,平
𦺬,平
磯,平
鞿,平
饑,平
䟇,平
鐖,平
僟,平
璣,平
𧗇,平
希,平
晞,平
莃,平
鵗,平
睎,平
稀,平
𧻶,平
悕,平
依,平
郼,平
㛄,平
䧇,平
沂,平
溰,平
巍,平
歸,平
㱕,平
魚,平
𩺰,平
漁,平
𩼪,平
䰻,平
,平
䁩,平
初,平
𠿝,平
書,平
鵨,平
瑹,平
舒,平
𦺗,平
𨛭,平
𡨢,平
据,平
裾,平
琚,平
䝻,平
鶋,平
車,平
蜛,平
崌,平
涺,平
𦱅,平
腒,平
渠,平
𨎶,平
𦄽,平
璩,平
磲,平
蕖,平
籧,平
淭,平
𪆫,平
螶,平
蟝,平
䝣,平
蘧,平
璖,平
𨞙,平
㯫,平
䟊,平
䆽,平
𧝔,平
懅,平
余,平
蜍,平
㶛,平
餘,平
旟,平
鵌,平
璵,平
艅,平
畬,平
𤰩,平
𤄕,平
嬩,平
舁,平
擧,平
妤,平
伃,平
㺞,平
𧾚,平
狳,平
雓,平
䱬,平
䈝,平
揟,平
疽,平
岨,平
砠,平
䢸,平
趄,平
狙,平
蛆,平
雎,平
𣻐,平
𡳆,平
鋤,平
豠,平
𧱑,平
𪆷,平
攄,平
㯉,平
筡,平
摴,平
梳,平
綀,平
蔬,平
踈,平
𦌿,平
𤕟,平
㽰,平
虚,平
驉,平
歔,平
魖,平
𥛳,平
徐,平
䣄,平
䍱,平
俆,平
於,平
扵,平
箊,平
唹,平
豬,平
䐗,平
猪,平
瀦,平
櫫,平
藸,平
臚,平
閭,平
䰕,平
廬,平
蘆,平
櫚,平
驢,平
藘,平
䕡,平
爈,平
𤁵,平
㠠,平
璷,平
䮉,平
𥶆,平
𢣻,平
諸,平
櫧,平
㶆,平
𧄔,平
䃴,平
蠩,平
躇,平
儲,平
涂,平
篨,平
𦿀,平
滁,平
蒢,平
屠,平
蒘,平
𨚴,平
鴽,平
𨾵,平
墟,平
𥬔,平
袪,平
阹,平
㠊,平
𢴮,平
㭕,平
菹,平
𧄗,平
䶥,平
袽,平
帤,平
𣭠,平
𣖹,平
挐,平
虞,平
𩦢,平
愚,平
湡,平
堣,平
𪃍,平
嵎,平
隅,平
鍝,平
澞,平
𧍪,平
㷒,平
齵,平
鸆,平
𨜖,平
芻,平
犓,平
無,平
毋,平
蕪,平
誣,平
巫,平
莁,平
璑,平
𨼊,平
䉑,平
鷡,平
无,平
𢃀,平
譕,平
墲,平
鵐,平
䍢,平
于,平
盂,平
邘,平
雩,平
𦏴,平
竽,平
玗,平
䣿,平
杅,平
釪,平
𧘘,平
骬,平
𠌶,平
謣,平
䩒,平
䢓,平
𦱃,平
訏,平
㽳,平
盱,平
𧙆,平
𥈈,平
扜,平
荂,平
𢖳,平
旴,平
㰭,平
虖,平
𥈸,平
衢,平
劬,平
氍,平
眗,平
癯,平
鴝,平
鸜,平
灈,平
躣,平
忂,平
𩢳,平
鼩,平
斪,平
蠷,平
欋,平
葋,平
翵,平
翑,平
𪓞,平
𧾱,平
𠣪,平
𡱺,平
𥃔,平
𥗫,平
戵,平
鑺,平
儒,平
獳,平
濡,平
襦,平
懦,平
嚅,平
鱬,平
𪋯,平
嬬,平
繻,平
顬,平
䞕,平
臑,平
䰰,平
須,平
鬚,平
嬃,平
𩓣,平
𥪥,平
𢄼,平
需,平
緰,平
蕦,平
鑐,平
株,平
誅,平
邾,平
鼄,平
蛛,平
跦,平
袾,平
㦵,平
鴸,平
𪏿,平
貙,平
𤠾,平
殊,平
銖,平
洙,平
茱,平
㼡,平
殳,平
𢎦,平
㸡,平
𦤂,平
陎,平
杸,平
逾,平
踰,平
腴,平
諛,平
鄃,平
𨵦,平
歈,平
愉,平
𢋅,平
褕,平
瑜,平
崳,平
羭,平
蝓,平
榆,平
萸,平
堬,平
渝,平
媮,平
𤜹,平
㳛,平
𤧙,平
螸,平
蕍,平
䜽,平
萮,平
𧃠,平
㼶,平
騟,平
𢔢,平
𥯮,平
𥔢,平
區,平
鰸,平
敺,平
嶇,平
軀,平
摳,平
䧢,平
朱,平
珠,平
侏,平
絑,平
秼,平
鮢,平
𤝹,平
硃,平
趨,平
氀,平
瞜,平
䱾,平
㟺,平
䝏,平
㺏,平
摟,平
鷜,平
䣚,平
婁,平
𤗬,平
膢,平
扶,平
𢺻,平
芙,平
符,平
颫,平
鳧,平
榑,平
苻,平
蚨,平
夫,平
𦽏,平
𣿆,平
枹,平
𧥱,平
枎,平
泭,平
𣻜,平
𤱽,平
𣘧,平
𣻥,平
𢞦,平
𦑹,平
𦔾,平
玸,平
䅳,平
雛,平
鶵,平
媰,平
敷,平
麩,平
麱,平
孚,平
𣞒,平
郛,平
筟,平
俘,平
痡,平
怤,平
䎔,平
𧀮,平
孵,平
尃,平
䱐,平
罦,平
稃,平
𥹃,平
㕊,平
桴,平
㩤,平
姇,平
紨,平
䓵,平
㲗,平
䓏,平
諏,平
㖩,平
𡸨,平
娵,平
陬,平
趺,平
膚,平
肤,平
邞,平
鈇,平
衭,平
㠸,平
玞,平
𩿧,平
𧀴,平
鳺,平
柎,平
𩵩,平
䄮,平
䃿,平
妋,平
紆,平
陓,平
䩽,平
㝼,平
虶,平
䨕,平
樞,平
姝,平
𩪍,平
䇬,平
廚,平
蹰,平
趎,平
幮,平
裯,平
拘,平
駒,平
㪺,平
𨞜,平
捄,平
跔,平
鮈,平
俱,平
痀,平
𥇛,平
毹,平
橾,平
螋,平
模,平
橅,平
嫫,平
𨡭,平
謨,平
𠻚,平
酺,平
匍,平
䔕,平
蒲,平
蒱,平
䈻,平
胡,平
𩑶,平
𠴱,平
壺,平
狐,平
瓳,平
餬,平
瑚,平
湖,平
鶘,平
猢,平
醐,平
𪏻,平
䊀,平
𪍒,平
糊,平
弧,平
乎,平
𠀒,平
𪕱,平
葫,平
㾰,平
魱,平
箶,平
䉉,平
𥶜,平
𧛞,平
㯛,平
孤,平
苽,平
菰,平
胍,平
𡗷,平
姑,平
辜,平
呱,平
泒,平
觚,平
蛄,平
箛,平
鴣,平
橭,平
𠷞,平
柧,平
𨬕,平
𧇡,平
嫴,平
罛,平
軱,平
箍,平
䐻,平
徒,平
𨑒,平
瘏,平
塗,平
途,平
酴,平
駼,平
𤙛,平
梌,平
㭸,平
荼,平
圖,平
𤺈,平
䣝,平
捈,平
䅷,平
嵞,平
峹,平
𣘻,平
䤅,平
蒤,平
䖘,平
鷵,平
奴,平
㚢,平
駑,平
孥,平
呼,平
嘑,平
𧦝,平
歑,平
幠,平
恗,平
軤,平
虍,平
苸,平
雐,平
䰧,平
滹,平
吾,平
鼯,平
𪁙,平
𧋋,平
吳,平
浯,平
䓊,平
㹳,平
㻍,平
珸,平
蜈,平
郚,平
鯃,平
娪,平
鋘,平
梧,平
峿,平
𦨳,平
祦,平
租,平
盧,平
鑪,平
壚,平
籚,平
顱,平
髗,平
鱸,平
攎,平
櫨,平
轤,平
黸,平
獹,平
鸕,平
艫,平
纑,平
瀘,平
瓐,平
爐,平
玈,平
𢐸,平
𤮧,平
嚧,平
矑,平
㭔,平
𧇄,平
𧆨,平
罏,平
蠦,平
㪭,平
𦿊,平
蘇,平
穌,平
㢝,平
酥,平
徂,平
䢐,平
殂,平
𣨐,平
烏,平
嗚,平
汚,平
杇,平
圬,平
釫,平
鰞,平
歍,平
鎢,平
㢪,平
盓,平
螐,平
扝,平
𦶀,平
㮧,平
鴮,平
逋,平
𥂈,平
晡,平
庯,平
陠,平
𧻷,平
峬,平
枯,平
刳,平
郀,平
軲,平
㱠,平
跍,平
挎,平
麤,平
麁,平
𥼡,平
𤿚,平
㻌,平
嶀,平
㻯,平
𡸂,平
庩,平
䞮,平
㻬,平
䩣,平
都,平
𥳉,平
闍,平
𧷿,平
䩲,平
𥠵,平
𩹲,平
𨁏,平
䮒,平
𢼹,平
臍,平
麡,平
蠐,平
𪗍,平
䶒,平
𨥳,平
黎,平
犁,平
𤛿,平
黧,平
藜,平
𦃇,平
邌,平
𨛫,平
廲,平
瓈,平
𥌛,平
𩧋,平
㦒,平
𨿯,平
萋,平
淒,平
凄,平
悽,平
鶈,平
霋,平
低,平
袛,平
磾,平
鞮,平
羝,平
隄,平
䧑,平
奃,平
𡰖,平
鍉,平
䐎,平
䚣,平
𥿄,平
㓳,平
䬫,平
嗁,平
啼,平
㖒,平
蹏,平
蹄,平
瑅,平
綈,平
罤,平
𣹲,平
𣖅,平
蕛,平
稊,平
𦯔,平
䬾,平
鵜,平
䱱,平
崹,平
騠,平
䨑,平
䖙,平
𥉘,平
𢔭,平
𡰄,平
厗,平
鶙,平
𨪉,平
㡗,平
銻,平
鮷,平
趧,平
𧋘,平
豍,平
㡙,平
螕,平
𦱔,平
蓖,平
篦,平
𥏠,平
𨻼,平
狴,平
鎞,平
䚜,平
雞,平
鷄,平
枅,平
笄,平
㮷,平
䗗,平
𨪴,平
奚,平
豯,平
㜎,平
蹊,平
螇,平
榽,平
騱,平
胿,平
𡗞,平
郋,平
𪓷,平
傒,平
嵇,平
兮,平
鼷,平
貕,平
鷖,平
𧫦,平
嫛,平
黳,平
𦎣,平
䃜,平
𣕁,平
倪,平
郳,平
齯,平
婗,平
輗,平
棿,平
猊,平
麑,平
貎,平
鯢,平
𠆵,平
醯,平
䒊,平
𦫬,平
忚,平
西,平
卤,平
𠧧,平
棲,平
犀,平
嘶,平
撕,平
𤺊,平
㯕,平
屖,平
𧬊,平
粞,平
𠞂,平
梯,平
鷈,平
𠥸,平
㔸,平
𨁃,平
𩤽,平
鼙,平
㼰,平
笓,平
磇,平
𠜱,平
𪄆,平
批,平
賷,平
𩐒,平
齏,平
𧅱,平
櫅,平
䂑,平
𢥎,平
迷,平
𡝠,平
䤍,平
麛,平
𧠠,平
𪓬,平
屔,平
臡,平
谿,平
嵠,平
溪,平
磎,平
鸂,平
𤳤,平
圭,平
珪,平
邽,平
閨,平
袿,平
窐,平
鮭,平
𪊧,平
洼,平
𨾴,平
𡌲,平
𦓯,平
㰪,平
茥,平
睽,平
奎,平
刲,平
𠝥,平
䯓,平
聧,平
䖯,平
蝰,平
㨒,平
楏,平
藈,平
攜,平
携,平
𩰳,平
畦,平
驨,平
雟,平
酅,平
𢥘,平
𦋅,平
𣫴,平
𡸔,平
㔒,平
䙵,平
𡰢,平
䀘,平
𧟼,平
𤮰,平
睳,平
佳,平
街,平
㥟,平
膎,平
鞵,平
鞋,平
䙎,平
牌,平
䱝,平
𥱼,平
媧,平
緺,平
𧬭,平
腡,平
蝸,平
騧,平
歄,平
蛙,平
鼃,平
咼,平
喎,平
䓙,平
𦹬,平
柴,平
祡,平
𪗶,平
査,平
釵,平
靫,平
𩑐,平
叉,平
芆,平
䐤,平
㼮,平
𠞊,平
竵,平
𦶎,平
𡁑,平
𩝨,平
䍲,平
誽,平
啀,平
𪘲,平
厓,平
𩂢,平
娃,平
哇,平
𠴺,平
崽,平
㗨,平
㰨,平
扠,平
䁲,平
𩍃,平
皆,平
偕,平
喈,平
階,平
荄,平
痎,平
堦,平
鶛,平
湝,平
𤭧,平
𩘅,平
蝔,平
𢰇,平
諧,平
𩤠,平
骸,平
瑎,平
龤,平
排,平
俳,平
輫,平
𩑢,平
乖,平
𦮃,平
𠦬,平
㾩,平
懷,平
褱,平
櫰,平
槐,平
㜳,平
𪊉,平
㠢,平
𤜄,平
淮,平
褢,平
𧞷,平
瀤,平
㨤,平
㔞,平
豺,平
儕,平
𡺵,平
䞗,平
尵,平
𩓬,平
埋,平
薶,平
霾,平
㦟,平
齋,平
崴,平
䴜,平
𪘨,平
榸,平
𦂄,平
𢔡,平
𥻄,平
摨,平
𥳧,平
搋,平
𢓬,平
䐯,平
膗,平
𢶀,平
灰,平
䖶,平
鼽,平
豗,平
㾯,平
恢,平
詼,平
魁,平
𥲖,平
㷇,平
盔,平
煨,平
䋿,平
渨,平
椳,平
偎,平
𩗯,平
揋,平
𧤖,平
葨,平
鰃,平
回,平
洄,平
徊,平
瑰,平
蚘,平
佪,平
烠,平
𤜡,平
𩢱,平
茴,平
枚,平
梅,平
媒,平
玫,平
煤,平
腜,平
禖,平
鋂,平
䊈,平
䤂,平
𤪿,平
𠐤,平
瓌,平
雷,平
𩂩,平
罍,平
𦌵,平
鐳,平
𤮚,平
畾,平
穨,平
頽,平
㿉,平
隤,平
㢈,平
魋,平
蘈,平
𧮓,平
𧝋,平
蹪,平
𤗴,平
崔,平
催,平
縗,平
𨻵,平
𢕘,平
𧽠,平
磓,平
塠,平
䭔,平
堆,平
鴭,平
𠩰,平
搥,平
䜃,平
嵟,平
𩈜,平
𠂤,平
𡏩,平
𤗯,平
挼,平
毸,平
蓑,平
摧,平
慛,平
槯,平
徘,平
陪,平
𨛬,平
䣙,平
毰,平
𤗏,平
桮,平
杯,平
盃,平
肧,平
坯,平
㾦,平
醅,平
衃,平
𩵣,平
𤬃,平
抔,平
鮠,平
𨌴,平
𨋱,平
㷟,平
藬,平
㞜,平
𨡌,平
脧,平
䘒,平
𡱥,平
咍,平
㾂,平
𨸜,平
開,平
㱾,平
奒,平
㚊,平
哀,平
埃,平
臺,平
擡,平
苔,平
炱,平
嬯,平
薹,平
檯,平
𪒴,平
籉,平
跆,平
𩿡,平
該,平
豥,平
垓,平
郂,平
㱯,平
剴,平
陔,平
姟,平
晐,平
峐,平
祴,平
賅,平
㨟,平
胲,平
䶣,平
財,平
才,平
材,平
䴭,平
溨,平
𦬁,平
來,平
騋,平
崍,平
𤦃,平
𧳟,平
猍,平
淶,平
鯠,平
鶆,平
䅘,平
䋱,平
庲,平
棶,平
𪎂,平
麳,平
𤲓,平
𪑚,平
烖,平
灾,平
災,平
𤆎,平
哉,平
𡿧,平
𢦔,平
𦳦,平
渽,平
睵,平
猜,平
㯁,平
胎,平
孡,平
鮐,平
邰,平
𧉟,平
𩬠,平
孩,平
咳,平
𧻲,平
䠽,平
䱺,平
鰓,平
揌,平
䚡,平
顋,平
愢,平
𪃄,平
毢,平
皚,平
嵦,平
敳,平
隑,平
獃,平
㾍,平
懛,平
㹗,平
眞,平
甄,平
禛,平
磌,平
籈,平
桭,平
蒖,平
唇,平
㖘,平
帪,平
薽,平
㲀,平
𤣆,平
胂,平
因,平
茵,平
鞇,平
禋,平
闉,平
駰,平
湮,平
烟,平
氤,平
絪,平
垔,平
陻,平
㘻,平
堙,平
洇,平
姻,平
婣,平
諲,平
裀,平
歅,平
㧢,平
新,平
辛,平
薪,平
辰,平
晨,平
䢅,平
宸,平
鷐,平
麎,平
茞,平
臣,平
䣅,平
仁,平
朲,平
人,平
神,平
𡪔,平
礥,平
㘋,平
申,平
伸,平
紳,平
呻,平
𣢘,平
𠲳,平
㑗,平
𩉼,平
𣇗,平
身,平
柛,平
䰠,平
訷,平
賔,平
𧶉,平
濱,平
檳,平
顮,平
鑌,平
矉,平
𩴱,平
㷠,平
鄰,平
粼,平
麟,平
鱗,平
璘,平
翷,平
𧲂,平
獜,平
驎,平
壣,平
𩻜,平
繗,平
潾,平
𥎊,平
魿,平
珍,平
塵,平
津,平
𦩨,平
𦘔,平
瞋,平
嗔,平
謓,平
䐜,平
秦,平
螓,平
𤚩,平
夤,平
𦟘,平
𡐔,平
紉,平
繽,平
䎙,平
𢣐,平
𩰝,平
頻,平
蘋,平
薲,平
嬪,平
㰋,平
玭,平
蠙,平
獱,平
顰,平
𧭹,平
嚬,平
𦇖,平
𡤉,平
銀,平
㹞,平
狺,平
䖜,平
檭,平
鄞,平
圁,平
誾,平
訔,平
嚚,平
䓄,平
䴦,平
垠,平
𪛊,平
泿,平
巾,平
麏,平
麇,平
麕,平
頵,平
汮,平
筠,平
囩,平
縜,平
囷,平
箟,平
輑,平
𧋕,平
峮,平
珉,平
岷,平
罠,平
閩,平
緡,平
䪸,平
旻,平
旼,平
𤸅,平
闅,平
㨉,平
忞,平
盿,平
䁕,平
鍲,平
𪃯,平
鈱,平
貧,平
𡧋,平
𪔗,平
鼘,平
贇,平
奫,平
彬,平
斌,平
份,平
玢,平
豳,平
邠,平
霦,平
㻞,平
攽,平
虨,平
砏,平
民,平
怋,平
惇,平
肫,平
椿,平
輴,平
䡅,平
鶞,平
杶,平
櫄,平
瑃,平
䣩,平
荀,平
郇,平
詢,平
峋,平
珣,平
𣓓,平
洵,平
恂,平
畇,平
檈,平
槆,平
㰬,平
蓴,平
蒓,平
醇,平
鶉,平
𦎧,平
陙,平
𢗋,平
淳,平
𡗥,平
焞,平
犉,平
𩀋,平
瞤,平
脣,平
漘,平
䔚,平
㸪,平
紃,平
淪,平
倫,平
䑳,平
輪,平
陯,平
鯩,平
棆,平
綸,平
侖,平
踚,平
掄,平
䈁,平
屯,平
窀,平
迍,平
逡,平
竣,平
皴,平
墫,平
竴,平
踆,平
𠣟,平
夋,平
遵,平
跧,平
嶟,平
鷷,平
春,平
勻,平
旬,平
𠣙,平
巡,平
馴,平
循,平
䋸,平
𪀠,平
灥,平
㽦,平
䖲,平
均,平
鈞,平
袀,平
臻,平
蓁,平
搸,平
溱,平
潧,平
𣓀,平
榛,平
樼,平
𨬖,平
轃,平
莘,平
㜪,平
扟,平
駪,平
籸,平
甡,平
兟,平
詵,平
侁,平
𩺵,平
屾,平
𨐔,平
燊,平
𦐹,平
𢓠,平
㯜,平
𦿒,平
帘,平
文,平
𦖫,平
彣,平
紋,平
雯,平
馼,平
蟁,平
蚊,平
螡,平
䰚,平
鳼,平
雲,平
芸,平
蕓,平
𦔐,平
𦓷,平
耘,平
鄖,平
妘,平
紜,平
澐,平
云,平
篔,平
䢵,平
員,平
𪔅,平
沄,平
耺,平
橒,平
䉙,平
煴,平
氳,平
蒀,平
𥠺,平
蘊,平
㚃,平
汾,平
氛,平
𣱦,平
鼖,平
䩿,平
𪔵,平
濆,平
焚,平
燌,平
羒,平
豶,平
頒,平
羵,平
䴅,平
枌,平
鳻,平
蕡,平
𦶁,平
棼,平
葐,平
𧮱,平
妢,平
棻,平
梤,平
朌,平
䫶,平
馩,平
馚,平
㞣,平
饙,平
餴,平
𡊄,平
𣯻,平
羣,平
帬,平
裠,平
宭,平
𤸷,平
曛,平
勲,平
勛,平
熏,平
燻,平
獯,平
纁,平
醺,平
葷,平
焄,平
君,平
軍,平
桾,平
䇹,平
鮶,平
芬,平
紛,平
𢁥,平
𣬩,平
衯,平
𦐈,平
雰,平
𨷹,平
錀,平
欣,平
忻,平
昕,平
訢,平
邤,平
殷,平
慇,平
溵,平
勤,平
芹,平
懃,平
懄,平
筋,平
䈥,平
䖐,平
㹜,平
斦,平
元,平
原,平
𨙅,平
源,平
厵,平
杬,平
嫄,平
沅,平
騵,平
黿,平
羱,平
蚖,平
𧔞,平
芫,平
榞,平
謜,平
㹉,平
䬧,平
獂,平
蒝,平
袁,平
爰,平
垣,平
𩫧,平
園,平
榬,平
轅,平
鶢,平
洹,平
溒,平
𧻚,平
蝯,平
猨,平
猿,平
煩,平
𨆌,平
蹯,平
繁,平
蘩,平
薠,平
樊,平
𢶃,平
繙,平
燔,平
膰,平
瀿,平
羳,平
䪤,平
鷭,平
蟠,平
蕃,平
蠜,平
礬,平
𪖇,平
𨟄,平
鐇,平
璠,平
𥢌,平
襎,平
袢,平
棥,平
緐,平
𥿋,平
墦,平
𢐲,平
䮳,平
旛,平
𧢜,平
藩,平
飜,平
翻,平
幡,平
𤃳,平
𤄜,平
轓,平
暄,平
萱,平
塤,平
壎,平
䳦,平
貆,平
喧,平
諠,平
愋,平
讙,平
翧,平
䚭,平
蝖,平
鴛,平
冤,平
㠾,平
鵷,平
𣹠,平
䥉,平
𩝸,平
蒬,平
𡟰,平
葾,平
眢,平
言,平
琂,平
䇾,平
䓂,平
攑,平
䞿,平
軒,平
掀,平
鶱,平
䡣,平
蓒,平
𢳚,平
𣘖,平
鞬,平
𩎀,平
㓺,平
犍,平
騝,平
䭈,平
𩱡,平
𩱤,平
蔫,平
焉,平
鱕,平
籓,平
𥴤,平
樠,平
䰟,平
䮝,平
餛,平
鼲,平
𦸌,平
㑮,平
堚,平
𢣒,平
𣝂,平
琿,平
昆,平
晜,平
𥊽,平
菎,平
㡓,平
褌,平
崐,平
琨,平
鵾,平
鯤,平
䖵,平
蜫,平
㱎,平
瑻,平
𪋆,平
猑,平
騉,平
𥁕,平
溫,平
輼,平
𩥈,平
𨜵,平
豱,平
㼔,平
𪉸,平
門,平
捫,平
虋,平
璊,平
𤅣,平
䫒,平
𣯩,平
䟂,平
䊟,平
𪈿,平
孫,平
蓀,平
飧,平
蕵,平
猻,平
搎,平
尊,平
罇,平
樽,平
繜,平
存,平
蹲,平
拵,平
𨚲,平
弴,平
㢯,平
驐,平
墩,平
𤭞,平
暾,平
燉,平
涒,平
𪏆,平
𧑒,平
豚,平
㹠,平
豘,平
臀,平
𦞠,平
𩪡,平
軘,平
飩,平
𥴫,平
邨,平
忳,平
啍,平
芚,平
𪎶,平
𤫭,平
村,平
瘒,平
盆,平
𪂽,平
犇,平
崘,平
菕,平
坤,平
巛,平
髡,平
臗,平
髖,平
昏,平
婚,平
棔,平
閽,平
殙,平
𣣏,平
黁,平
痕,平
鞎,平
拫,平
㯊,平
根,平
跟,平
𣥦,平
恩,平
𤇯,平
煾,平
吞,平
寒,平
𩏑,平
韓,平
𦺦,平
鶾,平
邯,平
邗,平
虷,平
雃,平
𡽜,平
襌,平
鄲,平
丹,平
殫,平
簞,平
匰,平
㠆,平
䐷,平
安,平
䀂,平
鞌,平
侒,平
𪇠,平
𩁘,平
𩁣,平
餐,平
湌,平
䉔,平
擹,平
譠,平
𦧴,平
㨏,平
𦙽,平
跚,平
珊,平
姍,平
壇,平
檀,平
驒,平
驙,平
胆,平
儃,平
唌,平
貚,平
殘,平
戔,平
𥂥,平
𣦻,平
干,平
乾,平
漧,平
竿,平
肝,平
奸,平
鳱,平
玕,平
迀,平
㿻,平
𢧀,平
𨝌,平
𡯋,平
蘭,平
闌,平
攔,平
𨷻,平
籣,平
䪍,平
欄,平
躝,平
幱,平
㘓,平
栞,平
𣓁,平
刊,平
桓,平
完,平
䴟,平
𩾞,平
丸,平
瓛,平
紈,平
𦼉,平
汍,平
絙,平
芄,平
豲,平
荁,平
𦏊,平
萈,平
狟,平
峘,平
㿪,平
寏,平
捖,平
岏,平
刓,平
园,平
䯈,平
抏,平
𠒢,平
端,平
𧤗,平
耑,平
鍴,平
𥵣,平
𦾸,平
偳,平
剜,平
豌,平
帵,平
湍,平
䵎,平
煓,平
酸,平
狻,平
䝜,平
痠,平
𩆑,平
團,平
慱,平
篿,平
𧐕,平
漙,平
鷒,平
𪆃,平
𩅂,平
櫕,平
巑,平
𩎈,平
酇,平
𥣚,平
劗,平
官,平
鑾,平
鸞,平
巒,平
欒,平
羉,平
𧄶,平
㱍,平
灤,平
𤼙,平
圞,平
曫,平
歡,平
驩,平
貛,平
𪈩,平
鴅,平
酄,平
獾,平
犿,平
𡚊,平
𠂄,平
寬,平
𩎑,平
䡽,平
𣀶,平
槃,平
盤,平
鎜,平
柈,平
瘢,平
磻,平
幋,平
磐,平
䰉,平
般,平
蹣,平
搫,平
鞶,平
𪄀,平
𥈼,平
媻,平
縏,平
𪒀,平
䈲,平
𤠍,平
瞞,平
顢,平
䊡,平
饅,平
慲,平
槾,平
㒼,平
鞔,平
䜱,平
𤡁,平
悗,平
潘,平
㽃,平
㢖,平
𤺏,平
𤳖,平
刪,平
𣧱,平
關,平
関,平
癏,平
𠴨,平
𢇇,平
彎,平
灣,平
䘎,平
𩅦,平
潫,平
𣠯,平
還,平
環,平
𠟼,平
鬟,平
闤,平
糫,平
鍰,平
圜,平
鐶,平
𡍦,平
𦏖,平
澴,平
𩙽,平
㡲,平
𦣴,平
班,平
螌,平
斑,平
辬,平
斒,平
鯿,平
扳,平
𠔯,平
蠻,平
𪈮,平
鬘,平
䅼,平
𪑪,平
顏,平
楌,平
姦,平
菅,平
葌,平
䔵,平
攀,平
頑,平
鬜,平
山,平
邖,平
䤽,平
閒,平
艱,平
囏,平
蕑,平
閑,平
嫺,平
癇,平
𩦂,平
蛝,平
瞯,平
鷴,平
慳,平
𧢞,平
顅,平
掔,平
羥,平
𩋆,平
潺,平
䡲,平
𡎻,平
羴,平
詽,平
㗴,平
虤,平
㸶,平
黫,平
斕,平
𢿻,平
𢛓,平
嘫,平
㺗,平
嬽,平
𡰝,平
㣶,平
湲,平
躚,平
蹮,平
𥑻,平
前,平
歬,平
騚,平
𥮒,平
千,平
圱,平
阡,平
汘,平
仟,平
谸,平
迁,平
杄,平
箋,平
牋,平
㮍,平
韉,平
𢃬,平
𣚙,平
𣝕,平
𨕨,平
天,平
𠀘,平
䒶,平
𦧝,平
堅,平
𢮂,平
㡉,平
幵,平
肩,平
𧱚,平
猏,平
菺,平
麉,平
鵳,平
鰹,平
䌑,平
賢,平
弦,平
舷,平
胘,平
蚿,平
𢛆,平
𠛑,平
伭,平
𦱁,平
婱,平
𧼏,平
痃,平
煙,平
𡨾,平
𤎟,平
胭,平
𥷀,平
憐,平
怜,平
嗹,平
縺,平
𪍴,平
𨏩,平
田,平
䟧,平
䡘,平
沺,平
鷏,平
𨌈,平
搷,平
秊,平
年,平
𨛲,平
㒹,平
齻,平
𩥄,平
槙,平
瘨,平
癲,平
巔,平
𠑘,平
傎,平
蹎,平
厧,平
縴,平
郉,平
蚈,平
岍,平
姸,平
硏,平
𥓋,平
揅,平
㿼,平
眠,平
䏃,平
矏,平
𥌂,平
䰓,平
㝰,平
蹁,平
骿,平
軿,平
駢,平
㼐,平
胼,平
楄,平
賆,平
琕,平
淵,平
𠝃,平
囦,平
㾓,平
弲,平
剈,平
𨓯,平
䨊,平
涓,平
蠲,平
𦮻,平
䅌,平
鵑,平
鋗,平
㘣,平
梋,平
邊,平
籩,平
𤄺,平
甂,平
蝙,平
𨇱,平
𠑟,平
牑,平
玄,平
懸,平
䮄,平
玆,平
䙲,平
𠆺,平
盷,平
訇,平
祆,平
訮,平
𤜼,平
仙,平
僊,平
㒨,平
㲔,平
苮,平
秈,平
鱻,平
𧔢,平
遷,平
𨙙,平
𠨧,平
𨝍,平
櫏,平
䉦,平
韆,平
㿊,平
葏,平
然,平
燃,平
𤡮,平
肰,平
繎,平
𥳚,平
䕼,平
𤓉,平
埏,平
筵,平
郔,平
綖,平
䘰,平
鋋,平
䀽,平
𨕐,平
𩜾,平
旃,平
旜,平
栴,平
氈,平
鸇,平
𩔣,平
𧾍,平
鱣,平
𩼼,平
羶,平
挻,平
鯅,平
脠,平
梴,平
鏈,平
蟬,平
嬋,平
緾,平
躔,平
瀍,平
鄽,平
𨷭,平
𧔊,平
廛,平
㙻,平
嘕,平
屳,平
𦒜,平
連,平
聮,平
翴,平
鰱,平
㺦,平
䃛,平
㦁,平
槤,平
𪚁,平
㶌,平
篇,平
翩,平
媥,平
㾫,平
平,平
㛹,平
箯,平
𧍲,平
緜,平
綿,平
棉,平
矊,平
蝒,平
𧉄,平
𢣔,平
宀,平
𩕰,平
櫋,平
𣏜,平
臱,平
㮌,平
𣡠,平
全,平
泉,平
𧍭,平
牷,平
䀬,平
葲,平
宣,平
揎,平
㩊,平
𡈣,平
𩕖,平
瑄,平
𩓧,平
鐫,平
鋑,平
朘,平
剶,平
翾,平
儇,平
𧾎,平
嬛,平
譞,平
䙇,平
撋,平
川,平
沿,平
㳂,平
鉛,平
櫞,平
捐,平
鳶,平
蝝,平
緣,平
䱲,平
𦿂,平
璿,平
𤩅,平
𤫀,平
䗠,平
琁,平
璇,平
𣟳,平
蜁,平
㔯,平
圓,平
䁢,平
娟,平
悁,平
𡷡,平
𡣬,平
船,平
舩,平
鞭,平
鯾,平
揙,平
㳄,平
詮,平
銓,平
硂,平
痊,平
佺,平
悛,平
駩,平
筌,平
恮,平
荃,平
𠛮,平
峑,平
𠥙,平
鐉,平
拴,平
專,平
甎,平
顓,平
嫥,平
𩠹,平
遄,平
輲,平
輇,平
椯,平
蟤,平
栓,平
虔,平
鰬,平
𨜻,平
榩,平
愆,平
䇂,平
諐,平
𠎝,平
褰,平
騫,平
𧽐,平
攐,平
㗔,平
權,平
拳,平
顴,平
踡,平
婘,平
孉,平
䠰,平
𤷄,平
蠸,平
齤,平
𪈻,平
𥆗,平
𥁠,平
𢑆,平
鬈,平
䟒,平
䑏,平
蜷,平
椽,平
攣,平
㒽,平
棬,平
䗡,平
蕭,平
簫,平
彇,平
𩙚,平
踃,平
𦐺,平
㲖,平
艘,平
瞍,平
撨,平
祧,平
佻,平
脁,平
恌,平
𣂁,平
庣,平
聎,平
貂,平
𠚥,平
刁,平
琱,平
凋,平
鯛,平
䂏,平
雕,平
鵰,平
蛁,平
彫,平
𧘨,平
䒒,平
𦶌,平
𦨣,平
𩾗,平
㚋,平
奝,平
瞗,平
迢,平
條,平
樤,平
髫,平
跳,平
鋚,平
𧌁,平
蜩,平
苕,平
芀,平
岧,平
䩦,平
𠤼,平
𣬸,平
𠧪,平
鰷,平
驍,平
梟,平
𥄉,平
憿,平
釗,平
邀,平
蟂,平
聊,平
𦗖,平
膋,平
飉,平
遼,平
憀,平
竂,平
摷,平
寮,平
簝,平
豂,平
𥲊,平
漻,平
蟟,平
䜮,平
𧂏,平
𩯊,平
嶚,平
髎,平
𡽐,平
蟧,平
𦿌,平
敹,平
堯,平
嶢,平
僥,平
垚,平
嘵,平
憢,平
㚠,平
𦟞,平
䎄,平
䫞,平
幺,平
𥃩,平
鄡,平
郻,平
墽,平
𡩇,平
宵,平
消,平
霄,平
捎,平
逍,平
痟,平
綃,平
銷,平
焇,平
硝,平
蛸,平
莦,平
鮹,平
𤞚,平
䴛,平
魈,平
超,平
怊,平
欩,平
𢁾,平
𠰉,平
䫿,平
朝,平
𦩻,平
𪓙,平
晁,平
鼂,平
潮,平
嚻,平
枵,平
毊,平
獢,平
𤣠,平
呺,平
𩱴,平
虈,平
樵,平
藮,平
憔,平
顦,平
䏆,平
譙,平
嶕,平
𡻝,平
鐎,平
𨝱,平
驕,平
憍,平
穚,平
鷮,平
蕎,平
喬,平
簥,平
焦,平
𤓪,平
㲬,平
蕉,平
膲,平
鷦,平
椒,平
茮,平
蟭,平
𪚱,平
䌭,平
襓,平
㹛,平
蟯,平
蕘,平
𤬖,平
遙,平
媱,平
傜,平
颻,平
𣣳,平
窯,平
窰,平
𦾺,平
珧,平
鰩,平
姚,平
搖,平
謠,平
軺,平
愮,平
𨙂,平
陶,平
蘨,平
洮,平
烑,平
𢋇,平
𢑄,平
㫍,平
榣,平
嗂,平
䠛,平
瑤,平
猺,平
餆,平
韶,平
㲈,平
𦯐,平
玿,平
𢃳,平
柖,平
㸛,平
昭,平
鵃,平
鉊,平
招,平
盄,平
飊,平
猋,平
瘭,平
幖,平
熛,平
㠒,平
𧽤,平
蔈,平
驫,平
𦠎,平
𣄠,平
贆,平
髟,平
鑣,平
𩽁,平
臕,平
儦,平
瀌,平
𦔩,平
瓢,平
飄,平
薸,平
𣞈,平
螵,平
䖢,平
㠺,平
𪃦,平
苗,平
描,平
貓,平
猫,平
腰,平
喓,平
𧍔,平
䙅,平
䳩,平
鴞,平
𨚙,平
橋,平
趫,平
僑,平
㝯,平
鐈,平
㠐,平
𦒓,平
䀉,平
鍫,平
鐰,平
幧,平
𣟼,平
𣖄,平
妖,平
祅,平
枖,平
訞,平
繑,平
蹺,平
爂,平
𩙒,平
旚,平
鏢,平
𪅃,平
𨄏,平
嘌,平
荍,平
𧄍,平
嘺,平
䎗,平
橇,平
鞽,平
肴,平
餚,平
崤,平
𦺔,平
殽,平
洨,平
猇,平
㮁,平
爻,平
淆,平
笅,平
胶,平
𨠦,平
䋂,平
䂚,平
交,平
蛟,平
茭,平
鵁,平
鮫,平
咬,平
郊,平
轇,平
㶀,平
䢒,平
教,平
𥹜,平
摎,平
芁,平
嘐,平
𩎔,平
轈,平
𣝞,平
樔,平
𡏮,平
鄛,平
鐃,平
呶,平
譊,平
怓,平
䴃,平
𥗰,平
𡽧,平
梢,平
髾,平
輎,平
旓,平
弰,平
䈰,平
筲,平
䘯,平
颵,平
𡡏,平
茅,平
鶜,平
虓,平
髇,平
穘,平
窙,平
䬘,平
庨,平
灱,平
𩾾,平
㹲,平
包,平
胞,平
苞,平
勹,平
𨚔,平
䍖,平
脬,平
拋,平
泡,平
𠐋,平
𢿏,平
𦫶,平
跤,平
㤍,平
䂭,平
墝,平
頝,平
聱,平
磝,平
𦗔,平
𠿈,平
嘲,平
啁,平
鳭,平
䜈,平
𦾱,平
庖,平
咆,平
匏,平
炰,平
狍,平
捊,平
㯡,平
䫜,平
㕭,平
坳,平
梎,平
𠣑,平
䫸,平
嘮,平
顟,平
賿,平
䄻,平
豪,平
毫,平
噑,平
獋,平
濠,平
壕,平
𩕍,平
𣘫,平
𠢕,平
𨼍,平
髙,平
臯,平
皋,平
羔,平
餻,平
𡼗,平
櫜,平
鼛,平
鷱,平
篙,平
橰,平
𧢌,平
䔌,平
㤒,平
䆁,平
䓘,平
𨝲,平
牢,平
窂,平
簩,平
䝁,平
𧰉,平
醪,平
撈,平
㟉,平
㗦,平
憥,平
𨦭,平
𤩂,平
哰,平
𣘪,平
蒿,平
𧯌,平
薅,平
茠,平
𣐾,平
髦,平
𣹪,平
枆,平
酕,平
堥,平
饕,平
韜,平
縚,平
謟,平
滔,平
叨,平
弢,平
𩥓,平
𤘸,平
慆,平
絛,平
幍,平
𠌪,平
蜪,平
夲,平
𠦎,平
綢,平
搯,平
翢,平
瑫,平
𠬢,平
䈱,平
𠚜,平
詜,平
刀,平
魛,平
忉,平
舠,平
𩕯,平
騷,平
搔,平
缫,平
臊,平
鰠,平
溞,平
颾,平
鱢,平
㮴,平
䑹,平
𠋺,平
袍,平
軳,平
襃,平
褒,平
𠅬,平
䛬,平
䛌,平
桃,平
綯,平
逃,平
鼗,平
鞀,平
鞉,平
濤,平
掏,平
騊,平
萄,平
䬞,平
匋,平
啕,平
錭,平
裪,平
糟,平
𦵩,平
醩,平
遭,平
㷮,平
槽,平
傮,平
𣩒,平
㡟,平
敖,平
遨,平
翺,平
熬,平
嶅,平
獒,平
滶,平
蔜,平
鼇,平
螯,平
嗸,平
嗷,平
𢧴,平
摮,平
䦋,平
𣘢,平
𦪈,平
𩪕,平
鰲,平
曹,平
𣍘,平
螬,平
嘈,平
䄚,平
艚,平
𩫥,平
䐬,平
蓸,平
褿,平
𤏶,平
䥝,平
鏖,平
𤣜,平
巎,平
嶩,平
峱,平
𤫕,平
尻,平
訄,平
𢻥,平
㯱,平
䫽,平
㲏,平
歌,平
謌,平
柯,平
妿,平
㤎,平
菏,平
牁,平
戕,平
滒,平
哥,平
鴚,平
蹉,平
搓,平
傞,平
𪘓,平
多,平
𦰿,平
𦷛,平
挱,平
挲,平
𩊮,平
䓾,平
𠈱,平
桫,平
䤬,平
𥆝,平
駝,平
駞,平
鼉,平
𡩆,平
紽,平
鮀,平
陀,平
䍫,平
跎,平
酡,平
㼠,平
迱,平
鼧,平
𩉺,平
䡐,平
𧕛,平
佗,平
醝,平
㽨,平
䣜,平
𣩈,平
鹺,平
嵳,平
艖,平
䴾,平
䑘,平
䠡,平
躦,平
虘,平
莪,平
哦,平
娥,平
䄉,平
峩,平
鵝,平
俄,平
睋,平
涐,平
誐,平
他,平
它,平
羅,平
蘿,平
籮,平
儸,平
饠,平
𤄷,平
囉,平
鑼,平
㔮,平
𤘟,平
挪,平
儺,平
𠹈,平
𡖔,平
𩴓,平
河,平
苛,平
魺,平
訶,平
㱒,平
抲,平
珂,平
𠳊,平
䯊,平
阿,平
痾,平
䋪,平
鈳,平
戈,平
渦,平
鍋,平
𨍋,平
楇,平
瘑,平
㽿,平
𩰫,平
𩰬,平
㗻,平
堝,平
𩾷,平
遳,平
𨹃,平
莎,平
魦,平
莏,平
𢘿,平
趖,平
唆,平
𧨀,平
髿,平
梭,平
𣜤,平
㛗,平
婆,平
鄱,平
皤,平
𩕏,平
蔢,平
碆,平
㸰,平
碢,平
堶,平
𩞁,平
𥂓,平
𡡉,平
魔,平
䯢,平
劘,平
𦟟,平
𦣆,平
䭩,平
矬,平
痤,平
㭫,平
睉,平
訛,平
譌,平
吪,平
鈋,平
囮,平
魤,平
𧦭,平
䜏,平
𩼊,平
騾,平
驘,平
鸁,平
𣜄,平
螺,平
𥢵,平
𥡜,平
𧄿,平
𨰠,平
覼,平
波,平
嶓,平
坡,平
𨸭,平
玻,平
咊,平
𤖱,平
禾,平
龢,平
鉌,平
䒩,平
窠,平
薖,平
萪,平
蝌,平
犐,平
簻,平
䈖,平
𠏀,平
濄,平
涹,平
𡑟,平
踒,平
鞾,平
靴,平
𢪎,平
㗾,平
𦚢,平
𠏃,平
𩨷,平
𩨭,平
伽,平
茄,平
枷,平
佉,平
𠋧,平
迦,平
𩛠,平
瘸,平
𦣛,平
麻,平
犘,平
蟆,平
𪓹,平
𩔶,平
痲,平
㦄,平
硨,平
奢,平
賒,平
畲,平
邪,平
耶,平
瑘,平
釾,平
鎁,平
椰,平
擨,平
斜,平
䓉,平
𦰳,平
䔑,平
𦭿,平
𥯘,平
遮,平
𠌮,平
㸙,平
嗟,平
𧨁,平
罝,平
𨲠,平
㜘,平
䦈,平
驊,平
鷨,平
𧑍,平
鏵,平
瓜,平
㧓,平
花,平
譁,平
𧪮,平
誇,平
䠸,平
夸,平
姱,平
𠇗,平
䯞,平
拏,平
詉,平
摣,平
𧘽,平
𧦮,平
嘉,平
家,平
加,平
葭,平
笳,平
麚,平
䴥,平
豭,平
猳,平
痂,平
鴐,平
袈,平
𣮫,平
跏,平
𨔣,平
𤠙,平
𧉪,平
珈,平
犌,平
貑,平
遐,平
蝦,平
鍜,平
霞,平
瑕,平
騢,平
鰕,平
䠍,平
䫗,平
碬,平
䪗,平
𩋥,平
赮,平
蕸,平
葩,平
鈀,平
妑,平
蚆,平
吧,平
舥,平
𧣃,平
鴉,平
鵶,平
錏,平
㝞,平
丫,平
䃁,平
𠜲,平
巴,平
豝,平
芭,平
㿬,平
鎈,平
䑡,平
鯊,平
砂,平
裟,平
㲚,平
桬,平
紗,平
牙,平
芽,平
呀,平
樝,平
柤,平
𦳏,平
㪥,平
皻,平
渣,平
𤹡,平
𥡧,平
浾,平
𡨀,平
䠧,平
茶,平
𡝐,平
𤶠,平
𦛝,平
𥥸,平
𨼑,平
衺,平
𥍸,平
畖,平
窪,平
髽,平
檛,平
𥬸,平
膼,平
爬,平
琶,平
楂,平
㢒,平
𤵾,平
㗬,平
𧬅,平
𪗭,平
谺,平
疨,平
岈,平
颬,平
䶗,平
㤉,平
𡤫,平
㚗,平
𣢉,平
𩨾,平
𣘟,平
陽,平
暘,平
楊,平
揚,平
昜,平
羊,平
样,平
佯,平
詳,平
徉,平
洋,平
烊,平
鍚,平
𩋬,平
輰,平
敭,平
瘍,平
鴹,平
鰑,平
鸉,平
禓,平
𥂸,平
𦭵,平
𦍹,平
翔,平
庠,平
祥,平
𨀘,平
𦍙,平
良,平
梁,平
粱,平
粮,平
糧,平
凉,平
蜋,平
椋,平
䝶,平
綡,平
𣄴,平
䣼,平
輬,平
香,平
薌,平
鄉,平
膷,平
商,平
𧶜,平
𥏻,平
殤,平
觴,平
蔏,平
𪄲,平
螪,平
䵮,平
䵼,平
塲,平
𤳈,平
房,平
坊,平
魴,平
方,平
肪,平
鴋,平
章,平
漳,平
樟,平
慞,平
璋,平
彰,平
麞,平
獐,平
鄣,平
蔁,平
𪅂,平
𩌬,平
暲,平
昌,平
裮,平
猖,平
閶,平
琩,平
鯧,平
菖,平
羌,平
猐,平
𡸓,平
蜣,平
薑,平
𧅁,平
畺,平
疆,平
壃,平
畕,平
㹔,平
繮,平
韁,平
殭,平
礓,平
橿,平
姜,平
䗵,平
僵,平
萇,平
腸,平
場,平
䠆,平
㙊,平
䗅,平
餦,平
粻,平
禳,平
𣀮,平
鑲,平
𨟚,平
瀼,平
𩆶,平
獽,平
儴,平
蘘,平
䉴,平
鬤,平
勷,平
瓤,平
孃,平
汸,平
蚄,平
枋,平
鈁,平
牥,平
䄱,平
匚,平
襄,平
廂,平
湘,平
緗,平
纕,平
忀,平
驤,平
瓖,平
箱,平
葙,平
漿,平
鱂,平
螿,平
𢪇,平
瘡,平
𠛂,平
亡,平
芒,平
莣,平
鋩,平
硭,平
杗,平
邙,平
𨛌,平
娘,平
牀,平
床,平
莊,平
㽵,平
妝,平
常,平
裳,平
甞,平
嘗,平
鋿,平
𩼝,平
𪄹,平
徜,平
霜,平
鸘,平
孀,平
驦,平
騻,平
牆,平
廧,平
墻,平
檣,平
蘠,平
𤞛,平
鏘,平
瑲,平
槍,平
蹌,平
𨄚,平
斨,平
牄,平
嶈,平
𨶆,平
匡,平
邼,平
筐,平
䖱,平
框,平
恇,平
劻,平
𩬹,平
洭,平
軭,平
眶,平
䒰,平
𩢼,平
蚟,平
𩵭,平
彺,平
央,平
鴦,平
殃,平
䄃,平
鉠,平
霙,平
強,平
䲔,平
𦳝,平
鼚,平
芳,平
淓,平
軖,平
鵟,平
㞷,平
唐,平
啺,平
𥏬,平
煻,平
糖,平
糛,平
堂,平
坣,平
𪕹,平
棠,平
搪,平
蓎,平
瑭,平
餹,平
篖,平
螗,平
𤚫,平
𤛋,平
螳,平
塘,平
鶶,平
𩹶,平
闛,平
赯,平
磄,平
溏,平
䣘,平
傏,平
隚,平
䧜,平
𨶈,平
鎕,平
䉎,平
𨍴,平
橖,平
榶,平
㲥,平
㼺,平
郎,平
蓈,平
稂,平
桹,平
廊,平
鋃,平
硠,平
𪁜,平
䯖,平
𩷕,平
琅,平
瑯,平
狼,平
欴,平
𦵧,平
莨,平
㟍,平
䡙,平
艆,平
駺,平
躴,平
筤,平
𥍫,平
鐺,平
簹,平
襠,平
璫,平
𨎴,平
檔,平
𦡁,平
㼕,平
蟷,平
倉,平
鶬,平
𩀞,平
凔,平
𠥐,平
岡,平
崗,平
剛,平
㓻,平
綱,平
犅,平
堈,平
𤭛,平
牨,平
苀,平
魧,平
迒,平
桑,平
桒,平
𠸶,平
𦅇,平
𩦌,平
康,平
穅,平
糠,平
㱂,平
槺,平
𨻷,平
䗧,平
𥉽,平
漮,平
𤮊,平
躿,平
𥡃,平
肓,平
衁,平
𩣐,平
𥿼,平
㠵,平
䀮,平
㡆,平
巟,平
𣺬,平
黃,平
皇,平
璜,平
惶,平
遑,平
堭,平
煌,平
餭,平
騜,平
艎,平
簧,平
隍,平
癀,平
𨝴,平
湟,平
徨,平
篁,平
鱑,平
凰,平
偟,平
媓,平
獚,平
蟥,平
韹,平
𨜔,平
䍿,平
䅣,平
𤯷,平
葟,平
趪,平
灮,平
洸,平
胱,平
垙,平
𨎩,平
輄,平
𩧉,平
恍,平
茪,平
僙,平
侊,平
鏜,平
𧼮,平
蝪,平
鼞,平
薚,平
滂,平
鎊,平
霶,平
雱,平
䨦,平
磅,平
𣂆,平
尣,平
尪,平
𪁘,平
佒,平
𧲱,平
㹧,平
眏,平
㰠,平
䐠,平
航,平
筕,平
桁,平
𨁈,平
𦐄,平
杭,平
肮,平
茫,平
恾,平
忙,平
𥐞,平
蘉,平
𡩩,平
臧,平
匨,平
䍧,平
贓,平
囊,平
膀,平
䠙,平
旁,平
篣,平
𨜷,平
䅭,平
騯,平
昂,平
㭿,平
䩕,平
䯑,平
幫,平
縍,平
㨍,平
𨢐,平
鞤,平
庚,平
鶊,平
䢚,平
秔,平
稉,平
粳,平
賡,平
羹,平
𩱧,平
浭,平
坑,平
硎,平
𥉸,平
劥,平
盲,平
蝱,平
𨞚,平
䥰,平
𥭮,平
黌,平
鐄,平
瑝,平
喤,平
鍠,平
䬝,平
䄓,平
𧝒,平
𤮏,平
𪏓,平
𢘌,平
彋,平
閍,平
祊,平
𥛱,平
嗙,平
㔙,平
諻,平
䎕,平
謍,平
嚝,平
觵,平
觥,平
𩃙,平
䍔,平
𣘯,平
彭,平
澎,平
蟚,平
棚,平
䄘,平
𩡕,平
憉,平
輣,平
𨍩,平
脝,平
悙,平
瞠,平
橕,平
樘,平
䟓,平
竀,平
鎗,平
琤,平
傖,平
䚘,平
𩫿,平
鬇,平
崢,平
韺,平
渶,平
鶧,平
英,平
瑛,平
媖,平
楧,平
恲,平
苹,平
泙,平
坪,平
胓,平
蚲,平
驚,平
京,平
荆,平
麠,平
麖,平
鶁,平
明,平
䳟,平
鳴,平
棖,平
澄,平
掁,平
挰,平
憕,平
𩘽,平
榮,平
蠑,平
揘,平
嶸,平
兵,平
兄,平
卿,平
笙,平
牲,平
猩,平
狌,平
鉎,平
甥,平
䴤,平
珄,平
擎,平
勍,平
黥,平
䵞,平
剠,平
鯨,平
樈,平
葝,平
䫆,平
衡,平
䯒,平
洐,平
珩,平
蘅,平
𦣍,平
㲰,平
𠽽,平
獰,平
𥣗,平
𧂘,平
耕,平
鏗,平
銵,平
䡰,平
誙,平
牼,平
𡷨,平
硻,平
㧶,平
䡩,平
硜,平
摼,平
㰢,平
甍,平
𣞑,平
䉚,平
萌,平
氓,平
甿,平
蕄,平
𧂛,平
𥌯,平
捠,平
宏,平
紘,平
紭,平
閎,平
嵤,平
𧮯,平
耾,平
翃,平
浤,平
竑,平
宖,平
鈜,平
吰,平
𥐪,平
莖,平
䪫,平
朾,平
丁,平
玎,平
𠑅,平
𧯫,平
䆸,平
甖,平
罌,平
罃,平
鶯,平
嚶,平
櫻,平
鸚,平
譻,平
鸎,平
褮,平
𠠜,平
𦱊,平
埩,平
鏳,平
崝,平
錚,平
凈,平
棦,平
噌,平
儜,平
薴,平
鬡,平
𧭈,平
鑏,平
䭢,平
嬣,平
怦,平
姘,平
閛,平
𤘾,平
伻,平
弸,平
䍬,平
㛁,平
匉,平
抨,平
砰,平
揈,平
鍧,平
渹,平
𦑟,平
𥕗,平
𢝁,平
繃,平
絣,平
𢆸,平
拼,平
䑫,平
揨,平
𢾊,平
𢿦,平
湞,平
虰,平
䆵,平
䁎,平
䆑,平
泓,平
𨳮,平
㥊,平
庄,平
娙,平
爭,平
箏,平
䋫,平
䱢,平
清,平
圊,平
情,平
晴,平
夝,平
菁,平
鶄,平
蜻,平
晶,平
鼱,平
𣻒,平
旌,平
旍,平
箐,平
𩓨,平
聙,平
盈,平
嬴,平
㜲,平
瀛,平
籝,平
楹,平
贏,平
𤟣,平
䕦,平
𨜏,平
𦝚,平
攍,平
營,平
塋,平
濴,平
嬰,平
瓔,平
纓,平
攖,平
蘡,平
貞,平
楨,平
禎,平
𨜓,平
𨺟,平
檉,平
赬,平
䞓,平
蟶,平
成,平
𢦩,平
城,平
誠,平
宬,平
郕,平
筬,平
珹,平
程,平
酲,平
珵,平
䇸,平
聲,平
征,平
鯖,平
𨢹,平
𦙫,平
鉦,平
怔,平
䋊,平
眐,平
𧘿,平
佂,平
名,平
洺,平
跉,平
栟,平
箳,平
傾,平
𩛿,平
縈,平
䪯,平
𢄋,平
瓊,平
璚,平
煢,平
焭,平
睘,平
惸,平
𢶇,平
藑,平
𡞦,平
赹,平
憌,平
𦽓,平
𦾵,平
𨍶,平
㒌,平
騂,平
𤙡,平
垶,平
觪,平
𦳲,平
𧵣,平
靑,平
巠,平
㓝,平
刑,平
形,平
邢,平
𤬐,平
䣆,平
桯,平
鉶,平
型,平
陘,平
侀,平
鈃,平
㼛,平
𤭓,平
庭,平
停,平
鼮,平
筳,平
亭,平
聤,平
渟,平
𩹇,平
綎,平
㼗,平
𧖧,平
楟,平
㹶,平
𧓴,平
䦺,平
仃,平
叮,平
馨,平
𠷓,平
蛵,平
星,平
曐,平
胜,平
鮏,平
鯹,平
𥠀,平
篂,平
竮,平
甹,平
𢖊,平
艵,平
覮,平
靈,平
霛,平
𩄀,平
𩆜,平
舲,平
齡,平
麢,平
𦏰,平
囹,平
鴒,平
䉁,平
蛉,平
鈴,平
霝,平
醽,平
苓,平
櫺,平
𩆚,平
伶,平
泠,平
瓴,平
𧕅,平
拎,平
刢,平
𧆺,平
𤣘,平
𤫲,平
玲,平
𦉢,平
𩖊,平
㾉,平
聆,平
竛,平
𠄖,平
蘦,平
軨,平
䡼,平
孁,平
𪕌,平
灵,平
𩟃,平
𩵀,平
龗,平
翎,平
閝,平
鹷,平
䴇,平
昤,平
駖,平
𧖜,平
𩆮,平
蕶,平
酃,平
彾,平
䯍,平
呤,平
狑,平
𤣤,平
爧,平
𠱠,平
𦫊,平
澪,平
𥤞,平
秢,平
岭,平
𣬹,平
𩚹,平
紷,平
䉹,平
砱,平
羚,平
姈,平
㸳,平
寧,平
寍,平
䆨,平
𧕝,平
嚀,平
廳,平
䩠,平
鞓,平
䋼,平
𦀚,平
庁,平
冥,平
榠,平
銘,平
鄍,平
䫤,平
螟,平
𧱴,平
猽,平
𥹆,平
瓶,平
缾,平
蛢,平
䶄,平
荓,平
䈂,平
萍,平
蓱,平
郱,平
畊,平
洴,平
熒,平
螢,平
滎,平
扃,平
駉,平
駫,平
坰,平
𪕍,平
𣕄,平
蒸,平
䒱,平
𦚦,平
䕄,平
篜,平
脀,平
承,平
澂,平
懲,平
陵,平
淩,平
夌,平
綾,平
凌,平
𠗲,平
蔆,平
菱,平
䔖,平
㥄,平
鯪,平
崚,平
掕,平
祾,平
𣣋,平
膺,平
𧕄,平
鷹,平
憑,平
淜,平
㵗,平
冫,平
冰,平
掤,平
蠅,平
繩,平
譝,平
憴,平
椉,平
𠅞,平
溗,平
塍,平
塖,平
騬,平
升,平
昇,平
陞,平
仍,平
艿,平
䚮,平
辸,平
礽,平
兢,平
矜,平
𨟃,平
癥,平
繒,平
鄫,平
驓,平
橧,平
竲,平
嶒,平
𨞾,平
爯,平
偁,平
䔷,平
睖,平
磳,平
砯,平
登,平
璒,平
燈,平
簦,平
㲪,平
䔲,平
㽅,平
䳾,平
楞,平
棱,平
稜,平
輘,平
倰,平
僧,平
鬙,平
䒏,平
崩,平
憎,平
曾,平
矰,平
罾,平
熷,平
䎖,平
譄,平
𦼏,平
䒐,平
層,平
䁬,平
朋,平
鵬,平
鬅,平
弘,平
鞃,平
苰,平
肱,平
𩉦,平
薨,平
𠐿,平
𩖉,平
𩙛,平
𤃫,平
騰,平
滕,平
縢,平
藤,平
謄,平
𧈜,平
儯,平
𤻴,平
𥉋,平
恒,平
𢛢,平
搄,平
鼟,平
膯,平
𧰥,平
漰,平
尤,平
𣏞,平
疣,平
肬,平
𪐤,平
沋,平
郵,平
訧,平
憂,平
優,平
瀀,平
𢕶,平
麀,平
𪋎,平
櫌,平
鄾,平
𢆶,平
嚘,平
耰,平
獶,平
𧀥,平
纋,平
㱊,平
劉,平
蒥,平
鶹,平
騮,平
駵,平
疁,平
𥹷,平
流,平
㳅,平
飀,平
榴,平
瑬,平
旒,平
瑠,平
𪕚,平
𤠑,平
𥰣,平
䬟,平
䱖,平
鰡,平
嵧,平
𣠚,平
鎦,平
𦃓,平
𢷶,平
䖻,平
裗,平
𪆱,平
𪎣,平
硫,平
遛,平
䚧,平
鏐,平
秋,平
秌,平
鞧,平
緧,平
𦃈,平
鞦,平
鶖,平
鰍,平
楸,平
萩,平
𪓰,平
䵸,平
蟗,平
䨂,平
猷,平
悠,平
由,平
攸,平
蕕,平
浟,平
𠧷,平
冘,平
邎,平
秞,平
蚰,平
蝣,平
𦳷,平
斿,平
游,平
遊,平
𨒰,平
䚻,平
鮋,平
䱔,平
偤,平
䍃,平
㾞,平
㘥,平
𣔴,平
𧡹,平
𦵵,平
牛,平
遒,平
鮂,平
䎿,平
蝤,平
啾,平
逎,平
𩭓,平
揂,平
揫,平
酋,平
㥢,平
崷,平
鰌,平
煪,平
𧤕,平
脩,平
修,平
羞,平
𩛢,平
𩝧,平
䡭,平
樇,平
抽,平
𢭆,平
㨨,平
婤,平
𥈌,平
惆,平
瘳,平
恘,平
犫,平
犨,平
周,平
州,平
𥺝,平
輖,平
洲,平
賙,平
舟,平
郮,平
讎,平
𣫐,平
𣀓,平
酬,平
醻,平
雔,平
柔,平
鍒,平
㽥,平
騥,平
蝚,平
鰇,平
瑈,平
鶔,平
揉,平
䰆,平
𨛶,平
䐓,平
丘,平
丠,平
蚯,平
邱,平
䬌,平
𡫺,平
鳩,平
𠠳,平
䡂,平
丩,平
勼,平
哹,平
𢯱,平
捜,平
𩜯,平
䬒,平
䤹,平
廋,平
蒐,平
獀,平
𨜛,平
䗏,平
䮟,平
犙,平
䤇,平
𢬆,平
篘,平
醔,平
㮲,平
𥻤,平
鄒,平
郰,平
騶,平
䑼,平
𨃘,平
箃,平
黀,平
愁,平
㵞,平
休,平
貅,平
㹯,平
鵂,平
𩢮,平
㾋,平
庥,平
脙,平
𦜵,平
髤,平
㵻,平
囚,平
泅,平
汓,平
苬,平
躊,平
𢃖,平
𠷎,平
疇,平
紬,平
稠,平
燽,平
薵,平
鯈,平
籌,平
𪆇,平
𪇘,平
怞,平
菗,平
𢤉,平
輈,平
盩,平
譸,平
侜,平
𩢸,平
𧻖,平
𥎻,平
矪,平
𧚍,平
裘,平
仇,平
叴,平
厹,平
求,平
𡨃,平
蛷,平
𧒔,平
逑,平
球,平
璆,平
莍,平
䣇,平
賕,平
殏,平
梂,平
㭝,平
俅,平
䊵,平
絿,平
䜪,平
扏,平
銶,平
𩒮,平
𥭑,平
毬,平
䟵,平
犰,平
𧻱,平
訅,平
釚,平
肍,平
𦬖,平
浮,平
𥰛,平
琈,平
粰,平
䳕,平
罘,平
涪,平
芣,平
蜉,平
烰,平
鉜,平
𡦄,平
𢀼,平
艀,平
䨗,平
謀,平
䱕,平
眸,平
牟,平
侔,平
矛,平
𢦵,平
鍪,平
麰,平
𦭷,平
劺,平
蟊,平
𩭾,平
䋷,平
恈,平
鴾,平
蛑,平
侯,平
矦,平
𥎦,平
帿,平
䫛,平
銗,平
猴,平
糇,平
翭,平
餱,平
喉,平
篌,平
鯸,平
㮢,平
𧮶,平
瘊,平
䗔,平
葔,平
骺,平
䙈,平
謳,平
甌,平
鷗,平
䁱,平
瞘,平
櫙,平
剾,平
鏂,平
膒,平
羺,平
樓,平
𧁾,平
𦎹,平
艛,平
耬,平
髏,平
𤬏,平
廔,平
剅,平
螻,平
鞻,平
遱,平
䩳,平
𩌱,平
𩮶,平
摗,平
𠘂,平
𡠼,平
彄,平
𢂁,平
夠,平
齁,平
𪅺,平
𣠏,平
偷,平
鍮,平
鋀,平
頭,平
㓱,平
投,平
𪎨,平
骰,平
𣪌,平
㢏,平
𪁞,平
鉤,平
𠛎,平
溝,平
褠,平
緱,平
篝,平
𥴴,平
𪓟,平
㗕,平
𤫱,平
䑦,平
兠,平
侸,平
吺,平
篼,平
𥆖,平
𧢗,平
𧯠,平
𩮷,平
裒,平
𩚭,平
箁,平
呣,平
幽,平
呦,平
𧍘,平
虯,平
觩,平
觓,平
𤙠,平
彪,平
樛,平
𠃚,平
𦭺,平
淲,平
飍,平
烋,平
侵,平
𢔀,平
駸,平
䜷,平
𥍯,平
綅,平
尋,平
𢒫,平
鐔,平
潯,平
鱏,平
樳,平
鄩,平
𨼔,平
𦠅,平
𩖣,平
枔,平
撏,平
灊,平
鬵,平
𦅀,平
林,平
琳,平
淋,平
痳,平
箖,平
瀶,平
霖,平
琛,平
棽,平
䑣,平
𥉨,平
綝,平
郴,平
賝,平
鍼,平
𪈁,平
箴,平
葴,平
瑊,平
鱵,平
㘰,平
沉,平
𤘣,平
莐,平
霃,平
鈂,平
碪,平
砧,平
椹,平
枮,平
諶,平
愖,平
忱,平
煁,平
瘎,平
㽸,平
壬,平
紝,平
䛘,平
𦸂,平
淫,平
霪,平
婬,平
𥮍,平
蟫,平
𢓕,平
𨟏,平
㸒,平
心,平
𦁍,平
𨊳,平
杺,平
愔,平
韾,平
兓,平
埐,平
𩀿,平
𪖼,平
𩻛,平
𩷒,平
嶜,平
梣,平
𣜣,平
䤁,平
䋻,平
琴,平
㩒,平
捦,平
擒,平
黔,平
禽,平
芩,平
𨙽,平
檎,平
㕋,平
鵭,平
澿,平
庈,平
雂,平
黚,平
䅾,平
耹,平
靲,平
欽,平
菳,平
衾,平
嶔,平
訡,平
䪩,平
崟,平
荶,平
碞,平
乑,平
歆,平
嬜,平
㽎,平
金,平
今,平
黅,平
衿,平
襟,平
䘳,平
㦗,平
𪑙,平
音,平
陰,平
瘖,平
霠,平
䜾,平
䤃,平
森,平
曑,平
蔘,平
薓,平
襳,平
𥥿,平
穼,平
岑,平
涔,平
㞥,平
𣠟,平
𩅨,平
簪,平
㻸,平
嵾,平
𥤇,平
覃,平
𨝸,平
曇,平
藫,平
𧽼,平
燂,平
壜,平
眈,平
𦗡,平
𩡝,平
𧂗,平
蕁,平
㽑,平
驂,平
南,平
男,平
楠,平
抩,平
䶲,平
𤱣,平
諳,平
䳺,平
腤,平
菴,平
馣,平
含,平
䈄,平
筨,平
梒,平
䤴,平
函,平
𩔞,平
蜬,平
𣹢,平
鋡,平
𤭙,平
𠥴,平
䶃,平
圅,平
䨡,平
𩄙,平
𠗴,平
婪,平
惏,平
燷,平
嵐,平
葻,平
啉,平
蠶,平
𥸢,平
鐕,平
探,平
貪,平
酖,平
妉,平
媅,平
龕,平
𢦟,平
𩑟,平
堪,平
𤯌,平
㟏,平
𩈣,平
馠,平
𣢺,平
谽,平
𡬖,平
𡪶,平
毿,平
䌠,平
䜙,平
𡪁,平
談,平
郯,平
錟,平
痰,平
餤,平
𥰨,平
㶣,平
甘,平
柑,平
苷,平
泔,平
𤯎,平
媣,平
儋,平
聸,平
頕,平
弎,平
𢁘,平
鬖,平
藍,平
襤,平
䰐,平
㩜,平
籃,平
𩈵,平
𪇖,平
儖,平
坩,平
舑,平
聃,平
𨈭,平
㘱,平
䔜,平
㴂,平
𦸁,平
慙,平
慚,平
酣,平
甝,平
魽,平
炶,平
姏,平
蚶,平
歛,平
塩,平
𣡶,平
閻,平
壛,平
阽,平
檐,平
簷,平
櫩,平
𣡞,平
㶄,平
𪂈,平
㿕,平
廉,平
鐮,平
鎌,平
𩄡,平
㡘,平
簾,平
薕,平
匳,平
籨,平
𥖝,平
蠊,平
䆂,平
𨎷,平
𣀃,平
鬑,平
覝,平
𥑁,平
暹,平
𦃌,平
韱,平
纖,平
孅,平
䯹,平
彡,平
𢘁,平
籤,平
僉,平
𠠃,平
㡨,平
詹,平
瞻,平
蟾,平
噡,平
厃,平
棎,平
𡝫,平
㾆,平
妗,平
𢛈,平
𢃔,平
𩓾,平
蚺,平
呥,平
𧦦,平
蛅,平
袡,平
黏,平
粘,平
䬯,平
炎,平
霑,平
𪏉,平
崦,平
醃,平
𨦄,平
尖,平
殲,平
瀸,平
虃,平
熸,平
䇝,平
鑯,平
𩃔,平
𤎢,平
箝,平
鉗,平
𢁮,平
拑,平
羬,平
鳹,平
鈐,平
懕,平
𨣻,平
燅,平
𤍙,平
燖,平
𦢨,平
䕭,平
𢸧,平
㰊,平
𢅮,平
𪏂,平
誗,平
添,平
黇,平
𩬑,平
敁,平
佔,平
𦕒,平
甜,平
恬,平
湉,平
菾,平
𦳇,平
熑,平
濓,平
燫,平
謙,平
縑,平
鶼,平
𥻧,平
蒹,平
𦋰,平
鰜,平
嫌,平
鮎,平
拈,平
馦,平
㾾,平
䵌,平
㽐,平
咸,平
鹹,平
醎,平
𩤥,平
諴,平
椷,平
㮀,平
輱,平
緘,平
玪,平
尲,平
黬,平
𪒹,平
攕,平
檆,平
杉,平
櫼,平
𩁺,平
𨏪,平
𩌰,平
嵒,平
𧇱,平
麙,平
㺂,平
𧬌,平
㰹,平
𧍧,平
𧮰,平
䩂,平
䩇,平
鵮,平
喃,平
獑,平
饞,平
毚,平
㺥,平
𪗂,平
攙,平
𪖎,平
𢽝,平
酁,平
𢽣,平
厱,平
𠔺,平
銜,平
巖,平
𡆑,平
衫,平
縿,平
芟,平
穇,平
礛,平
𨂝,平
嚴,平
䉷,平
杴,平
㿌,平
𥟕,平
凡,平
𦨲,平
柉,平
𣢲,平
董,上
箽,上
懂,上
䵔,上
𧄓,上
𤾬,上
曚,上
懵,上
孔,上
㪌,上
𥳺,上
桶,上
捅,上
緫,上
揔,上
𢝰,上
㢔,上
蓯,上
𩱛,上
𨍈,上
澒,上
𧋔,上
𠳃,上
汞,上
滃,上
暡,上
勜,上
䐥,上
塕,上
𤌏,上
琫,上
菶,上
𦂌,上
竉,上
攏,上
𢤱,上
嗊,上
𢦅,上
動,上
𨔝,上
姛,上
唪,上
埲,上
腫,上
踵,上
歱,上
㣫,上
喠,上
寵,上
埫,上
隴,上
壠,上
㙙,上
擁,上
𢶜,上
宂,上
𡦼,上
䢇,上
𣭲,上
氄,上
軵,上
𤘺,上
𪕎,上
𨍷,上
𢝆,上
冢,上
塚,上
奉,上
捧,上
勇,上
恿,上
涌,上
甬,上
踊,上
慂,上
𧻹,上
塎,上
悀,上
埇,上
蛹,上
𧗴,上
尰,上
瘇,上
𢡹,上
拱,上
鞏,上
孓,上
𢪒,上
㤨,上
𢸁,上
㼦,上
㧬,上
䡗,上
䱋,上
巩,上
栱,上
悚,上
竦,上
慫,上
聳,上
𦄼,上
㩳,上
駷,上
愯,上
傱,上
䙕,上
詾,上
覂,上
𢇫,上
𪁪,上
䏵,上
𨿿,上
𢃭,上
𢃓,上
講,上
傋,上
耩,上
㭋,上
棒,上
玤,上
𢗒,上
蚌,上
蜯,上
䎧,上
慃,上
項,上
缿,上
𢞡,上
紙,上
帋,上
軹,上
枳,上
咫,上
扺,上
𣲵,上
坁,上
抧,上
恀,上
䅩,上
䳅,上
是,上
諟,上
徥,上
𤜣,上
䟗,上
靡,上
𨇻,上
𪎓,上
骳,上
𡬍,上
彼,上
㗗,上
柀,上
𠐌,上
毀,上
燬,上
檓,上
毇,上
𥶵,上
𠷏,上
譭,上
㩓,上
烜,上
𡢕,上
骫,上
跪,上
𣄲,上
詭,上
陒,上
䣀,上
䤥,上
觤,上
恑,上
蛫,上
祪,上
庪,上
䃽,上
庋,上
𪀗,上
姽,上
佹,上
髓,上
嶲,上
䭉,上
𣿂,上
絫,上
樏,上
䉂,上
厽,上
技,上
剞,上
綺,上
婍,上
螘,上
蟻,上
礒,上
齮,上
艤,上
檥,上
㠖,上
䰙,上
蔿,上
儰,上
𤾸,上
𤺉,上
薳,上
寪,上
蘂,上
蕊,上
繠,上
此,上
跐,上
佌,上
泚,上
𩢑,上
𠈈,上
𧺼,上
豸,上
陊,上
阤,上
䚦,上
廌,上
徙,上
壐,上
璽,上
𢇌,上
肔,上
崺,上
扡,上
邐,上
峛,上
躧,上
𩎉,上
纚,上
縰,上
𢔌,上
俾,上
髀,上
𠬈,上
𢳋,上
爾,上
尒,上
邇,上
𨒛,上
渳,上
弭,上
濔,上
芈,上
敉,上
侎,上
葞,上
蝆,上
䦵,上
㥝,上
婢,上
庳,上
侈,上
𡚼,上
㢋,上
㢁,上
垑,上
㶴,上
袳,上
𧰲,上
弛,上
豕,上
紫,上
訿,上
𣸆,上
呰,上
㧗,上
捶,上
𦓝,上
沝,上
揣,上
㪜,上
𤢍,上
舓,上
𦧇,上
舐,上
諀,上
庀,上
疕,上
䚹,上
撱,上
𤼒,上
跬,上
䞨,上
頍,上
䠑,上
狔,上
旎,上
抳,上
硊,上
頠,上
𧛢,上
𪖪,上
菙,上
㥨,上
旨,上
指,上
恉,上
䛗,上
厎,上
茋,上
美,上
媺,上
𤛎,上
渼,上
媄,上
鄙,上
娝,上
痞,上
兕,上
𧰽,上
𠒅,上
𠒃,上
䒨,上
𪊨,上
麂,上
㞦,上
䢳,上
𤜝,上
㞛,上
𡛷,上
秭,上
妣,上
秕,上
朼,上
軌,上
簋,上
晷,上
厬,上
𣷾,上
宄,上
匭,上
㔲,上
氿,上
𧗝,上
洧,上
鮪,上
痏,上
矢,上
𠂕,上
𦳊,上
雉,上
滍,上
死,上
牝,上
履,上
水,上
壘,上
櫐,上
蘽,上
𡻭,上
藟,上
誄,上
讄,上
𤢹,上
揆,上
踓,上
𨿐,上
癸,上
否,上
圮,上
𢁦,上
䤏,上
𢻹,上
㠑,上
嚭,上
𡺮,上
䲊,上
瀢,上
㨊,上
㰻,上
噿,上
黹,上
𢾫,上
夂,上
𧿲,上
跽,上
止,上
畤,上
沚,上
洔,上
茝,上
趾,上
址,上
阯,上
芷,上
市,上
恃,上
喜,上
蟢,上
紀,上
己,上
妀,上
𠮯,上
以,上
㠯,上
苡,上
苢,上
攺,上
似,上
佀,上
祀,上
𥘰,上
禩,上
姒,上
耜,上
𦓨,上
汜,上
泤,上
鈶,上
𪊍,上
史,上
耳,上
駬,上
䋙,上
𪕔,上
里,上
裏,上
鯉,上
李,上
理,上
娌,上
俚,上
𨛋,上
枲,上
𤟧,上
葸,上
𠪙,上
始,上
歭,上
跱,上
峙,上
痔,上
㣥,上
庤,上
起,上
邔,上
杞,上
屺,上
玘,上
芑,上
士,上
仕,上
𣐈,上
𢨪,上
戺,上
竢,上
涘,上
騃,上
𥾩,上
𥏳,上
𢓪,上
子,上
㜽,上
虸,上
耔,上
秄,上
梓,上
杍,上
矣,上
𦮸,上
擬,上
𥣖,上
齒,上
恥,上
祉,上
𠟴,上
欼,上
㱀,上
滓,上
笫,上
胏,上
䔂,上
𠂔,上
伱,上
聻,上
尾,上
斖,上
浘,上
䞔,上
䅏,上
䬿,上
扆,上
偯,上
庡,上
豈,上
穖,上
斐,上
朏,上
悱,上
𩦎,上
奜,上
䨽,上
匪,上
篚,上
棐,上
榧,上
䕁,上
韙,上
煒,上
暐,上
偉,上
瑋,上
葦,上
椲,上
韡,上
𩘚,上
愇,上
𢯷,上
鬼,上
𤈦,上
𩃾,上
虫,上
顗,上
𪖥,上
磈,上
嵔,上
膹,上
陫,上
䒈,上
篽,上
籞,上
圉,上
敔,上
圄,上
䥏,上
禦,上
蘌,上
吕,上
膂,上
旅,上
𥰠,上
祣,上
穭,上
梠,上
儢,上
侣,上
㭚,上
郘,上
絽,上
𢈚,上
佇,上
竚,上
芧,上
苧,上
紵,上
杼,上
羜,上
眝,上
与,上
𢌱,上
䰞,上
煑,上
陼,上
渚,上
汝,上
肗,上
𪏮,上
暑,上
鼠,上
黍,上
𧑓,上
癙,上
杵,上
貯,上
𡪄,上
𢁼,上
褚,上
𤲑,上
䍆,上
詝,上
䘢,上
醑,上
糈,上
𥚩,上
楮,上
柠,上
籹,上
許,上
鄦,上
巨,上
拒,上
秬,上
距,上
𧣒,上
炬,上
粔,上
𧇽,上
虡,上
鉅,上
苣,上
駏,上
𦊐,上
歫,上
䶙,上
所,上
𠩄,上
齭,上
盨,上
䝪,上
礎,上
齼,上
𪓐,上
憷,上
濋,上
俎,上
齟,上
跙,上
𧽟,上
𩩘,上
舉,上
莒,上
櫸,上
筥,上
𧺹,上
弆,上
柜,上
䢹,上
𠢈,上
敘,上
緒,上
序,上
漵,上
抒,上
嶼,上
鱮,上
𨣦,上
𥎗,上
𧉧,上
野,上
墅,上
𥅗,上
俁,上
噳,上
禹,上
宇,上
㝢,上
瑀,上
祤,上
栩,上
鄅,上
楀,上
萭,上
䣁,上
聥,上
䨞,上
甫,上
脯,上
斧,上
俯,上
府,上
腑,上
黼,上
莆,上
𧉊,上
俌,上
㕮,上
父,上
𥒰,上
蚥,上
武,上
舞,上
儛,上
嫵,上
侮,上
㒇,上
珷,上
碔,上
廡,上
𢋑,上
甒,上
潕,上
鵡,上
䳇,上
娬,上
䒉,上
𤍍,上
輔,上
䩉,上
𩒺,上
腐,上
𩾿,上
滏,上
䭸,上
㾈,上
鬴,上
釜,上
䪔,上
撫,上
𢻬,上
弣,上
𠛺,上
拊,上
䋨,上
剖,上
䌗,上
𠟌,上
柱,上
跓,上
嵀,上
詡,上
𠳲,上
珝,上
喣,上
豎,上
竪,上
裋,上
庾,上
窳,上
𥦠,上
愈,上
㼌,上
貐,上
斞,上
主,上
麈,上
枓,上
宔,上
傴,上
齲,上
踽,上
竘,上
拄,上
丶,上
𪐴,上
乳,上
窶,上
貗,上
籔,上
矩,上
榘,上
䅓,上
𦐛,上
椇,上
取,上
縷,上
嶁,上
漊,上
𪈜,上
㜢,上
𦳭,上
䅡,上
䝒,上
𧱛,上
姥,上
莽,上
䥈,上
媽,上
峔,上
土,上
芏,上
杜,上
靯,上
𡍨,上
𢾖,上
肚,上
𥀁,上
荰,上
魯,上
櫓,上
虜,上
擄,上
𢲸,上
樐,上
艣,上
鐪,上
蓾,上
𧀦,上
鹵,上
㔪,上
鏀,上
䲐,上
覩,上
睹,上
暏,上
賭,上
堵,上
帾,上
㕆,上
古,上
皷,上
鼓,上
瞽,上
股,上
𦙶,上
罟,上
蠱,上
估,上
鈷,上
羖,上
𦍩,上
詁,上
牯,上
夃,上
焸,上
𠒂,上
𥂩,上
五,上
午,上
旿,上
伍,上
仵,上
部,上
粗,上
駔,上
祖,上
珇,上
組,上
䔃,上
靻,上
虎,上
琥,上
滸,上
𨛵,上
萀,上
䗂,上
隖,上
塢,上
䃖,上
𢄓,上
溩,上
䛩,上
𧽋,上
䡧,上
𥯶,上
弩,上
努,上
𧉭,上
戸,上
楛,上
扈,上
怙,上
鄠,上
帍,上
祜,上
昈,上
𡻮,上
岵,上
𩿇,上
𪄮,上
𨛸,上
𡜂,上
滬,上
簄,上
普,上
浦,上
烳,上
補,上
譜,上
𩶆,上
鱭,上
禮,上
礼,上
𥴡,上
𦫈,上
澧,上
醴,上
鱧,上
鱺,上
𩽵,上
欚,上
豊,上
體,上
軆,上
䪆,上
挮,上
𣈡,上
䫌,上
䍤,上
夘,上
邸,上
底,上
䏄,上
抵,上
牴,上
觝,上
弤,上
㪆,上
軧,上
䑯,上
㼵,上
禰,上
嬭,上
苨,上
𩋪,上
𦰫,上
坭,上
𩯨,上
薾,上
檷,上
𩍦,上
洗,上
皉,上
啓,上
棨,上
綮,上
䭬,上
闙,上
启,上
㒅,上
䡔,上
𥰥,上
𦩶,上
𧨍,上
匸,上
𥉐,上
米,上
眯,上
䋛,上
洣,上
蔝,上
䱊,上
陛,上
䯗,上
㙄,上
𤙞,上
𠈺,上
𠯋,上
晲,上
𤽊,上
蟹,上
䲒,上
獬,上
澥,上
嶰,上
𨼬,上
買,上
嘪,上
蕒,上
鷶,上
䒓,上
𧳋,上
㚷,上
矲,上
䥯,上
㔥,上
矮,上
㢊,上
躷,上
擺,上
捭,上
檞,上
𠁥,上
枴,上
㧳,上
夥,上
箉,上
拐,上
駭,上
駴,上
𠢲,上
𥏪,上
𤶗,上
𧡋,上
挨,上
賄,上
𧶅,上
䏨,上
燘,上
猥,上
腲,上
鍡,上
㛱,上
𥓔,上
㱬,上
㞇,上
𨝀,上
磥,上
磊,上
癗,上
𡾋,上
㵽,上
𡼊,上
蕾,上
𨻾,上
𦢏,上
頛,上
陮,上
𨯝,上
𦶏,上
辠,上
罪,上
浼,上
潣,上
挴,上
䜸,上
骽,上
腿,上
脮,上
㟎,上
㱣,上
㞂,上
瘣,上
㱱,上
廆,上
輠,上
㚍,上
𦞙,上
䇏,上
𡑈,上
餒,上
娞,上
𩗔,上
鮾,上
㼏,上
𩬳,上
隗,上
䃬,上
皠,上
𣿒,上
𣿓,上
漼,上
璀,上
𥼺,上
䊫,上
琲,上
𢳁,上
嶊,上
洅,上
海,上
醢,上
愷,上
凱,上
颽,上
塏,上
暟,上
輆,上
宰,上
䏁,上
殆,上
待,上
怠,上
迨,上
𨽿,上
紿,上
軩,上
𠷂,上
乃,上
迺,上
改,上
絠,上
亥,上
㧡,上
𥩲,上
啡,上
采,上
採,上
綵,上
寀,上
彩,上
㥒,上
等,上
𢮇,上
俖,上
㘆,上
疓,上
𨦂,上
䑂,上
𦚪,上
倍,上
蓓,上
軫,上
胗,上
疹,上
㐱,上
鬒,上
槇,上
紾,上
𦕑,上
裖,上
眕,上
䪾,上
𠘱,上
腎,上
祳,上
脤,上
㰮,上
鋠,上
忍,上
荵,上
涊,上
矤,上
矧,上
訠,上
哂,上
弞,上
頣,上
僯,上
紖,上
䀕,上
眹,上
緊,上
𦜌,上
𤷌,上
盡,上
㯸,上
髕,上
臏,上
𪙤,上
听,上
笉,上
窘,上
僒,上
㖥,上
㻒,上
菌,上
䐃,上
蔨,上
蜠,上
𢎢,上
蚓,上
廴,上
戭,上
縯,上
愍,上
慜,上
憫,上
閔,上
敏,上
敃,上
暋,上
簢,上
𥴲,上
𦌡,上
𨏵,上
鰵,上
𤿕,上
僶,上
黽,上
䟨,上
刡,上
𨍌,上
䐇,上
殞,上
磒,上
隕,上
霣,上
准,上
尹,上
䪳,上
允,上
狁,上
馻,上
玧,上
𡴞,上
𧉃,上
筍,上
笋,上
𠣬,上
隼,上
箰,上
簨,上
𥯗,上
𣕍,上
蝡,上
蠢,上
𢧨,上
䐏,上
踳,上
惷,上
𦚧,上
偆,上
僢,上
𢾎,上
盾,上
吮,上
耣,上
𦓾,上
𣯍,上
𦃢,上
𤿳,上
賰,上
吻,上
𦝮,上
刎,上
𦮶,上
粉,上
黺,上
憤,上
𢤬,上
鱝,上
弅,上
惲,上
藴,上
褞,上
賱,上
齳,上
齫,上
夽,上
喗,上
𧼐,上
抎,上
䫟,上
𪏚,上
𦄐,上
磤,上
𤻘,上
䌥,上
櫽,上
嶾,上
乚,上
𨏈,上
謹,上
𪏴,上
㹏,上
槿,上
𡎸,上
漌,上
巹,上
𧯷,上
菦,上
𧤛,上
𣐽,上
赾,上
䘆,上
𠒜,上
𩔃,上
偃,上
㫃,上
鶠,上
匽,上
鼴,上
蝘,上
鰋,上
湕,上
𥍹,上
㔓,上
蹇,上
寋,上
楗,上
𠐻,上
𧥛,上
𧥜,上
巘,上
𪗛,上
幰,上
攇,上
䜢,上
晚,上
挽,上
㝃,上
䡊,上
阪,上
坂,上
返,上
橎,上
婉,上
苑,上
踠,上
䖤,上
畹,上
倇,上
𩌑,上
䘼,上
夗,上
𩎺,上
晼,上
𤗍,上
䅚,上
䊎,上
𪐂,上
暅,上
咺,上
𧡩,上
軬,上
混,上
鯶,上
焜,上
倱,上
棍,上
䚠,上
𨡫,上
䧰,上
掍,上
翉,上
忖,上
𢩭,上
刌,上
本,上
畚,上
𤲙,上
笨,上
㡷,上
苯,上
損,上
䐣,上
𠟃,上
撙,上
噂,上
譐,上
䔿,上
僔,上
穩,上
𡁋,上
囤,上
𥫱,上
𩩌,上
𧞢,上
衮,上
緄,上
鯀,上
輥,上
蓘,上
丨,上
䃂,上
畽,上
𤊯,上
吨,上
閫,上
壼,上
稇,上
裍,上
悃,上
㤻,上
獖,上
㨧,上
体,上
㶧,上
𦃕,上
很,上
墾,上
懇,上
䫀,上
旱,上
𡷛,上
皔,上
䓍,上
䛞,上
亶,上
𤺺,上
担,上
坦,上
䦔,上
𢽳,上
𢿨,上
饊,上
糤,上
鏾,上
傘,上
𢄻,上
蜑,上
誕,上
潬,上
䩥,上
繵,上
膻,上
瓉,上
禶,上
笴,上
簳,上
皯,上
䵟,上
𤿊,上
稈,上
秆,上
仠,上
𦼮,上
衦,上
𥾍,上
嬾,上
懶,上
𥻂,上
𥽭,上
蔊,上
焊,上
緩,上
澣,上
浣,上
㬊,上
棵,上
𧶲,上
鰀,上
嵈,上
晥,上
䈠,上
短,上
𢭃,上
𢷖,上
椀,上
盌,上
䝹,上
疃,上
𤲫,上
瘓,上
䠪,上
算,上
匴,上
篹,上
管,上
筦,上
脘,上
輨,上
䩪,上
䗆,上
卵,上
款,上
歀,上
欵,上
窾,上
煗,上
㬉,上
暖,上
餪,上
纂,上
纉,上
儹,上
籫,上
繤,上
𦆈,上
㚘,上
滿,上
𢟮,上
𥲈,上
鏋,上
粄,上
䉽,上
䬳,上
瓪,上
昄,上
𩋦,上
緞,上
坢,上
𧺾,上
版,上
板,上
蝂,上
鈑,上
䩆,上
拃,上
䎒,上
赧,上
𩈶,上
㫱,上
戁,上
僩,上
橌,上
睆,上
睅,上
𪍺,上
鯇,上
皖,上
魬,上
矕,上
𪘪,上
𪗙,上
㹽,上
撰,上
産,上
簅,上
摌,上
㹌,上
嵼,上
滻,上
㦃,上
𥽽,上
𩥮,上
限,上
硍,上
䁂,上
䦘,上
𥇅,上
簡,上
㶕,上
僴,上
𧟉,上
柬,上
暕,上
剗,上
丳,上
䐮,上
㟞,上
嶘,上
轏,上
𠊩,上
眼,上
醆,上
琖,上
盞,上
𧣴,上
銑,上
跣,上
毨,上
箲,上
筅,上
㭠,上
𦭶,上
𩶤,上
腆,上
痶,上
圢,上
淟,上
𤲖,上
錪,上
靦,上
㥏,上
琠,上
蚕,上
䠄,上
𨆁,上
賟,上
晪,上
典,上
蕇,上
𩒝,上
𥮏,上
殄,上
跈,上
繭,上
絸,上
蠒,上
𥀹,上
𢆞,上
𡘸,上
垷,上
筧,上
襺,上
𢺃,上
挸,上
𢹕,上
峴,上
臔,上
哯,上
顈,上
䵤,上
睍,上
㦓,上
顯,上
韅,上
抮,上
𣊡,上
㨠,上
丏,上
撚,上
蹨,上
匾,上
𦄒,上
𥤓,上
惼,上
碥,上
糄,上
泫,上
鉉,上
琄,上
埍,上
𦇏,上
䩙,上
䧎,上
𨊼,上
𩉥,上
𡿨,上
畎,上
𤰝,上
詃,上
羂,上
汱,上
辮,上
艑,上
𪉱,上
㲢,上
𤻶,上
𩩯,上
犬,上
𥧬,上
蜸,上
齞,上
獮,上
𤣗,上
𥙮,上
尟,上
癬,上
𤐨,上
𧕇,上
蘚,上
演,上
𧍢,上
𧊔,上
踐,上
俴,上
𤷃,上
𧗸,上
㣤,上
展,上
㞡,上
搌,上
㠭,上
㜊,上
𧎰,上
𦗢,上
𠟉,上
樿,上
𩕊,上
䆄,上
䡀,上
䁴,上
𥊳,上
橏,上
㔊,上
𨭖,上
嫸,上
𨋚,上
𠬝,上
闡,上
䵐,上
幝,上
𨼒,上
灛,上
𦆀,上
䭤,上
𥳐,上
𠳋,上
𨺫,上
𩝡,上
謇,上
搴,上
𢷘,上
𢵈,上
𦂇,上
𡾰,上
藆,上
𩽜,上
善,上
譱,上
墠,上
鱓,上
蟺,上
墡,上
磰,上
𪍶,上
翦,上
剪,上
揃,上
戩,上
𦺍,上
𥰸,上
𥳟,上
㨵,上
㒄,上
輦,上
𪍦,上
𤒤,上
璉,上
鄻,上
摙,上
膦,上
齴,上
遃,上
嵃,上
𤫣,上
件,上
鑳,上
辯,上
𧦪,上
辡,上
緬,上
沔,上
汅,上
湎,上
愐,上
𩋠,上
勔,上
𢃮,上
褊,上
㦚,上
𧕣,上
雋,上
隽,上
𤺻,上
𦼱,上
䁵,上
鴘,上
兖,上
渷,上
沇,上
𢯻,上
抁,上
萒,上
㕣,上
𦁙,上
𩘍,上
𡡗,上
𣓧,上
菤,上
𨹵,上
埢,上
輭,上
軟,上
㮕,上
䓴,上
碝,上
䞂,上
耎,上
𢘎,上
㞋,上
緛,上
舛,上
喘,上
荈,上
腨,上
𡭐,上
𦺲,上
篆,上
瑑,上
䧘,上
堟,上
𨷱,上
𡇰,上
𦌻,上
𥶷,上
𩔊,上
𩻝,上
𢣑,上
免,上
勉,上
俛,上
鮸,上
冕,上
𨩪,上
蕆,上
𧈪,上
䩶,上
篠,上
筱,上
𩵌,上
𧩮,上
皎,上
璬,上
䥵,上
㿟,上
皦,上
恔,上
晈,上
䘨,上
儌,上
鳥,上
𢁕,上
釕,上
䄪,上
𠄏,上
了,上
镽,上
鄝,上
䑠,上
爒,上
𢄺,上
𥗀,上
𤁸,上
𧘈,上
䠷,上
曉,上
皢,上
杳,上
窈,上
偠,上
騕,上
𩡻,上
𨱧,上
㫏,上
鴢,上
婹,上
㫐,上
䆞,上
𡧮,上
苭,上
嬲,上
嫋,上
𨲂,上
㒟,上
褭,上
㜵,上
䃵,上
𢴶,上
㵿,上
𦯪,上
𠄔,上
窕,上
𤕷,上
𤱩,上
誂,上
䂽,上
䂪,上
劋,上
㭂,上
𧂈,上
小,上
𩵖,上
䒕,上
肇,上
肁,上
兆,上
趙,上
旐,上
狣,上
䍮,上
垗,上
𠧞,上
沼,上
䈃,上
殀,上
芺,上
仸,上
巐,上
䒚,上
𨙹,上
擾,上
𢹎,上
遶,上
𤛾,上
𧳨,上
𢹰,上
鰾,上
顠,上
𩮳,上
膘,上
𦭼,上
𪍑,上
麨,上
眧,上
縹,上
醥,上
皫,上
眇,上
渺,上
𦳥,上
淼,上
杪,上
秒,上
吵,上
紹,上
綤,上
袑,上
䙼,上
矯,上
鱎,上
䚩,上
敽,上
𥃧,上
𨝰,上
表,上
𧘝,上
𧞧,上
䔸,上
褾,上
𧢄,上
㟽,上
𦳤,上
𠬪,上
㰶,上
㹾,上
𧴎,上
鷕,上
溔,上
𦥨,上
𩨴,上
䁘,上
悄,上
愀,上
釥,上
𠞰,上
𠟯,上
漅,上
𤃭,上
𨲭,上
𢻢,上
䩍,上
闄,上
䲾,上
㺒,上
䕧,上
䀊,上
飽,上
𩝰,上
𩛁,上
卯,上
戼,上
泖,上
昴,上
茆,上
絞,上
狡,上
攪,上
𢯴,上
𥂔,上
𢽻,上
爪,上
㕚,上
䝖,上
瑵,上
𢁬,上
𦬔,上
拗,上
𢂊,上
𥃯,上
狕,上
鮑,上
𡂟,上
齩,上
㑿,上
煼,上
𩱦,上
𤌉,上
炒,上
𩱈,上
䝤,上
𢾐,上
晧,上
昊,上
昦,上
暭,上
鎬,上
顥,上
灝,上
夰,上
薃,上
𨛴,上
𧇼,上
𥢑,上
抱,上
老,上
轑,上
䕩,上
栳,上
𣠼,上
𩔇,上
恅,上
𡂕,上
䵏,上
討,上
𡘷,上
道,上
衟,上
𡬲,上
稻,上
𣜦,上
堖,上
𠜶,上
惱,上
碯,上
㺁,上
𧳦,上
㛴,上
㛮,上
嫂,上
㛐,上
燥,上
擣,上
搗,上
㠀,上
禂,上
䮻,上
壔,上
草,上
艸,上
懆,上
騲,上
𠹊,上
愺,上
早,上
澡,上
藻,上
薻,上
𧎮,上
蚤,上
䲃,上
璪,上
璅,上
棗,上
繅,上
皁,上
𦯑,上
暠,上
杲,上
藳,上
槀,上
菒,上
𥓖,上
寶,上
珤,上
保,上
𡥀,上
堢,上
堡,上
褓,上
緥,上
鴇,上
葆,上
駂,上
䎂,上
宲,上
賲,上
𠤏,上
襖,上
䴠,上
媪,上
㤇,上
郩,上
䯠,上
𪁾,上
考,上
攷,上
栲,上
槁,上
洘,上
燺,上
丂,上
𦽀,上
𩑤,上
哿,上
舸,上
𥰮,上
嚲,上
䯬,上
䫂,上
褨,上
柁,上
舵,上
𣵻,上
我,上
騀,上
㧴,上
㰁,上
𩝢,上
砢,上
㦬,上
曪,上
𣂞,上
𠻡,上
橠,上
娜,上
㡅,上
𢄴,上
㪃,上
可,上
岢,上
𨵌,上
𣘨,上
㫊,上
𧙃,上
,上
果,上
菓,上
猓,上
蜾,上
惈,上
䴹,上
粿,上
埵,上
挆,上
𦀉,上
朵,上
朶,上
綞,上
鍺,上
𨹄,上
䤪,上
𩊜,上
鎖,上
瑣,上
溑,上
䈗,上
䵀,上
𩹳,上
𥔭,上
䣔,上
𢱡,上
𧴪,上
垛,上
𤬾,上
𥬲,上
𥳔,上
䤻,上
憜,上
嶞,上
妥,上
橢,上
𨼰,上
鵎,上
麼,上
𣋟,上
懡,上
𡋲,上
㛂,上
裸,上
躶,上
𧝹,上
臝,上
瘰,上
𤼠,上
蓏,上
𢫷,上
駊,上
㝿,上
叵,上
𡽠,上
禍,上
𥚁,上
𡖿,上
𣄸,上
𨘌,上
火,上
邩,上
顆,上
敤,上
爸,上
䂳,上
馬,上
碼,上
𥧓,上
鷌,上
鰢,上
者,上
赭,上
壄,上
也,上
冶,上
雅,上
庌,上
厊,上
㿿,上
檟,上
榎,上
嘏,上
叚,上
斝,上
椵,上
婽,上
瘂,上
𤺘,上
灺,上
䵦,上
丅,上
廈,上
寫,上
𣞐,上
𣬕,上
𡎬,上
乜,上
閜,上
襾,上
社,上
𥁹,上
𣝒,上
跒,上
䇑,上
捨,上
舍,上
䬷,上
𩜉,上
姐,上
飷,上
把,上
踝,上
𡱏,上
𦖍,上
觟,上
𩸄,上
𢦚,上
寡,上
冎,上
剮,上
𣑍,上
𠊰,上
䈑,上
𧤐,上
邷,上
𠰒,上
鮓,上
厏,上
痄,上
奲,上
㨋,上
䰩,上
撦,上
䋾,上
䋈,上
骻,上
㡁,上
銙,上
𢄳,上
䊬,上
𧫝,上
藞,上
癢,上
勨,上
𧓲,上
像,上
象,上
橡,上
襐,上
鱌,上
潒,上
𨖶,上
𦺨,上
嶑,上
㢡,上
獎,上
䉃,上
槳,上
㯍,上
㒳,上
脼,上
𣓈,上
蜽,上
魎,上
㔝,上
鞅,上
柍,上
岟,上
駚,上
炴,上
𧵌,上
紻,上
滰,上
磢,上
㼽,上
𠞮,上
漺,上
想,上
鯗,上
掌,上
仉,上
𤓯,上
𤕤,上
爽,上
𦄍,上
塽,上
樉,上
䫪,上
響,上
饗,上
䖮,上
亯,上
敞,上
𢠵,上
氅,上
𪅶,上
僘,上
繈,上
鏹,上
襁,上
膙,上
憼,上
丈,上
杖,上
㽴,上
鋹,上
獷,上
壤,上
䑋,上
𥗝,上
賞,上
𩞧,上
𩞃,上
髣,上
仿,上
紡,上
鶭,上
䲱,上
网,上
網,上
罔,上
輞,上
棢,上
惘,上
菵,上
誷,上
𡔞,上
𦖉,上
蛧,上
魍,上
昉,上
倣,上
瓬,上
枉,上
𢽃,上
𣢫,上
往,上
怳,上
摤,上
俇,上
臩,上
𠏤,上
逛,上
𩦠,上
傸,上
婸,上
𥯕,上
𢠽,上
愓,上
璗,上
䑗,上
顙,上
𣞙,上
𣡆,上
磉,上
廣,上
牓,上
𣮧,上
髒,上
曩,上
骯,上
䟘,上
𡕬,上
曭,上
偒,上
戃,上
矘,上
爣,上
𣎲,上
㼒,上
㿩,上
茻,上
壾,上
䁳,上
䒎,上
㬒,上
蠎,上
黨,上
讜,上
欓,上
䣣,上
𧅗,上
朗,上
朖,上
誏,上
俍,上
崀,上
坱,上
䇦,上
軮,上
慷,上
𡻚,上
䡉,上
懬,上
㳹,上
瀇,上
晃,上
幌,上
櫎,上
榥,上
滉,上
皝,上
䒍,上
慌,上
𡧽,上
䁜,上
㬻,上
䴚,上
𨟼,上
㽘,上
汻,上
酐,上
𤰟,上
梗,上
挭,上
哽,上
郠,上
綆,上
鯁,上
骾,上
𧋑,上
丙,上
昞,上
炳,上
秉,上
窉,上
苪,上
蛃,上
警,上
景,上
境,上
璥,上
㯳,上
影,上
璟,上
璄,上
䭘,上
摬,上
㲟,上
𠝟,上
𩘑,上
省,上
眚,上
㾪,上
𡞞,上
䚇,上
𨵥,上
㼳,上
渻,上
𨜜,上
永,上
栐,上
𦬺,上
皿,上
𥥊,上
憬,上
囧,上
煚,上
暻,上
杏,上
莕,上
荇,上
猛,上
蜢,上
艋,上
礦,上
鑛,上
𨥥,上
𪍿,上
䵃,上
穬,上
㑟,上
𧚭,上
浻,上
奣,上
打,上
卝,上
澋,上
檸,上
耿,上
𦵸,上
𥉔,上
鼆,上
幸,上
𠂷,上
倖,上
㼬,上
𩶁,上
皏,上
靜,上
睜,上
𩇕,上
靖,上
妌,上
阱,上
竫,上
整,上
逞,上
騁,上
悜,上
睈,上
郢,上
浧,上
梬,上
痙,上
潁,上
穎,上
領,上
嶺,上
袊,上
餅,上
鉼,上
䴵,上
㩩,上
檾,上
苘,上
䔛,上
井,上
𨙷,上
廮,上
癭,上
𣤵,上
𦡺,上
㮐,上
𢜫,上
眳,上
慏,上
徎,上
𣵹,上
迥,上
炯,上
泂,上
𦳖,上
熲,上
𠖷,上
㯋,上
𩚱,上
煛,上
𧍮,上
茗,上
酩,上
姳,上
頂,上
𩠑,上
𩕢,上
奵,上
耵,上
鼎,上
薡,上
酊,上
濎,上
艇,上
鋌,上
梃,上
誔,上
珽,上
脡,上
頲,上
𡈼,上
𤱹,上
䦐,上
汫,上
濙,上
謦,上
𩕳,上
䗿,上
䔭,上
婞,上
涬,上
𢙼,上
緈,上
箵,上
褧,上
剄,上
烴,上
巊,上
𩳍,上
𦊓,上
竝,上
並,上
矨,上
拯,上
撜,上
氶,上
剻,上
肯,上
肎,上
有,上
䳑,上
友,上
㕛,上
䒴,上
柳,上
罶,上
𦊑,上
珋,上
𩖴,上
𪕋,上
綹,上
𨋖,上
紐,上
鈕,上
杻,上
莥,上
𠘯,上
扭,上
𢔟,上
䏔,上
𨙺,上
丑,上
杽,上
肘,上
𤶡,上
朽,上
㱙,上
㽲,上
久,上
九,上
玖,上
韭,上
𡚰,上
𨾉,上
𩠐,上
𦣻,上
手,上
䭭,上
醜,上
𧃝,上
婦,上
䘀,上
負,上
萯,上
蝜,上
阜,上
𨸏,上
𪃓,上
偩,上
𦰺,上
𨹺,上
㷆,上
𧌈,上
缶,上
缹,上
糗,上
楺,上
𥠊,上
韖,上
粈,上
舅,上
齨,上
麔,上
䳎,上
䊆,上
𤷑,上
䛮,上
紂,上
䈙,上
葤,上
酉,上
丣,上
誘,上
𦍶,上
䛻,上
牖,上
槱,上
𥟁,上
莠,上
羑,上
𣣸,上
梄,上
𨣆,上
𦏇,上
受,上
滫,上
糔,上
醙,上
䬀,上
懮,上
酒,上
帚,上
箒,上
鯞,上
晭,上
𧳜,上
𩂆,上
𧌗,上
𥣙,上
𩋄,上
𩌄,上
垕,上
𨒥,上
郈,上
母,上
牡,上
某,上
拇,上
胟,上
𠭇,上
畮,上
畞,上
𤝕,上
𤵝,上
踇,上
𧿹,上
犃,上
䴺,上
篰,上
蔀,上
斗,上
㪷,上
蚪,上
阧,上
陡,上
抖,上
𪌜,上
飳,上
妵,上
黈,上
𩿢,上
蘣,上
斢,上
鈄,上
䱏,上
玽,上
狗,上
垢,上
笱,上
𦊒,上
耇,上
茩,上
敂,上
藕,上
蕅,上
耦,上
㼴,上
㨐,上
㳶,上
𡝦,上
啂,上
𡭾,上
叜,上
叟,上
𠊯,上
𠻛,上
𥈃,上
擻,上
藪,上
𦖪,上
廀,上
吽,上
㸸,上
𤘽,上
䳝,上
毆,上
𠙶,上
塸,上
塿,上
甊,上
𪍣,上
㪹,上
䅹,上
口,上
𤘘,上
釦,上
叩,上
𧥣,上
𨙫,上
䕆,上
𨪐,上
𠁁,上
蚴,上
糾,上
赳,上
寑,上
𡪢,上
寢,上
㾛,上
𡬓,上
𦯈,上
䤐,上
朕,上
𦩗,上
栚,上
顩,上
坅,上
廩,上
㐭,上
懍,上
菻,上
𤎭,上
癛,上
伈,上
踸,上
鍖,上
䫖,上
𡩻,上
䭙,上
荏,上
飪,上
餁,上
䭃,上
稔,上
栠,上
袵,上
䏕,上
䇮,上
棯,上
𢆉,上
腍,上
䪴,上
䫬,上
邥,上
宷,上
審,上
㰂,上
諗,上
魫,上
淰,上
㜤,上
𩶇,上
𧀯,上
葚,上
𣞵,上
瀋,上
墋,上
醦,上
磣,上
拰,上
錦,上
蕈,上
趛,上
瘮,上
稟,上
㱃,上
𤃷,上
品,上
𩖄,上
𩒣,上
感,上
𥸡,上
鱤,上
贑,上
䤗,上
䃭,上
禫,上
䨢,上
黮,上
窞,上
髧,上
萏,上
𧂄,上
𥥦,上
嘾,上
𣛱,上
晻,上
黭,上
唵,上
黤,上
腩,上
湳,上
䈒,上
𦐃,上
揇,上
萳,上
𥁺,上
䏙,上
嗿,上
㣅,上
㔆,上
慘,上
憯,上
黲,上
䫩,上
㜝,上
昝,上
糂,上
糝,上
糣,上
𢕕,上
㧲,上
䊉,上
坎,上
惂,上
輡,上
埳,上
𡣊,上
撼,上
菡,上
欿,上
𢇞,上
𢃗,上
𡻡,上
壈,上
燣,上
𨎹,上
浨,上
醂,上
𠓭,上
漤,上
黕,上
衴,上
丼,上
瓭,上
䉞,上
𥴶,上
敢,上
𠭖,上
𣪏,上
𢽤,上
橄,上
覽,上
擥,上
攬,上
欖,上
罱,上
𦵹,上
菼,上
毯,上
𦃖,上
膽,上
紞,上
䃫,上
黵,上
𪆻,上
噉,上
𥲄,上
㛧,上
𩛎,上
䭕,上
㟛,上
喊,上
𡒓,上
埯,上
揜,上
琰,上
剡,上
𨁹,上
棪,上
燄,上
扊,上
夵,上
䎦,上
䌪,上
撿,上
嬚,上
䭑,上
羷,上
䌞,上
㰈,上
㯬,上
險,上
玁,上
嶮,上
貶,上
𦥘,上
颭,上
𩑳,上
嵰,上
广,上
隒,上
嬐,上
䲓,上
儉,上
芡,上
檢,上
瞼,上
黶,上
𧞣,上
檿,上
厴,上
姌,上
苒,上
𩃵,上
䎃,上
䣸,上
𥬕,上
𡜉,上
陝,上
𧴭,上
覢,上
㴸,上
𡟨,上
諂,上
讇,上
奄,上
𩃗,上
㭺,上
掩,上
渰,上
𣃰,上
𤗎,上
𡹮,上
𥕌,上
蔪,上
𦾶,上
䟅,上
䤔,上
䤘,上
𩟗,上
脥,上
䄼,上
悿,上
點,上
玷,上
㓠,上
䍄,上
簟,上
扂,上
𠂼,上
驔,上
㶘,上
嗛,上
慊,上
膁,上
𤬓,上
鼸,上
㺌,上
𡕢,上
厸,上
儼,上
𠆲,上
㢂,上
𢇘,上
曮,上
𩒥,上
䇜,上
𣃧,上
豏,上
減,上
㺝,上
𡞣,上
𥻇,上
㴴,上
偡,上
㦿,上
𣓅,上
槏,上
鹻,上
𥳒,上
瀺,上
醶,上
斬,上
𧀵,上
𦊔,上
𦌫,上
𠐩,上
旵,上
檻,上
艦,上
壏,上
𥽏,上
𨏊,上
轞,上
豃,上
范,上
範,上
軓,上
笵,上
犯,上
𧍙,上
錽,上
𢨔,上
𦜒,上
凵,上
㧄,上
釩,上
𠑆,上
𨇧,上
送,去
鳳,去
𠤈,去
貢,去
𣹟,去
羾,去
䇨,去
㯯,去
弄,去
𢙱,去
梇,去
哢,去
㢅,去
㳥,去
棟,去
㼯,去
𩭩,去
鞚,去
𤗇,去
糉,去
粽,去
瓮,去
甕,去
𦉥,去
𪖵,去
𧩪,去
愡,去
㓊,去
胴,去
慟,去
駧,去
迵,去
戙,去
𩐵,去
痛,去
仲,去
𩿀,去
諷,去
䛪,去
䠻,去
㝱,去
鄸,去
䠢,去
𧽒,去
䠗,去
賵,去
𣀒,去
𠏭,去
哄,去
閧,去
蕻,去
齈,去
癑,去
銃,去
戇,去
宋,去
綜,去
䝋,去
錝,去
統,去
用,去
誦,去
㡝,去
㙲,去
堹,去
諥,去
瘲,去
𩉪,去
𩼅,去
偅,去
𨉢,去
贚,去
絳,去
𡲣,去
巷,去
衖,去
𢤤,去
𥈄,去
漴,去
肨,去
㦼,去
寘,去
忮,去
伿,去
䚳,去
𢻈,去
𡽆,去
避,去
惴,去
𦥻,去
𦦇,去
詈,去
荔,去
㿛,去
珕,去
𥶾,去
豉,去
𢻃,去
𢐂,去
䩃,去
𧂐,去
𦎸,去
賜,去
𧀩,去
澌,去
𣩠,去
儩,去
杫,去
䞈,去
𢈌,去
貱,去
髲,去
鞁,去
㢰,去
𤿙,去
寄,去
䐀,去
臂,去
芰,去
䝸,去
䛋,去
刾,去
㢀,去
朿,去
㡹,去
𧧒,去
莿,去
庛,去
蛓,去
㑥,去
貤,去
㒾,去
議,去
誼,去
竩,去
𥫃,去
𩈭,去
義,去
譬,去
㵨,去
漬,去
眥,去
㱴,去
髊,去
智,去
𣉻,去
縋,去
膇,去
硾,去
𥞃,去
嚱,去
𢺵,去
𨑤,去
吱,去
縊,去
㱲,去
螠,去
翅,去
𦐊,去
啻,去
卶,去
翨,去
曬,去
僞,去
毁,去
恚,去
㜇,去
睡,去
瑞,去
䄲,去
䅗,去
瀡,去
娷,去
諈,去
瓗,去
䜜,去
贀,去
諉,去
㨅,去
㢻,去
瞡,去
𧙁,去
至,去
摯,去
贄,去
鷙,去
懥,去
䲀,去
𩊝,去
𩊞,去
𢄢,去
位,去
媚,去
魅,去
鬽,去
篃,去
蝞,去
嚜,去
䉋,去
煝,去
遂,去
彗,去
隧,去
襚,去
旞,去
璲,去
檖,去
𣔾,去
𤓫,去
𤎩,去
燧,去
澻,去
䡵,去
鐆,去
鐩,去
穟,去
𦼯,去
蔧,去
𦂁,去
㒸,去
𥝩,去
穗,去
䉌,去
𩏚,去
醉,去
邃,去
祟,去
粹,去
睟,去
𠭥,去
賥,去
譢,去
𢢝,去
類,去
淚,去
𦝭,去
蘱,去
禷,去
祕,去
毖,去
閟,去
轡,去
鄪,去
費,去
䪐,去
粊,去
䉾,去
𡛗,去
匱,去
蕢,去
饋,去
餽,去
𦆠,去
櫃,去
樻,去
簣,去
𩌃,去
濞,去
嚊,去
䑄,去
㿙,去
𦤢,去
淠,去
備,去
俻,去
𤰇,去
𤰈,去
𡚤,去
奰,去
糒,去
犕,去
贔,去
𣖾,去
㣁,去
㸢,去
媿,去
愧,去
聭,去
䁛,去
喟,去
嘳,去
䯣,去
䰎,去
腃,去
䙡,去
尯,去
𨌗,去
豷,去
嗜,去
𩜼,去
利,去
𥝤,去
莅,去
涖,去
痢,去
䚕,去
膩,去
𦡸,去
䣵,去
屁,去
䊧,去
劓,去
致,去
疐,去
𢷐,去
𨆫,去
躓,去
𨎌,去
輊,去
騺,去
䞃,去
𣱐,去
駤,去
棄,去
弃,去
夡,去
㞓,去
蟿,去
緻,去
稚,去
稺,去
𦃘,去
𩹈,去
𠊷,去
𢴧,去
𩋩,去
𦥐,去
寐,去
杘,去
𣐉,去
𦥊,去
冀,去
兾,去
覬,去
穊,去
驥,去
𩥉,去
洎,去
懻,去
臮,去
暨,去
鱀,去
垍,去
塈,去
𣽍,去
悸,去
猤,去
痵,去
𡬄,去
翠,去
二,去
弍,去
貳,去
樲,去
恣,去
𣣌,去
次,去
䳐,去
佽,去
絘,去
𩾔,去
𧊒,去
䯸,去
懿,去
饐,去
㙪,去
欭,去
鷧,去
撎,去
四,去
亖,去
肆,去
𩬶,去
柶,去
泗,去
牭,去
𧳙,去
㣈,去
駟,去
𦞤,去
蕼,去
肂,去
器,去
季,去
鼻,去
𤹝,去
襣,去
䫁,去
痹,去
畀,去
庇,去
萃,去
顇,去
悴,去
㱖,去
䆊,去
瘁,去
地,去
墬,去
㕧,去
屓,去
呬,去
𤡬,去
䨳,去
肄,去
殔,去
㡼,去
勩,去
隶,去
㣇,去
𥿫,去
諡,去
自,去
墜,去
懟,去
𤀷,去
𢣘,去
瞶,去
䗽,去
轛,去
痓,去
䛈,去
㿷,去
㽷,去
𥤼,去
志,去
娡,去
䓌,去
誌,去
痣,去
值,去
𠍜,去
寺,去
嗣,去
孠,去
飤,去
飼,去
蚝,去
螆,去
𧉠,去
笥,去
試,去
弑,去
幟,去
僿,去
胾,去
事,去
剚,去
倳,去
吏,去
字,去
牸,去
茡,去
芓,去
䰡,去
餌,去
𩱓,去
珥,去
衈,去
毦,去
刵,去
佴,去
䎶,去
㛅,去
䏪,去
𦖢,去
𩢲,去
𣳪,去
𧳅,去
𨽄,去
廁,去
異,去
䔬,去
置,去
侍,去
𩛌,去
忌,去
𨙬,去
惎,去
䋟,去
鵋,去
誋,去
梞,去
帺,去
𥭜,去
熾,去
饎,去
𩜮,去
糦,去
𢨒,去
意,去
鷾,去
𠃸,去
䵝,去
記,去
䰯,去
豙,去
㽈,去
唭,去
䀈,去
未,去
味,去
菋,去
𩑵,去
䊊,去
沬,去
鮇,去
𡶎,去
貴,去
胃,去
謂,去
㥜,去
媦,去
𦩝,去
緯,去
彚,去
蝟,去
渭,去
煟,去
𩹂,去
𨾂,去
緭,去
𢍚,去
𦳢,去
魏,去
沸,去
疿,去
鯡,去
㹃,去
𩰾,去
𧙂,去
䛍,去
靅,去
𣙿,去
昲,去
𥽂,去
,去
𧝷,去
㷉,去
慰,去
畏,去
罻,去
犚,去
螱,去
𧕈,去
褽,去
䲁,去
諱,去
芔,去
泋,去
𥝋,去
𤲳,去
狒,去
㵒,去
屝,去
𧕿,去
䨾,去
翡,去
𡌦,去
萉,去
𩇪,去
䠊,去
㔗,去
𧌘,去
黂,去
旣,去
漑,去
𣢆,去
蔇,去
毅,去
𢖫,去
𧅙,去
藙,去
䉨,去
氣,去
炁,去
气,去
盵,去
愾,去
餼,去
䊠,去
鎎,去
𢟪,去
熂,去
黖,去
摡,去
𧱲,去
䮎,去
犔,去
忥,去
䤒,去
御,去
馭,去
慮,去
勴,去
𥶌,去
𠣊,去
鑢,去
𩥆,去
𡾅,去
𦊼,去
據,去
鋸,去
倨,去
踞,去
澽,去
𧣻,去
䱟,去
覰,去
䁦,去
刞,去
蜡,去
鼁,去
𩿟,去
署,去
薯,去
曙,去
恕,去
庶,去
樜,去
㵂,去
箸,去
䬡,去
翥,去
𤳯,去
䭖,去
䘄,去
𢉙,去
𤳐,去
𡻠,去
㫂,去
捒,去
㫹,去
飫,去
𩜏,去
瘀,去
菸,去
棜,去
筯,去
遽,去
勮,去
絮,去
助,去
詛,去
豫,去
預,去
礜,去
悆,去
𣝑,去
蕷,去
穥,去
忬,去
澦,去
𡒊,去
儊,去
䖏,去
𡲁,去
遇,去
寓,去
庽,去
媀,去
𤸒,去
嫗,去
饇,去
𦒸,去
澍,去
尌,去
𠊪,去
住,去
逗,去
附,去
袝,去
賻,去
駙,去
鮒,去
䠵,去
蚹,去
𠪻,去
胕,去
注,去
疰,去
㹥,去
鑄,去
馵,去
註,去
霔,去
㺛,去
䎷,去
祩,去
𠴦,去
䪒,去
蛀,去
屨,去
怐,去
䈮,去
邭,去
昫,去
酗,去
𧏺,去
戍,去
腧,去
𧼯,去
䠼,去
㲓,去
裕,去
䘱,去
諭,去
喻,去
籲,去
𣈯,去
孺,去
𡦗,去
㹘,去
赴,去
䞯,去
訃,去
䟔,去
婏,去
務,去
婺,去
霧,去
騖,去
𦎦,去
䨁,去
𨂣,去
𦆞,去
嵍,去
懼,去
具,去
埧,去
䨒,去
埾,去
付,去
賦,去
傅,去
陚,去
鉒,去
駐,去
軴,去
𨙔,去
壴,去
𤛐,去
䜴,去
䐢,去
䦌,去
𢨸,去
屢,去
𡀿,去
暮,去
慕,去
募,去
墓,去
慔,去
𥰻,去
渡,去
𥯖,去
路,去
露,去
潞,去
輅,去
鷺,去
璐,去
賂,去
簬,去
簵,去
虂,去
𤻱,去
𦌕,去
妒,去
妬,去
秺,去
𤴱,去
㓃,去
蠹,去
螙,去
殬,去
兔,去
鵵,去
顧,去
頋,去
稒,去
故,去
痼,去
固,去
錮,去
㽽,去
鯝,去
䍛,去
棝,去
凅,去
誤,去
悮,去
寤,去
忤,去
啎,去
迕,去
遻,去
晤,去
悟,去
逜,去
窹,去
捂,去
䎸,去
護,去
嫭,去
頀,去
互,去
䇘,去
冱,去
枑,去
䨼,去
韄,去
𧥮,去
𦊂,去
𦬚,去
訴,去
𧪜,去
泝,去
遡,去
素,去
傃,去
嗉,去
膆,去
𤤐,去
塑,去
塐,去
䛾,去
𤢘,去
㨞,去
祚,去
胙,去
阼,去
𧃘,去
𧇣,去
布,去
佈,去
𠜙,去
𧉩,去
噁,去
䜑,去
悑,去
𤸵,去
措,去
醋,去
絝,去
袴,去
庫,去
䔯,去
捕,去
哺,去
步,去
𩣝,去
𨛒,去
𩢕,去
霽,去
䰏,去
䶓,去
穧,去
帝,去
諦,去
嚏,去
蔕,去
螮,去
𦨢,去
䠠,去
骶,去
僀,去
𢰂,去
䟡,去
𤬵,去
偙,去
䩚,去
渧,去
嚌,去
𨣧,去
𪊆,去
替,去
𤾕,去
暜,去
㬱,去
鬀,去
剃,去
戻,去
𣧂,去
楴,去
䎮,去
𡲕,去
达,去
𢝹,去
𧛒,去
殢,去
𣤖,去
𥫵,去
第,去
遰,去
髢,去
禘,去
軑,去
釱,去
棣,去
杕,去
𧫚,去
慸,去
逮,去
砌,去
摖,去
䏅,去
䀙,去
𦕀,去
細,去
𥿳,去
壻,去
詣,去
𢏗,去
羿,去
𦐧,去
睨,去
盻,去
𧡎,去
甈,去
計,去
係,去
繼,去
繫,去
薊,去
髻,去
𨜒,去
檵,去
蘻,去
㲅,去
𦝜,去
系,去
𦃟,去
妎,去
禊,去
慀,去
䦏,去
稧,去
𦩣,去
𢢞,去
曀,去
枍,去
㥷,去
殪,去
瞖,去
医,去
𢟇,去
蘙,去
𧬇,去
殹,去
謎,去
閇,去
嬖,去
箅,去
慧,去
憓,去
潓,去
惠,去
蟪,去
蕙,去
橞,去
繐,去
㩨,去
儶,去
譓,去
鏸,去
𦒎,去
桂,去
昋,去
炔,去
筀,去
罣,去
𤰮,去
𣧎,去
䳏,去
嘒,去
嚖,去
暳,去
媲,去
䠘,去
睥,去
𣹮,去
𠞇,去
𥴬,去
𨢡,去
𣘥,去
㑦,去
隸,去
隷,去
儷,去
𥃏,去
𠠫,去
蜧,去
䓞,去
沴,去
𤃀,去
悷,去
栛,去
丽,去
𣛒,去
𧢮,去
𩘡,去
𣟌,去
𥱻,去
𢤇,去
迡,去
㰥,去
㚛,去
祭,去
際,去
穄,去
鰶,去
𩯷,去
㦣,去
歲,去
櫘,去
𦄑,去
衞,去
軎,去
轊,去
𥶽,去
𧲝,去
𧲔,去
槥,去
讏,去
𤜂,去
芮,去
汭,去
枘,去
笍,去
鈉,去
贅,去
毳,去
韢,去
脃,去
脆,去
帨,去
竁,去
𣃍,去
𧑎,去
㓹,去
㯔,去
𤂳,去
銳,去
銴,去
叡,去
睿,去
䄌,去
卂,去
稅,去
裞,去
涗,去
䬽,去
獘,去
斃,去
幣,去
㡀,去
敝,去
篲,去
鏏,去
𪔊,去
𢅫,去
蔽,去
彆,去
劌,去
𨇙,去
袂,去
痸,去
𤸪,去
𢜳,去
銐,去
𤢻,去
制,去
𠛐,去
𦜗,去
淛,去
製,去
䎺,去
䇽,去
𢝃,去
㝂,去
䱥,去
䀸,去
狾,去
𥍭,去
䭁,去
𤴟,去
迣,去
逝,去
忕,去
觢,去
噬,去
誓,去
𣂯,去
筮,去
簭,去
澨,去
遾,去
𧻸,去
𦚨,去
曵,去
裔,去
𤤺,去
洩,去
𤵺,去
䎈,去
枻,去
詍,去
𢘽,去
靾,去
跇,去
𠂆,去
袣,去
䄿,去
𪀕,去
㵝,去
㑜,去
㛳,去
䇩,去
㹭,去
㵩,去
𢂼,去
呭,去
䕍,去
䋵,去
瘞,去
𦝲,去
䔽,去
藝,去
埶,去
蓺,去
䆿,去
囈,去
槸,去
褹,去
滯,去
彘,去
蹛,去
𦭮,去
𩻼,去
例,去
厲,去
礪,去
勵,去
禲,去
癘,去
㾐,去
濿,去
砅,去
蠣,去
蠇,去
櫔,去
𩧃,去
䮋,去
𥣭,去
𧸱,去
巁,去
犡,去
𢂥,去
𢤆,去
憩,去
𡳅,去
丗,去
勢,去
貰,去
猘,去
𦇧,去
罽,去
𣯅,去
瀱,去
彐,去
蘮,去
㿃,去
𧼪,去
傺,去
䟷,去
𨂰,去
𨮱,去
㓷,去
𥏙,去
䂕,去
泰,去
太,去
汰,去
丐,去
艾,去
𧰿,去
鴱,去
藹,去
壒,去
馤,去
𣋞,去
𣩱,去
𢣏,去
𪕭,去
曖,去
柰,去
奈,去
㲡,去
𩹟,去
渿,去
大,去
䲦,去
𪐝,去
㐲,去
害,去
𢞐,去
帶,去
跢,去
𢄔,去
艜,去
貝,去
沛,去
𨙶,去
鋇,去
䟺,去
狽,去
㸬,去
伂,去
䰽,去
𣬪,去
𥄔,去
𢂏,去
霈,去
浿,去
會,去
䢈,去
𨘇,去
禬,去
繪,去
兊,去
𩊭,去
綐,去
㟋,去
儈,去
膾,去
鱠,去
襘,去
旝,去
巜,去
澮,去
鄶,去
廥,去
䯤,去
䐴,去
𢶒,去
獪,去
最,去
𢃒,去
𧎹,去
𧬨,去
翽,去
鐬,去
渙,去
𥢶,去
酹,去
頪,去
㱻,去
外,去
懀,去
薈,去
䶐,去
瞺,去
䵳,去
蕞,去
𥳣,去
𥕸,去
𣩡,去
𥊴,去
𨅎,去
𥨒,去
旆,去
𥎆,去
𩫀,去
㪡,去
蔡,去
𣞖,去
𪇭,去
賴,去
籟,去
瀨,去
䄤,去
藾,去
𨇆,去
㸊,去
鵣,去
𡂖,去
餀,去
㺔,去
𤵽,去
𩹄,去
駾,去
毻,去
昧,去
枺,去
𦦣,去
卦,去
挂,去
掛,去
詿,去
懈,去
繲,去
廨,去
㾏,去
隘,去
𨽴,去
䅬,去
賹,去
邂,去
賣,去
澅,去
衩,去
㳗,去
訍,去
𧪘,去
睚,去
庍,去
粺,去
稗,去
眦,去
派,去
𠂢,去
𥿯,去
𣏕,去
㵺,去
㭛,去
𣎵,去
𨛖,去
䵘,去
𨢦,去
汛,去
諣,去
㠔,去
膪,去
𢕮,去
怪,去
恠,去
𥑋,去
𦳋,去
𣀤,去
壞,去
𡌪,去
㧔,去
呃,去
瘵,去
𨝋,去
誡,去
戒,去
界,去
介,去
屆,去
疥,去
玠,去
㝏,去
㠹,去
魪,去
尬,去
价,去
䯰,去
䲸,去
芥,去
衸,去
丯,去
𠨴,去
𩡺,去
譮,去
㖑,去
䜕,去
㞒,去
𢗊,去
械,去
䪥,去
薤,去
齘,去
瀣,去
㒠,去
韰,去
𤡧,去
㳦,去
𦗐,去
𢟰,去
𧏹,去
蒯,去
嬇,去
㕟,去
䈛,去
𢷎,去
拜,去
湃,去
𡎯,去
蘾,去
聵,去
𦖥,去
𩔀,去
憊,去
𤸶,去
𣡖,去
𦩋,去
㶔,去
𧱘,去
𧱳,去
躛,去
𣟉,去
𣸎,去
𧜁,去
閷,去
烗,去
𤈪,去
夬,去
快,去
噲,去
璯,去
邁,去
勱,去
佅,去
話,去
敗,去
贁,去
䢙,去
唄,去
嘬,去
䴝,去
𣤌,去
𠽶,去
犗,去
𧜅,去
蠆,去
嗄,去
欬,去
𦤧,去
𦤬,去
砦,去
㕢,去
隊,去
䨴,去
薱,去
憝,去
憞,去
譈,去
鐓,去
䃍,去
䯟,去
𩐌,去
濧,去
佩,去
珮,去
鄁,去
邶,去
偝,去
背,去
㻗,去
苝,去
妹,去
眛,去
痗,去
配,去
誨,去
晦,去
𠧩,去
靧,去
頮,去
秏,去
𩔁,去
詯,去
𣴵,去
對,去
𡭊,去
碓,去
𣝉,去
𠏮,去
淬,去
焠,去
䃀,去
晬,去
祽,去
𪓌,去
綷,去
夎,去
𩲄,去
退,去
𢓴,去
𨓤,去
𡯵,去
憒,去
簂,去
䈐,去
𪏤,去
蔮,去
潰,去
繢,去
殨,去
闠,去
䛛,去
塊,去
凷,去
碎,去
𤭢,去
繀,去
内,去
纇,去
攂,去
䒹,去
𥣬,去
𡔇,去
銇,去
錑,去
輩,去
代,去
岱,去
黛,去
黱,去
埭,去
𡍖,去
帒,去
袋,去
甙,去
𨠾,去
靆,去
再,去
𨚵,去
𩛥,去
䵧,去
賽,去
簺,去
𢞝,去
貸,去
態,去
曃,去
槩,去
𠌰,去
㧉,去
慨,去
嘅,去
礙,去
硋,去
閡,去
愛,去
㤅,去
𥴨,去
薆,去
璦,去
㤥,去
耐,去
螚,去
戴,去
賚,去
睞,去
勑,去
䚅,去
菜,去
埰,去
棌,去
䐆,去
酨,去
廢,去
癈,去
𤼺,去
𥳊,去
䉬,去
砩,去
肺,去
杮,去
穢,去
薉,去
獩,去
饖,去
䮹,去
吠,去
𩵥,去
鼣,去
喙,去
𤸁,去
𣨶,去
餯,去
顪,去
刈,去
乂,去
㲼,去
㣻,去
𩾘,去
䖊,去
䢃,去
震,去
挋,去
𩒉,去
䟴,去
䳲,去
信,去
訊,去
訙,去
迅,去
囟,去
顖,去
𤜢,去
刃,去
認,去
肕,去
韌,去
仞,去
軔,去
牣,去
杒,去
訒,去
𢂻,去
䀼,去
𦙍,去
酳,去
𣌾,去
洕,去
𨋙,去
遴,去
吝,去
悋,去
閵,去
𥳞,去
粦,去
藺,去
轥,去
䗲,去
𠄈,去
䉮,去
𦺸,去
甐,去
𧶆,去
𧖔,去
𤌎,去
㔂,去
躙,去
擯,去
殯,去
鬢,去
𧸈,去
陣,去
𨳌,去
愼,去
昚,去
抻,去
菣,去
賮,去
燼,去
㶳,去
藎,去
壗,去
憗,去
猌,去
垽,去
晉,去
㬜,去
搢,去
縉,去
䗯,去
進,去
枃,去
瑨,去
𦎷,去
衅,去
釁,去
舋,去
瑱,去
僅,去
覲,去
殣,去
瑾,去
饉,去
㝻,去
廑,去
𠞱,去
歏,去
櫬,去
嚫,去
䞋,去
襯,去
儭,去
印,去
鮣,去
𩂥,去
疢,去
𨷚,去
呁,去
稕,去
𦽑,去
盹,去
𡺲,去
峻,去
濬,去
浚,去
陖,去
埈,去
鵕,去
𢏤,去
𧸩,去
晙,去
迿,去
殉,去
徇,去
侚,去
𢓈,去
儁,去
俊,去
餕,去
畯,去
駿,去
𪕞,去
寯,去
𤮪,去
舜,去
䑞,去
蕣,去
瞬,去
瞚,去
鬊,去
閠,去
潤,去
䏰,去
順,去
問,去
璺,去
紊,去
莬,去
運,去
暈,去
䩵,去
韗,去
鄆,去
䲰,去
韻,去
䚋,去
訓,去
爋,去
瀵,去
糞,去
𥽒,去
𡊅,去
拚,去
僨,去
奮,去
㱵,去
愠,去
攈,去
捃,去
䝍,去
郡,去
秎,去
焮,去
𦜓,去
靳,去
㧆,去
劤,去
懚,去
檼,去
𤔌,去
㡥,去
願,去
𩕾,去
傆,去
愿,去
販,去
畈,去
劵,去
勸,去
萬,去
蟃,去
𨞼,去
䝡,去
𦂔,去
贎,去
䡬,去
𩚳,去
閞,去
𥹇,去
㶗,去
𧉤,去
嬔,去
㽹,去
𨠒,去
𡗹,去
𣀔,去
㤆,去
𠠵,去
㪻,去
汳,去
建,去
旔,去
傿,去
㰽,去
𡙷,去
憲,去
𧾨,去
瀗,去
楥,去
楦,去
𩋢,去
健,去
𤬝,去
鬳,去
卛,去
慁,去
溷,去
圂,去
頓,去
扽,去
巽,去
𩕧,去
潠,去
𠹀,去
遜,去
愻,去
困,去
𣏔,去
涃,去
嫩,去
媆,去
䭡,去
悶,去
鐏,去
臶,去
栫,去
𦪚,去
璭,去
㴫,去
𧬪,去
謴,去
鈍,去
鶨,去
𩔂,去
寸,去
䍎,去
坌,去
𣴞,去
諢,去
溣,去
𩯄,去
恨,去
艮,去
茛,去
䭓,去
扞,去
螒,去
垾,去
釬,去
悍,去
瀚,去
閈,去
𤿧,去
駻,去
雗,去
䏷,去
㢨,去
㲦,去
𩹼,去
炭,去
歎,去
湠,去
𣁗,去
㛶,去
按,去
案,去
洝,去
晏,去
荌,去
䅁,去
旦,去
鴠,去
𢘇,去
㡺,去
憚,去
旰,去
榦,去
倝,去
幹,去
杆,去
𧹳,去
盰,去
骭,去
𣵼,去
𢁗,去
岸,去
䮗,去
㷳,去
𡹼,去
喭,去
𨲊,去
偘,去
漢,去
𤳉,去
𡅽,去
𤅩,去
䎯,去
爛,去
爤,去
𢒞,去
糷,去
鑭,去
𦍀,去
粲,去
㛑,去
燦,去
璨,去
薒,去
𪆶,去
𢿱,去
賛,去
讃,去
饡,去
灒,去
𡳋,去
㜺,去
攅,去
𣧻,去
換,去
逭,去
𩁧,去
肒,去
䯘,去
漶,去
䀓,去
𤴯,去
惋,去
腕,去
𦞿,去
捥,去
矔,去
祼,去
館,去
瓘,去
鑵,去
𤼐,去
灌,去
雚,去
鸛,去
樌,去
鏆,去
爟,去
遦,去
悺,去
竄,去
鑹,去
爨,去
殩,去
玩,去
貦,去
翫,去
妧,去
段,去
毈,去
椴,去
亂,去
𢿢,去
𤔔,去
鍛,去
腶,去
碫,去
瑖,去
彖,去
褖,去
湪,去
喚,去
嚾,去
煥,去
奐,去
𥈉,去
筭,去
蒜,去
笇,去
祘,去
縵,去
幔,去
漫,去
𢿜,去
䝢,去
半,去
絆,去
靽,去
姅,去
𩢔,去
㪵,去
𠯘,去
判,去
泮,去
頖,去
沜,去
眫,去
冸,去
牉,去
叛,去
𡞟,去
畔,去
𪋐,去
諫,去
澗,去
鐧,去
鴈,去
鳫,去
雁,去
贋,去
偐,去
𤜵,去
騴,去
䁙,去
鴳,去
鷃,去
𦌔,去
䴮,去
娨,去
慢,去
嫚,去
㾺,去
贃,去
𩈬,去
患,去
𢠶,去
宦,去
豢,去
槵,去
繯,去
慣,去
丱,去
摜,去
串,去
㝈,去
涮,去
篡,去
薍,去
𧮺,去
襻,去
䴼,去
㬄,去
襇,去
間,去
𨣇,去
𧙧,去
莧,去
粯,去
瓣,去
辦,去
釆,去
𥌊,去
幻,去
蔄,去
綻,去
䋎,去
霰,去
䨘,去
㪇,去
𢊰,去
軐,去
𥰳,去
蒨,去
茜,去
輤,去
倩,去
䛹,去
棈,去
𢂺,去
𧚫,去
䑶,去
篟,去
絢,去
夐,去
㧦,去
讂,去
袨,去
炫,去
衒,去
𧗳,去
䝮,去
𩑹,去
瓹,去
䣺,去
𦌾,去
懁,去
䡓,去
獧,去
狷,去
㢾,去
電,去
殿,去
奠,去
澱,去
淀,去
甸,去
𪑩,去
壂,去
睼,去
練,去
浰,去
鍊,去
楝,去
㼑,去
鰊,去
萰,去
堜,去
湅,去
𣿊,去
㪝,去
𣞰,去
𤗛,去
見,去
鋻,去
㬗,去
㯠,去
現,去
硯,去
研,去
𨁍,去
鷰,去
醼,去
讌,去
嚥,去
㬫,去
溎,去
酀,去
𥉛,去
薦,去
𧲛,去
麫,去
麵,去
㴐,去
𡧍,去
𩈹,去
𥻩,去
片,去
䏒,去
㸤,去
荐,去
洊,去
𨷓,去
䬼,去
裫,去
噮,去
肙,去
唸,去
𠿍,去
𩎌,去
線,去
綫,去
戰,去
顫,去
繕,去
擅,去
膳,去
饍,去
䄠,去
𤮜,去
𦉕,去
彥,去
唁,去
諺,去
這,去
譴,去
䪈,去
絹,去
鄄,去
㯞,去
䚈,去
瑗,去
褑,去
面,去
釧,去
掾,去
縁,去
𢐄,去
䬇,去
𩥇,去
𧝑,去
箭,去
𥳭,去
葥,去
榗,去
傓,去
𧎥,去
𦶋,去
𥰢,去
眷,去
睠,去
桊,去
帣,去
飬,去
䖭,去
𥸭,去
倦,去
𣜨,去
襈,去
淃,去
戀,去
變,去
𥆊,去
卞,去
抃,去
弁,去
𡭪,去
汴,去
昪,去
匥,去
䒪,去
㺹,去
忭,去
縼,去
𢳄,去
䍻,去
𤂿,去
䠣,去
繏,去
渲,去
籑,去
𤩄,去
𠨎,去
賤,去
羡,去
騗,去
𢮛,去
叀,去
碾,去
囀,去
𤹨,去
𥛁,去
徧,去
遍,去
嘯,去
歗,去
熽,去
糶,去
粜,去
眺,去
覜,去
鋽,去
絩,去
伄,去
瘹,去
釣,去
窵,去
叫,去
訆,去
譥,去
噭,去
嘂,去
𨎬,去
尿,去
㞙,去
藋,去
莜,去
𥁮,去
竅,去
𢵿,去
𩕐,去
𦌒,去
炓,去
獟,去
𪖐,去
𠹑,去
窔,去
𥦒,去
𢿿,去
𥬇,去
㗛,去
肖,去
韒,去
照,去
炤,去
詔,去
𨹸,去
燿,去
摇,去
覞,去
𧡷,去
耀,去
曜,去
矅,去
㞁,去
𣤦,去
筄,去
趭,去
艞,去
讑,去
召,去
邵,去
劭,去
𠣫,去
䬰,去
卲,去
嶠,去
㬓,去
䏇,去
勡,去
誚,去
妙,去
玅,去
陗,去
峭,去
㴥,去
俏,去
帩,去
𪑊,去
𤊽,去
療,去
𠿕,去
㢗,去
㚁,去
𧇠,去
𥛲,去
釂,去
潐,去
𥡤,去
䂃,去
廟,去
庿,去
驃,去
裱,去
俵,去
效,去
効,去
校,去
斅,去
俲,去
𣱓,去
敎,去
𢼂,去
窖,去
酵,去
𡥈,去
珓,去
孝,去
𡦳,去
罩,去
䈇,去
䍜,去
豹,去
𧭤,去
𢖔,去
䫉,去
貌,去
䡚,去
𢂹,去
𢅉,去
奅,去
抛,去
皰,去
礮,去
稍,去
潲,去
𣕇,去
𨛍,去
𦓴,去
棹,去
櫂,去
㷹,去
淖,去
𠆴,去
閙,去
癄,去
靤,去
縐,去
耖,去
仯,去
觘,去
𦨖,去
靿,去
袎,去
㑃,去
𩳔,去
号,去
𤩭,去
㙱,去
𧬁,去
𡠖,去
導,去
悼,去
蹈,去
盜,去
䆃,去
𠺛,去
䊭,去
到,去
𤓾,去
誥,去
𣝏,去
傲,去
鏊,去
奡,去
帽,去
耄,去
𦹾,去
𤣽,去
𩿂,去
𢯾,去
覒,去
㲝,去
䋃,去
僗,去
癆,去
𣟽,去
慥,去
糙,去
鄵,去
虣,去
菢,去
𤔣,去
報,去
𢲵,去
奥,去
𩟇,去
䜒,去
𩼈,去
喿,去
譟,去
噪,去
瘙,去
㿋,去
髞,去
𢤁,去
𩝝,去
犒,去
靠,去
竈,去
躁,去
趮,去
箇,去
个,去
個,去
賀,去
𧝂,去
袔,去
㵑,去
佐,去
𠡃,去
袏,去
邏,去
𧟌,去
㿚,去
餓,去
拖,去
㳀,去
𩟂,去
俰,去
挫,去
㪙,去
𡱼,去
㾧,去
唾,去
毤,去
𧝍,去
播,去
𢿥,去
譒,去
剉,去
莝,去
䃺,去
破,去
座,去
臥,去
𢯽,去
貨,去
䙃,去
𧱫,去
䇔,去
𢺑,去
䌴,去
𠏢,去
㛆,去
刴,去
挅,去
䐝,去
侉,去
涴,去
禡,去
榪,去
鬕,去
𧪨,去
傌,去
駕,去
稼,去
嫁,去
架,去
𢱈,去
價,去
𢉤,去
𦙺,去
亞,去
俹,去
𣇩,去
㰳,去
稏,去
𦜖,去
婭,去
䢝,去
覀,去
罅,去
𧫒,去
㙤,去
迓,去
訝,去
犽,去
砑,去
詫,去
𧬮,去
吒,去
灹,去
䒲,去
𨶃,去
詐,去
𨢧,去
榨,去
乍,去
䄍,去
𧧻,去
謝,去
榭,去
㴬,去
髂,去
𩩱,去
疴,去
𧩶,去
𠳌,去
暇,去
褯,去
躤,去
䤳,去
䣠,去
夜,去
鵺,去
䞣,去
卸,去
䉣,去
柘,去
鷓,去
嗻,去
蔗,去
唶,去
舎,去
赦,去
涻,去
厙,去
䠶,去
霸,去
𧟶,去
弝,去
欛,去
靶,去
灞,去
垻,去
帊,去
摦,去
㕦,去
鳠,去
化,去
𩲏,去
𩵏,去
杹,去
誜,去
𤝡,去
𩹏,去
𦫙,去
𥝧,去
䏧,去
𦔯,去
坬,去
䖳,去
攨,去
䠚,去
漾,去
恙,去
羕,去
㨾,去
䭐,去
㺊,去
亮,去
諒,去
悢,去
𣄵,去
䁁,去
䀶,去
狀,去
讓,去
懹,去
餉,去
向,去
𤵼,去
珦,去
帳,去
脹,去
痮,去
悵,去
暢,去
鬯,去
韔,去
䩨,去
𧀄,去
畼,去
𥠴,去
𥇔,去
䦳,去
萫,去
𧬰,去
釀,去
𥽬,去
匠,去
䞪,去
𪀘,去
㢓,去
嶂,去
瘴,去
壯,去
弶,去
唱,去
𪛋,去
剏,去
醬,去
𨡰,去
𨟻,去
𨋕,去
訪,去
妄,去
忘,去
𧫢,去
況,去
况,去
𣍦,去
貺,去
誑,去
㤮,去
𠉫,去
臦,去
旺,去
舫,去
𨾔,去
唴,去
𥇉,去
羻,去
誆,去
宕,去
逿,去
𦿆,去
𡇈,去
埌,去
䕞,去
蒗,去
𡵙,去
葬,去
徬,去
𨌄,去
譡,去
瓽,去
擋,去
闣,去
閌,去
犺,去
伉,去
𪎵,去
謗,去
𨫖,去
曠,去
矌,去
壙,去
纊,去
儾,去
㚂,去
𠷔,去
擴,去
䤑,去
暎,去
敬,去
竟,去
鏡,去
獍,去
競,去
𥪰,去
倞,去
曔,去
慶,去
命,去
病,去
𡊞,去
孟,去
柄,去
棅,去
鈵,去
寎,去
詠,去
咏,去
泳,去
醟,去
絎,去
㵾,去
㡧,去
𩏠,去
牚,去
𧻓,去
鋥,去
𥊼,去
䂻,去
貹,去
䛭,去
𥥈,去
諍,去
迸,去
䨻,去
䙬,去
鞕,去
硬,去
勁,去
凊,去
政,去
証,去
聖,去
鄭,去
㽀,去
遉,去
靗,去
性,去
姓,去
聘,去
娉,去
敻,去
摒,去
偋,去
庰,去
淨,去
靚,去
𩓞,去
墭,去
晟,去
詺,去
𣢝,去
𩈡,去
徑,去
逕,去
𠲮,去
𩰹,去
桱,去
寗,去
佞,去
踁,去
定,去
掟,去
錠,去
矴,去
飣,去
𦘭,去
顁,去
罄,去
𥥻,去
磬,去
掅,去
䒌,去
𢣙,去
瀅,去
證,去
孕,去
䵴,去
賸,去
媵,去
㑞,去
膡,去
𣎜,去
嵊,去
剰,去
芿,去
譍,去
噟,去
甑,去
䰝,去
𩱭,去
䙢,去
臖,去
嬹,去
蕂,去
榺,去
𪒘,去
𪑬,去
靐,去
秤,去
覴,去
嶝,去
鐙,去
隥,去
凳,去
𧀆,去
𩞬,去
磴,去
贈,去
𪒟,去
亘,去
堩,去
揯,去
䱎,去
𥔂,去
蹭,去
𠟂,去
鄧,去
蹬,去
𣩟,去
䮴,去
𢅴,去
䲛,去
𨮒,去
𧀧,去
𥦜,去
踜,去
𡬙,去
宥,去
又,去
佑,去
祐,去
酭,去
𩑣,去
𤴨,去
姷,去
忧,去
䞥,去
侑,去
𦳩,去
救,去
廐,去
究,去
疚,去
𠣿,去
𧧷,去
𨖏,去
胄,去
冑,去
𩊄,去
酎,去
宙,去
籀,去
伷,去
䛆,去
駎,去
晝,去
狩,去
獸,去
臭,去
岫,去
𥥉,去
袖,去
牰,去
齅,去
嘼,去
珛,去
呪,去
舊,去
柩,去
匶,去
𤸃,去
瘦,去
漱,去
皺,去
㾭,去
甃,去
簉,去
䔏,去
遚,去
富,去
溜,去
霤,去
㙀,去
廇,去
畂,去
𥛅,去
塯,去
㽌,去
秀,去
繡,去
僦,去
䅢,去
媨,去
驟,去
僽,去
就,去
鷲,去
㠇,去
糅,去
𩚖,去
𢕒,去
𨺅,去
狖,去
貁,去
鼬,去
𤍕,去
褎,去
𪕏,去
授,去
㖟,去
售,去
𪖛,去
䞭,去
𠋫,去
鮜,去
逅,去
訽,去
堠,去
䞧,去
䞀,去
𣣠,去
𡨥,去
鷇,去
𡠆,去
簆,去
瞉,去
茂,去
貿,去
鄮,去
戊,去
愗,去
袤,去
懋,去
姆,去
苺,去
𦼪,去
𠔼,去
㰴,去
豆,去
竇,去
酘,去
荳,去
脰,去
梪,去
餖,去
浢,去
䄈,去
毭,去
𩊪,去
𤀨,去
㛒,去
鬥,去
鬭,去
闘,去
䛠,去
𧱦,去
斣,去
䬦,去
鎒,去
𣫌,去
譳,去
瘶,去
奏,去
咅,去
㰯,去
䟝,去
𧺢,去
𠹝,去
遘,去
構,去
媾,去
覯,去
姤,去
購,去
䝭,去
雊,去
彀,去
𤚼,去
㝤,去
搆,去
煹,去
䃓,去
𢄇,去
輳,去
腠,去
湊,去
𪉮,去
楱,去
𧱪,去
陋,去
漏,去
屚,去
𦸢,去
𧷡,去
𨫒,去
𣤋,去
𧫞,去
蔻,去
豞,去
䪷,去
佝,去
䠫,去
幼,去
謬,去
𧾻,去
沁,去
𠖶,去
吣,去
䈜,去
𡫏,去
𥧲,去
妊,去
絍,去
衽,去
鴆,去
㼉,去
𦧈,去
䶖,去
𤘡,去
𦨽,去
紟,去
鈙,去
齽,去
㯲,去
賃,去
蔭,去
窨,去
𤸌,去
癊,去
滲,去
闖,去
𧡬,去
譖,去
讖,去
揕,去
㓄,去
𠐼,去
侺,去
𪔰,去
𢊖,去
勘,去
䘓,去
𧗀,去
𪉯,去
磡,去
紺,去
憾,去
琀,去
浛,去
䐄,去
暗,去
闇,去
僋,去
㐁,去
䐺,去
憛,去
俕,去
閐,去
㤾,去
䫅,去
謲,去
㽩,去
𤁡,去
䀍,去
馾,去
𩈉,去
𩾺,去
𤃨,去
𩞿,去
瞰,去
𣊟,去
𪉿,去
𨣨,去
㜮,去
賧,去
𪊇,去
𪉧,去
舕,去
𪉦,去
𤎡,去
腅,去
暫,去
蹔,去
豔,去
艶,去
焰,去
𢴵,去
灩,去
贍,去
𢜰,去
窆,去
驗,去
𣄝,去
掞,去
壍,去
塹,去
嬱,去
殮,去
𧸘,去
䠨,去
韂,去
㙴,去
俺,去
㮇,去
念,去
𦁇,去
店,去
䃸,去
䆎,去
磹,去
㼭,去
趝,去
僭,去
䱤,去
傔,去
釅,去
姭,去
𤬯,去
𦲯,去
陷,去
蘸,去
站,去
𣳤,去
𧸖,去
譧,去
𨼮,去
䪌,去
懺,去
摲,去
𤮭,去
覱,去
釤,去
㣌,去
㒈,去
湴,去
㽉,去
䀀,去
𥁔,去
劔,去
欠,去
㐸,去
𦑎,去
㛪,去
䛳,去
覎,去
屋,入
𡲃,入
𦤼,入
剭,入
𨜘,入
𪑱,入
䑁,入
獨,入
黷,入
讟,入
髑,入
䫳,入
殰,入
讀,入
櫝,入
牘,入
儥,入
㾄,入
贕,入
碡,入
䢱,入
䮷,入
皾,入
𤟩,入
韣,入
瓄,入
瀆,入
𨽍,入
豄,入
韇,入
嬻,入
犢,入
𪇆,入
㒔,入
匵,入
穀,入
糓,入
轂,入
榖,入
濲,入
谷,入
瑴,入
𪇗,入
𣨍,入
𪕸,入
䜼,入
𧣡,入
䐨,入
𤞞,入
𥆌,入
䀰,入
唂,入
縠,入
槲,入
斛,入
螜,入
𧂔,入
礐,入
觳,入
蔛,入
𣫈,入
𣹬,入
䶜,入
㽇,入
䈸,入
焀,入
哭,入
㲉,入
𪍠,入
䧊,入
䵈,入
㲄,入
𣫓,入
秃,入
𣬜,入
𢬳,入
鵚,入
𣫔,入
啄,入
䐁,入
𡰪,入
𧞐,入
𢽴,入
竺,入
剢,入
速,入
遬,入
𧫣,入
蔌,入
餗,入
𩱖,入
𨄞,入
樕,入
𣫎,入
㑛,入
梀,入
𪋝,入
藗,入
殐,入
𡖯,入
棴,入
禄,入
鹿,入
漉,入
渌,入
觻,入
睩,入
䚄,入
龣,入
𨏔,入
轆,入
㼾,入
𦪇,入
琭,入
簏,入
箓,入
螰,入
䍡,入
麓,入
㯟,入
碌,入
盝,入
𥂖,入
䮽,入
磟,入
簶,入
𧌍,入
娽,入
𥉶,入
摝,入
𥛞,入
𦌟,入
𥂇,入
𤽺,入
廘,入
角,入
𥪋,入
彔,入
濼,入
鏕,入
趢,入
䎑,入
𨌠,入
㪖,入
𩅄,入
蔍,入
嗀,入
豰,入
熇,入
𦞦,入
𧹲,入
㷤,入
嚛,入
族,入
鑿,入
瘯,入
䃚,入
趗,入
簇,入
鏃,入
鎐,入
䗱,入
㲫,入
僕,入
䑑,入
𥐁,入
菐,入
𡕡,入
穙,入
扑,入
醭,入
墣,入
𥣜,入
𪔿,入
攴,入
撲,入
𪐙,入
䴆,入
卜,入
濮,入
䧤,入
轐,入
𡡐,入
獛,入
蹼,入
纀,入
襆,入
𩯏,入
䪁,入
鳪,入
木,入
沐,入
毣,入
霂,入
𨍎,入
艒,入
楘,入
蚞,入
腹,入
幅,入
𠋩,入
葍,入
蝠,入
𥳇,入
鶝,入
踾,入
輹,入
偪,入
楅,入
𦿁,入
虙,入
服,入
𦨈,入
茯,入
馥,入
鵩,入
蕧,入
𨋩,入
澓,入
洑,入
箙,入
𩋟,入
𨌥,入
𪃃,入
𩢰,入
𥨍,入
复,入
畐,入
𩊙,入
𩎧,入
菔,入
匐,入
鰒,入
栿,入
縮,入
莤,入
𩘹,入
樎,入
謖,入
䎘,入
蹜,入
摍,入
𧐴,入
摵,入
六,入
陸,入
戮,入
剹,入
稑,入
穋,入
鵱,入
𦾷,入
𩣱,入
鯥,入
𦸐,入
𧌉,入
淕,入
䡜,入
坴,入
𡴆,入
踛,入
𥚊,入
逐,入
軸,入
舳,入
鱁,入
𧏿,入
筑,入
蓫,入
䮱,入
篴,入
菊,入
鞠,入
蘜,入
𧃓,入
㥌,入
𡙳,入
掬,入
匊,入
𥷤,入
𦶗,入
鞫,入
𡫬,入
𥩁,入
㹼,入
𪈓,入
鵴,入
𨸰,入
㘲,入
㽤,入
䱡,入
椈,入
巈,入
䳔,入
𩛺,入
諊,入
𩬜,入
踘,入
閰,入
𣐊,入
𧿻,入
泦,入
趜,入
麴,入
𥶶,入
𩍔,入
𠤄,入
熟,入
孰,入
淑,入
塾,入
𨷙,入
婌,入
䃞,入
俶,入
柷,入
琡,入
𣥹,入
埱,入
育,入
毓,入
鬻,入
粥,入
𩱱,入
䋭,入
𧷗,入
棛,入
錥,入
煜,入
焴,入
昱,入
蒮,入
淯,入
蜟,入
𢌻,入
堉,入
喅,入
𤳕,入
𥉑,入
逳,入
𦱀,入
蘛,入
驧,入
𩣽,入
𪁁,入
毱,入
䗇,入
䜯,入
鼀,入
蹴,入
肉,入
衄,入
叔,入
儵,入
倐,入
虪,入
𨁀,入
鮛,入
掓,入
𢞣,入
尗,入
菽,入
㶖,入
蓄,入
稸,入
𤲸,入
㜅,入
鄐,入
荲,入
慉,入
竹,入
築,入
𥴁,入
茿,入
蹙,入
踧,入
𧑙,入
𠴫,入
㗤,入
噈,入
槭,入
𣤶,入
𥷛,入
縬,入
𣢰,入
𦟠,入
顣,入
珿,入
矗,入
𪘏,入
𨴖,入
𧯩,入
䎌,入
肭,入
恧,入
𦗂,入
忸,入
䖡,入
䂇,入
𡎺,入
蝮,入
㙏,入
郁,入
戫,入
彧,入
薁,入
䉛,入
𨞓,入
𪑝,入
稶,入
㰲,入
𠸹,入
𨪎,入
肅,入
蓿,入
夙,入
𠉦,入
𠈇,入
玊,入
鷫,入
𪂸,入
驌,入
鱐,入
𤥔,入
䑿,入
㑉,入
璛,入
㪩,入
目,入
睦,入
穆,入
苜,入
𦱒,入
牧,入
㙁,入
萺,入
㣎,入
㾇,入
哊,入
滀,入
苖,入
敊,入
傗,入
砡,入
沃,入
鋈,入
䁷,入
觷,入
䮸,入
毒,入
𡹆,入
𦺇,入
蝳,入
𢃶,入
篤,入
督,入
𧝴,入
𧞶,入
錖,入
𤬂,入
𥓍,入
裻,入
酷,入
焅,入
𥞴,入
嚳,入
硞,入
𡷥,入
鵠,入
㿥,入
翯,入
隺,入
𤌍,入
頶,入
𨴬,入
瞨,入
鏷,入
洬,入
梏,入
牿,入
䧼,入
䅵,入
臛,入
褥,入
傉,入
傶,入
𣪻,入
錊,入
襮,入
犦,入
𤛹,入
燭,入
屬,入
属,入
矚,入
䌵,入
囑,入
鸀,入
䟉,入
蠾,入
蠋,入
玉,入
獄,入
鳿,入
頊,入
旭,入
勗,入
𩔴,入
𩪉,入
輂,入
鋦,入
挶,入
𦥑,入
梮,入
䡞,入
㮂,入
䋰,入
𦅽,入
𧤑,入
局,入
跼,入
駶,入
侷,入
䎤,入
蜀,入
欘,入
䙱,入
襩,入
㻿,入
鐲,入
觸,入
臅,入
辱,入
蓐,入
鄏,入
縟,入
溽,入
㦺,入
媷,入
嗕,入
𪑾,入
𩱜,入
束,入
欲,入
浴,入
鵒,入
𩀑,入
鋊,入
輍,入
慾,入
躅,入
録,入
綠,入
醁,入
騄,入
菉,入
逯,入
䱚,入
籙,入
䟿,入
𧨹,入
㫽,入
曲,入
䒼,入
匤,入
瘃,入
𤷚,入
孎,入
斸,入
钃,入
𢒔,入
哫,入
贖,入
𩌮,入
䴰,入
幞,入
促,入
誎,入
𤗁,入
𦠁,入
㹱,入
續,入
俗,入
藚,入
粟,入
𥻆,入
憟,入
𣯼,入
㔄,入
𥹵,入
㙇,入
豖,入
斠,入
桷,入
䡈,入
珏,入
䚫,入
榷,入
捔,入
搉,入
傕,入
䮤,入
嶽,入
岳,入
鸑,入
𩓥,入
捳,入
㹊,入
浞,入
丵,入
鋜,入
灂,入
鷟,入
篧,入
汋,入
齺,入
𢋱,入
簎,入
捉,入
穛,入
𥼚,入
穱,入
斮,入
𧂒,入
朔,入
矟,入
槊,入
蒴,入
𦂗,入
㮶,入
𦋞,入
斲,入
涿,入
諑,入
㧻,入
琢,入
卓,入
桌,入
𥢔,入
斀,入
啅,入
𢁁,入
倬,入
晫,入
𢽚,入
剥,入
駮,入
駁,入
𩐟,入
𦢊,入
嚗,入
𥭖,入
肑,入
髉,入
㿺,入
䑈,入
趵,入
邈,入
㦝,入
𢷕,入
瞐,入
雹,入
𩅟,入
𢷏,入
𩣡,入
䮀,入
𩺽,入
䈏,入
瓝,入
㼎,入
謈,入
窇,入
𥭓,入
懪,入
㩧,入
璞,入
朴,入
㹒,入
圤,入
𤆝,入
𥛟,入
㺪,入
𧴤,入
㱿,入
毃,入
愨,入
確,入
碻,入
𤿩,入
燩,入
嶨,入
塙,入
𣤇,入
𡴊,入
埆,入
𡇱,入
濁,入
擢,入
𧃔,入
𢺡,入
㺟,入
蠗,入
鸐,入
𩑂,入
𢢗,入
𩆸,入
㪬,入
渥,入
握,入
偓,入
幄,入
楃,入
喔,入
鷽,入
葯,入
腛,入
齷,入
媉,入
𦯏,入
𠿟,入
搦,入
䚥,入
𧢺,入
𧣺,入
逴,入
犖,入
䃕,入
𡁆,入
學,入
确,入
𥀣,入
㕰,入
𩌥,入
𦰾,入
謞,入
瀥,入
䤕,入
娖,入
䃗,入
娕,入
擉,入
齪,入
晊,入
郅,入
桎,入
櫍,入
蛭,入
騭,入
劕,入
銍,入
䑇,入
鑕,入
𡂒,入
侄,入
日,入
馹,入
衵,入
㠴,入
實,入
秩,入
紩,入
帙,入
袠,入
柣,入
翐,入
姪,入
妷,入
豑,入
𣗻,入
𧽮,入
𡙮,入
悉,入
厀,入
膝,入
蟋,入
𧀬,入
𦸝,入
䊝,入
僁,入
窸,入
一,入
弌,入
壹,入
七,入
漆,入
柒,入
䣛,入
𪄭,入
桼,入
𣛺,入
𦸓,入
㯃,入
匹,入
鷝,入
𠯔,入
䏘,入
吉,入
趌,入
狤,入
拮,入
𧾢,入
郆,入
洁,入
𤿠,入
暱,入
昵,入
䵒,入
䵑,入
䘌,入
㥾,入
逸,入
佚,入
佾,入
溢,入
軼,入
鎰,入
泆,入
齸,入
劮,入
欥,入
䭿,入
䳀,入
詰,入
蛣,入
𩢴,入
欯,入
欪,入
咭,入
恄,入
㣟,入
抶,入
咥,入
眣,入
栗,入
㮚,入
𣡷,入
慄,入
溧,入
𠞉,入
鷅,入
凓,入
篥,入
麜,入
𨍫,入
瑮,入
𦃊,入
塛,入
搮,入
䔁,入
㗚,入
㟳,入
窒,入
挃,入
庢,入
秷,入
𦤻,入
㲳,入
㗧,入
𪗻,入
𨖹,入
螲,入
𥎹,入
疾,入
𤕺,入
蒺,入
㑵,入
𧎿,入
揤,入
愱,入
槉,入
𠹋,入
𧪠,入
㓼,入
𠞩,入
𪘧,入
䜉,入
失,入
室,入
𩋡,入
堲,入
㘍,入
唧,入
㲺,入
𢪍,入
𧉍,入
蝍,入
楖,入
蜜,入
𧖅,入
謐,入
䤉,入
榓,入
𥁑,入
宓,入
淧,入
𥋱,入
必,入
畢,入
篳,入
蓽,入
韠,入
㻫,入
䟆,入
蹕,入
滭,入
㪤,入
觱,入
珌,入
㓖,入
熚,入
𡠚,入
彃,入
㮿,入
縪,入
鮅,入
饆,入
鏎,入
𡻞,入
𥀕,入
𥛘,入
罼,入
姞,入
佶,入
鮚,入
馝,入
苾,入
䩛,入
佖,入
駜,入
飶,入
綼,入
怭,入
𨠔,入
䖩,入
𣢠,入
咇,入
妼,入
䫻,入
𣅕,入
汨,入
𦳯,入
㧒,入
蟀,入
𧍓,入
䢦,入
𧜠,入
咰,入
𠌭,入
𧗿,入
叱,入
𪗨,入
密,入
𡶇,入
蔤,入
滵,入
沕,入
樒,入
𥄃,入
𪅮,入
𥉴,入
弼,入
𢐀,入
㢸,入
𠡂,入
䄶,入
𢘍,入
胇,入
乙,入
鳦,入
耴,入
㔎,入
𡿪,入
圪,入
𦨇,入
𠡝,入
筆,入
潷,入
𢴩,入
㻶,入
𨅗,入
茁,入
肸,入
獝,入
術,入
述,入
秫,入
术,入
沭,入
噊,入
袕,入
潏,入
鱊,入
驈,入
𧑐,入
橘,入
繘,入
𧽻,入
䤎,入
𦙮,入
𣎛,入
崒,入
踤,入
捽,入
聿,入
鴪,入
燏,入
遹,入
鷸,入
𩙅,入
矞,入
霱,入
䢖,入
䋖,入
銉,入
𦒔,入
𥎐,入
卒,入
𣨛,入
䱣,入
㰵,入
卹,入
恤,入
戌,入
訹,入
珬,入
𧪞,入
䳳,入
賉,入
𣸃,入
㖅,入
𧊥,入
銊,入
欰,入
𥚋,入
𨜿,入
律,入
寽,入
繂,入
膟,入
䔞,入
葎,入
𥭐,入
𠷈,入
黜,入
怵,入
𧺶,入
炪,入
䟣,入
㤕,入
𤝞,入
窋,入
絀,入
䂐,入
㑁,入
逫,入
𡢑,入
泏,入
𦬸,入
炢,入
𠭴,入
𦦖,入
䎉,入
怴,入
䬂,入
𥄵,入
櫛,入
瀄,入
㘉,入
𥠈,入
擳,入
瑟,入
飋,入
蝨,入
璱,入
𦆄,入
物,入
勿,入
𣃦,入
芴,入
岉,入
𨑥,入
昒,入
弗,入
紱,入
黻,入
綍,入
紼,入
巿,入
𨚓,入
翇,入
柫,入
𡗻,入
冹,入
帗,入
𩖼,入
笰,入
𤊸,入
甶,入
鬱,入
欝,入
灪,入
爩,入
𩚴,入
黦,入
𥘄,入
𩰪,入
𠀔,入
孒,入
𦁐,入
厥,入
屈,入
鶌,入
趉,入
䠇,入
詘,入
𧌑,入
倔,入
崛,入
𡲬,入
䘿,入
𡲗,入
堀,入
掘,入
佛,入
坲,入
𡶒,入
咈,入
䞞,入
刜,入
𣀣,入
炥,入
䬍,入
𩘐,入
欻,入
𦱧,入
㗵,入
烼,入
𢯮,入
䁌,入
𢔥,入
拂,入
𢂀,入
祓,入
艴,入
乀,入
䭮,入
彿,入
𧿳,入
迄,入
仡,入
釳,入
忔,入
䒗,入
䛥,入
汔,入
訖,入
吃,入
扢,入
䰴,入
疙,入
屹,入
𧆫,入
䞘,入
𢇓,入
乞,入
月,入
刖,入
跀,入
𧿁,入
軏,入
抈,入
扤,入
枂,入
鈅,入
玥,入
𦘹,入
伐,入
筏,入
栰,入
罰,入
閥,入
垡,入
瞂,入
拔,入
藅,入
坺,入
䣹,入
越,入
𨒋,入
粤,入
戉,入
鉞,入
䋐,入
樾,入
蚏,入
曰,入
𥩡,入
𡛟,入
𣐋,入
𧊎,入
泧,入
氒,入
𨇮,入
𧽸,入
𧼞,入
瘚,入
劂,入
蕨,入
蟨,入
蟩,入
橜,入
𥕲,入
𠢤,入
欮,入
撅,入
𠄌,入
𡡕,入
𧤼,入
鷢,入
蹷,入
憠,入
𨬐,入
䞷,入
𣖬,入
𩪜,入
亅,入
闕,入
㵐,入
髮,入
𩠖,入
𩑛,入
發,入
颰,入
韤,入
韈,入
襪,入
𥄎,入
㒝,入
䟠,入
狘,入
䎀,入
㞽,入
謁,入
暍,入
𢉥,入
歇,入
蠍,入
猲,入
𤢔,入
𦪬,入
𧼨,入
羯,入
𢶆,入
鍻,入
𢷒,入
竭,入
碣,入
楬,入
钀,入
没,入
殁,入
𤣻,入
𩑦,入
𠬛,入
莈,入
𣅝,入
骨,入
縎,入
鶻,入
滑,入
䮩,入
啒,入
淈,入
汩,入
愲,入
蓇,入
尳,入
㾶,入
榾,入
䓛,入
㒴,入
勃,入
渤,入
𩱚,入
餑,入
𡋯,入
馞,入
郣,入
浡,入
𣭷,入
𢠜,入
㪍,入
㶿,入
桲,入
挬,入
脖,入
𦸦,入
鵓,入
咄,入
柮,入
𩢎,入
𩨳,入
宊,入
棁,入
𠫓,入
𡿮,入
䠈,入
突,入
揬,入
腯,入
鼵,入
葖,入
鶟,入
堗,入
𦩤,入
鈯,入
𦔅,入
𣔻,入
凸,入
鍎,入
腽,入
嗢,入
䯉,入
榅,入
淴,入
忽,入
㾁,入
匫,入
寣,入
笏,入
䩐,入
曶,入
𣓗,入
㦌,入
𦁕,入
𢑢,入
惚,入
𤶘,入
兀,入
杌,入
屼,入
矹,入
䦍,入
鼿,入
𦨉,入
䑢,入
𠨜,入
㽾,入
𤴰,入
𧈭,入
𦬂,入
䪬,入
昢,入
哱,入
㛘,入
硉,入
𨁸,入
𥓎,入
㪐,入
窟,入
矻,入
𡑧,入
㧾,入
圣,入
㩿,入
𡑣,入
䯇,入
𡼿,入
𥌄,入
訥,入
㕯,入
𣧍,入
窣,入
𪌯,入
𪍛,入
㲞,入
𪖶,入
𪅄,入
㞕,入
猝,入
𢪃,入
𥾛,入
椊,入
䚝,入
崪,入
𩩠,入
麧,入
𥝖,入
齕,入
紇,入
搰,入
𣝗,入
𦗣,入
抇,入
𡰅,入
稡,入
曷,入
褐,入
毼,入
鶡,入
蝎,入
䫘,入
𩩲,入
骱,入
㮫,入
鞨,入
𠿒,入
㿣,入
𩡔,入
怛,入
𢛁,入
妲,入
呾,入
炟,入
䵣,入
𦬹,入
靼,入
闥,入
㒓,入
撻,入
躂,入
澾,入
獺,入
𣥂,入
羍,入
𦍒,入
達,入
遏,入
齃,入
頞,入
堨,入
胺,入
咹,入
𠥜,入
剌,入
揧,入
辢,入
瘌,入
攋,入
𢈠,入
轢,入
𢃴,入
䶛,入
㻝,入
𥈙,入
楋,入
蝲,入
渴,入
㵣,入
𤸎,入
嵑,入
䅥,入
薘,入
巀,入
囐,入
㩵,入
嶭,入
䡾,入
枿,入
𣡌,入
櫱,入
𣎴,入
𠱥,入
𠲗,入
歺,入
齾,入
葛,入
䈓,入
獦,入
割,入
𩢛,入
輵,入
𨞛,入
𥢸,入
㵧,入
躠,入
薩,入
摋,入
𥻦,入
攃,入
𦼧,入
𨐖,入
䌨,入
礤,入
捺,入
𤷈,入
䖧,入
末,入
昩,入
𩑷,入
䴲,入
𨣱,入
䬴,入
秣,入
𥬎,入
靺,入
粖,入
𩱷,入
𥽘,入
䱅,入
眜,入
抹,入
妺,入
𠇱,入
𢗿,入
𡊉,入
瀎,入
𩿣,入
沫,入
𦫕,入
袜,入
撥,入
癶,入
茇,入
鉢,入
盋,入
䳊,入
鱍,入
䢌,入
𩯌,入
襏,入
𦪑,入
驋,入
拶,入
㳨,入
𠛱,入
𨀨,入
𤁢,入
括,入
活,入
𣽅,入
髺,入
聒,入
䒷,入
𦸈,入
鴰,入
萿,入
适,入
佸,入
頢,入
葀,入
䯏,入
懖,入
𦗾,入
筈,入
闊,入
蛞,入
䟯,入
𤫵,入
䄆,入
秳,入
姡,入
奪,入
𡙜,入
敚,入
脫,入
挩,入
莌,入
痥,入
鮵,入
豁,入
𧯆,入
奯,入
𤃴,入
𣁳,入
眓,入
斡,入
焥,入
䩊,入
捾,入
𥄗,入
繓,入
撮,入
攥,入
鏺,入
𢯸,入
𨂩,入
㧊,入
䣪,入
𨡩,入
𣸍,入
𧘟,入
𦫔,入
䍨,入
𠷑,入
侻,入
捋,入
𠜖,入
蛶,入
㸹,入
掇,入
剟,入
鵽,入
裰,入
敠,入
跋,入
𧺡,入
𧺺,入
魃,入
𢇷,入
䣮,入
馛,入
炦,入
癹,入
妭,入
犮,入
胈,入
鈸,入
䮂,入
菝,入
𩃶,入
䯋,入
黠,入
𩪲,入
䦖,入
札,入
㱜,入
蚻,入
紮,入
𩿤,入
扎,入
𥎱,入
𤫶,入
擖,入
劼,入
𩮁,入
𠛉,入
㓤,入
硈,入
𦸉,入
䂒,入
𢼣,入
猾,入
䱻,入
磆,入
螖,入
䴳,入
𧽌,入
八,入
𩡩,入
朳,入
捌,入
㺴,入
䤢,入
哵,入
玐,入
釟,入
窡,入
𠿡,入
穵,入
嗗,入
豽,入
貀,入
𪙻,入
䕓,入
察,入
詧,入
𣘤,入
𩴳,入
劀,入
𠟽,入
戛,入
扴,入
圿,入
鴶,入
楔,入
秸,入
鞂,入
忦,入
嘎,入
𠜵,入
𪃈,入
袺,入
㮖,入
磍,入
頡,入
軋,入
圠,入
揠,入
嫼,入
䝟,入
猰,入
䰲,入
窫,入
煞,入
𣻑,入
榝,入
㑻,入
䯦,入
𪒜,入
睰,入
礣,入
傄,入
䀨,入
痆,入
𧞍,入
𦤙,入
𦘍,入
𪗔,入
𥐙,入
𨋐,入
鎋,入
舝,入
𪗾,入
鶷,入
𧕱,入
𤪍,入
𦵯,入
縖,入
𩝛,入
𥰶,入
𠢆,入
𢮟,入
𪆰,入
䦪,入
𡇼,入
劜,入
聐,入
𩮝,入
𡿖,入
刹,入
䓭,入
𥴭,入
趏,入
瞎,入
𩮂,入
㔠,入
刮,入
𤁪,入
𦧠,入
敌,入
舌,入
䫄,入
𤁫,入
刷,入
䎳,入
䚴,入
䵵,入
㔍,入
𥗥,入
帓,入
帕,入
𤬷,入
袦,入
㭭,入
𪈟,入
𨰉,入
耫,入
㳐,入
哳,入
𢧖,入
𧶇,入
𩭿,入
屑,入
揳,入
𨇨,入
榍,入
糏,入
偰,入
㴽,入
𦵱,入
𦞚,入
㨝,入
㗫,入
𪙇,入
竊,入
沏,入
䟙,入
結,入
絜,入
潔,入
䥛,入
鍥,入
桔,入
𣚃,入
𧾯,入
魝,入
𡔣,入
𧍩,入
節,入
𢎛,入
癤,入
楶,入
㸅,入
𡴺,入
𩯰,入
䲙,入
幯,入
𠬨,入
𧞩,入
血,入
𥅧,入
䆷,入
䆝,入
䦑,入
泬,入
疦,入
瞲,入
決,入
䛎,入
䒸,入
坹,入
闋,入
缺,入
𨴒,入
玦,入
䀗,入
譎,入
訣,入
𧤾,入
觼,入
鐍,入
𦯊,入
芵,入
赽,入
鴂,入
鈌,入
𣬎,入
㭈,入
趹,入
憰,入
𧝃,入
䏐,入
抉,入
穴,入
䋉,入
䆕,入
妜,入
𥈾,入
䆢,入
昳,入
胅,入
垤,入
耋,入
迭,入
跌,入
絰,入
驖,入
嵽,入
𨳺,入
瓞,入
戜,入
苵,入
镻,入
𢲼,入
恎,入
詄,入
𪀒,入
𠽧,入
𡼄,入
𥑇,入
趃,入
㦅,入
鐵,入
僣,入
餮,入
飻,入
蛈,入
𢶋,入
纈,入
擷,入
𢴲,入
頁,入
襭,入
𥊯,入
𧀺,入
𪕯,入
翓,入
奊,入
籺,入
𨵪,入
𥢹,入
覈,入
涅,入
捏,入
𦵐,入
𡍤,入
圼,入
篞,入
苶,入
𥔄,入
𤶚,入
㖏,入
𦛠,入
菍,入
𢧵,入
岊,入
蠞,入
䕙,入
𩟦,入
齧,入
嵲,入
槷,入
臬,入
臲,入
隉,入
𡶫,入
闑,入
蔑,入
懱,入
𧂝,入
蠛,入
篾,入
幭,入
鱴,入
𥾝,入
衊,入
䩏,入
𤊾,入
𪇴,入
𥣫,入
鴓,入
𥸴,入
𥌨,入
㢼,入
䋢,入
𩋇,入
𡘴,入
䌘,入
䘷,入
㔡,入
噎,入
䊦,入
蠮,入
𤝱,入
挈,入
㼤,入
蛪,入
𡘐,入
䩤,入
褉,入
䙽,入
撆,入
𢠳,入
瞥,入
䭱,入
嫳,入
䫾,入
鐅,入
暼,入
蹩,入
𩓝,入
癟,入
䏟,入
蛂,入
𢛎,入
襒,入
𥉺,入
𨴗,入
𡇓,入
𥸸,入
𥃎,入
夨,入
薛,入
紲,入
緤,入
褻,入
辥,入
渫,入
禼,入
𥝁,入
媟,入
齛,入
𣽒,入
𣊓,入
絬,入
疶,入
迾,入
蛚,入
烈,入
冽,入
裂,入
茢,入
颲,入
鴷,入
㤠,入
挒,入
𩢾,入
𡊻,入
姴,入
哲,入
悊,入
喆,入
嚞,入
蜇,入
傑,入
桀,入
榤,入
嵥,入
滐,入
櫭,入
杰,入
搩,入
熱,入
晣,入
浙,入
𩍕,入
䏳,入
䀿,入
揲,入
蛥,入
孼,入
糱,入
𤅊,入
蠥,入
㜸,入
𡴎,入
滅,入
搣,入
朅,入
藒,入
𡐤,入
鼈,入
虌,入
𡐞,入
憋,入
䳤,入
絕,入
㔢,入
𨼎,入
雪,入
䨮,入
𤿫,入
悅,入
閱,入
𧀲,入
蒛,入
爇,入
焫,入
㨎,入
拙,入
梲,入
䫎,入
䪼,入
𨢬,入
䖦,入
歠,入
惙,入
罬,入
䟾,入
𩋁,入
叕,入
𧖀,入
劣,入
𢚃,入
埒,入
䟹,入
鋝,入
浖,入
哷,入
𦓤,入
别,入
𡷘,入
轍,入
徹,入
撤,入
澈,入
㯙,入
䇷,入
𧧸,入
莂,入
㕞,入
𠴪,入
孑,入
𨥂,入
設,入
蔎,入
呐,入
𩖶,入
𣧡,入
烕,入
𦐋,入
吷,入
𧣸,入
䞵,入
𥕹,入
蠽,入
𧓷,入
𪇲,入
尐,入
𣧖,入
𠯙,入
𠵭,入
屮,入
硩,入
䒆,入
焎,入
㿱,入
𧋍,入
𨵊,入
藥,入
躍,入
礿,入
禴,入
蘥,入
鑰,入
𩱲,入
瀹,入
𤅢,入
𤄶,入
爚,入
櫟,入
龠,入
䋤,入
𠩃,入
籥,入
𢅹,入
𥌺,入
𧕋,入
纅,入
鸙,入
㜰,入
𤒀,入
䟑,入
㿑,入
𨷲,入
䠯,入
𨈋,入
䖃,入
略,入
䌎,入
擽,入
㗉,入
䂮,入
𧎾,入
䀩,入
䛚,入
腳,入
脚,入
卻,入
屩,入
灼,入
斫,入
彴,入
勺,入
酌,入
焯,入
妁,入
謶,入
𥯩,入
犳,入
𧘑,入
禚,入
爍,入
鑠,入
獡,入
䁻,入
䟏,入
弱,入
鄀,入
箬,入
蒻,入
楉,入
溺,入
䐞,入
叒,入
𨀝,入
綽,入
繛,入
婥,入
却,入
𤷽,入
虐,入
瘧,入
仢,入
㲋,入
𤟭,入
辵,入
蠚,入
削,入
爵,入
𩰥,入
雀,入
㩱,入
嚼,入
鵲,入
舄,入
趞,入
碏,入
皵,入
踖,入
䇎,入
䱜,入
噱,入
𠊬,入
𧍕,入
𠶸,入
臄,入
䐘,入
嬳,入
𡤬,入
彠,入
臒,入
䂄,入
矆,入
彏,入
戄,入
籰,入
𧤽,入
𧅚,入
𥸘,入
䢲,入
玃,入
貜,入
𧾵,入
钁,入
攫,入
矍,入
𡚠,入
躩,入
𪈴,入
𨏹,入
𥖛,入
櫡,入
鐯,入
𣃈,入
擆,入
𢖦,入
䣤,入
逽,入
𨵫,入
蹃,入
𩅿,入
謔,入
鐸,入
剫,入
𢜬,入
踱,入
凙,入
襗,入
𩑒,入
𧩧,入
𩍜,入
䐾,入
㤞,入
喥,入
仛,入
𨍏,入
莫,入
幕,入
鄚,入
鏌,入
漠,入
瘼,入
寞,入
瞙,入
嗼,入
塻,入
𣩎,入
𢊗,入
𡈗,入
𠢓,入
落,入
絡,入
烙,入
洛,入
珞,入
酪,入
𩂣,入
笿,入
硌,入
駱,入
𤽼,入
𩊚,入
㓢,入
鉻,入
馲,入
𩧐,入
鮥,入
䶅,入
雒,入
𣛗,入
𧭥,入
躒,入
鵅,入
𣧳,入
𤽥,入
挌,入
𪇱,入
袼,入
𨏒,入
託,入
袥,入
橐,入
魠,入
籜,入
𣔳,入
𣟄,入
拓,入
𨂫,入
蘀,入
𦚈,入
侂,入
飥,入
魄,入
沰,入
矺,入
迮,入
柞,入
糳,入
㘀,入
逪,入
剒,入
莡,入
各,入
閣,入
格,入
胳,入
恪,入
㤩,入
愙,入
咢,入
愕,入
鄂,入
諤,入
𠟎,入
𧊜,入
𧍞,入
遌,入
萼,入
鍔,入
𡅡,入
崿,入
鶚,入
鰐,入
噩,入
㗁,入
齶,入
顎,入
𡾙,入
鑩,入
偔,入
堮,入
𡓐,入
㮙,入
湂,入
𩔈,入
奤,入
䨰,入
粕,入
膊,入
𦢸,入
䪙,入
胉,入
蒪,入
𥴮,入
𦿍,入
𦥭,入
𦐦,入
𢙣,入
堊,入
蝁,入
泊,入
亳,入
箔,入
薄,入
礴,入
𩍿,入
鑮,入
踄,入
𩽛,入
䭦,入
壑,入
㕡,入
郝,入
矐,入
索,入
𢱢,入
溹,入
𩌈,入
𦵫,入
㮦,入
涸,入
鶴,入
貈,入
貉,入
狢,入
𠗂,入
佫,入
䅂,入
昨,入
酢,入
莋,入
怍,入
𣫞,入
筰,入
㸲,入
岝,入
䎰,入
𦁎,入
𢂃,入
鈼,入
砟,入
葃,入
博,入
髆,入
鎛,入
㗘,入
𪙍,入
簙,入
䗚,入
猼,入
䍸,入
欂,入
䶈,入
餺,入
䙏,入
諾,入
霍,入
霩,入
䁨,入
藿,入
彉,入
彍,入
攉,入
瀖,入
劐,入
癨,入
郭,入
𩫏,入
𨟍,入
崞,入
椁,入
槨,入
𦘅,入
雘,入
蠖,入
𩟓,入
鸌,入
穫,入
鑊,入
㦜,入
𤐰,入
䨥,入
𤻙,入
𢋒,入
廓,入
鞹,入
漷,入
𠠎,入
籗,入
瓁,入
硦,入
陌,入
帞,入
袹,入
𡠜,入
㱳,入
貘,入
蛨,入
貊,入
佰,入
驀,入
㹮,入
𩢷,入
洦,入
𢫦,入
𧻙,入
銆,入
磔,入
虴,入
舴,入
𤜤,入
𪄱,入
𪐏,入
嫡,入
𥧮,入
杔,入
白,入
帛,入
舶,入
鮊,入
𦰬,入
伯,入
迫,入
敀,入
百,入
柏,入
湐,入
𦯉,入
㼟,入
劇,入
屐,入
𨍺,入
𤭏,入
𢜭,入
㘌,入
戟,入
撠,入
𦺩,入
𤜾,入
谻,入
丮,入
𩯋,入
𡩡,入
䞽,入
𥻨,入
䜺,入
嚄,入
𡄴,入
嘖,入
窄,入
蚱,入
齚,入
泎,入
隙,入
郤,入
綌,入
𧯈,入
𡭴,入
額,入
頟,入
䱮,入
峉,入
詻,入
䩹,入
逆,入
屰,入
縌,入
㘙,入
𥿬,入
𠱘,入
客,入
喀,入
礊,入
揢,入
𩚬,入
虩,入
𡍩,入
𧼳,入
㿭,入
𤖴,入
𩎚,入
䪝,入
拍,入
珀,入
𤖼,入
赫,入
爀,入
𢅰,入
𥋿,入
垎,入
䞦,入
楁,入
𨍇,入
𢓜,入
茖,入
骼,入
觡,入
𩹺,入
㦴,入
蛒,入
𪌣,入
𢼛,入
𩹿,入
謋,入
諕,入
砉,入
𦒧,入
湱,入
硅,入
𢝇,入
宅,入
㡯,入
擇,入
澤,入
𪀥,入
翟,入
䕪,入
檡,入
鸅,入
𩏪,入
蠌,入
𤂥,入
虢,入
㶁,入
𧭣,入
㠛,入
𣝍,入
麥,入
𧖴,入
脈,入
脉,入
衇,入
霢,入
眽,入
覛,入
𧡒,入
獲,入
嫿,入
劃,入
㗲,入
咟,入
蟈,入
馘,入
聝,入
膕,入
𩪐,入
摑,入
漍,入
𢹖,入
䂸,入
嘓,入
䬎,入
𧖻,入
檗,入
擘,入
𤖟,入
糪,入
䌟,入
繴,入
𦌠,入
賾,入
鰿,入
㣱,入
矠,入
責,入
𩔳,入
簀,入
幘,入
謮,入
𧐐,入
𦟜,入
嫧,入
䞰,入
䟄,入
策,入
冊,入
笧,入
䶦,入
筴,入
𣆩,入
憡,入
皟,入
㥽,入
𧶷,入
拺,入
𩱝,入
䙐,入
緙,入
諽,入
剨,入
𦑌,入
㦎,入
捇,入
掝,入
㖪,入
䐸,入
焃,入
㩇,入
𢄶,入
𨐶,入
𥊮,入
𤷇,入
䦝,入
𤁹,入
䬉,入
𠜻,入
䃒,入
翮,入
㮝,入
核,入
𤈧,入
滆,入
蒚,入
隔,入
膈,入
搹,入
鬲,入
槅,入
革,入
𥴩,入
𢡍,入
䪂,入
𧈑,入
䨣,入
𥉅,入
𦑜,入
嗝,入
摘,入
謫,入
讁,入
𤟍,入
棏,入
𡇠,入
䊞,入
厇,入
戹,入
厄,入
搤,入
㧖,入
軶,入
豟,入
呝,入
𪕶,入
貖,入
蚅,入
𧠞,入
栜,入
𣽤,入
㾊,入
䨛,入
擌,入
𢶉,入
虉,入
㣂,入
𥖪,入
𢷾,入
𧾛,入
䭆,入
昔,入
𦠡,入
腊,入
惜,入
潟,入
磶,入
𩍆,入
蕮,入
鬄,入
䯜,入
𩾼,入
焟,入
棤,入
脊,入
蹐,入
迹,入
跡,入
𪃹,入
𩺀,入
鯽,入
蹟,入
襀,入
庴,入
益,入
嗌,入
𨜶,入
膉,入
𦶩,入
繹,入
睪,入
亦,入
弈,入
奕,入
帟,入
譯,入
懌,入
驛,入
嶧,入
醳,入
腋,入
掖,入
䘸,入
液,入
痬,入
蜴,入
埸,入
圛,入
墿,入
焲,入
𥜃,入
㴒,入
燡,入
𦔥,入
𡱿,入
㘁,入
𤑹,入
𠓋,入
釋,入
𥼶,入
適,入
奭,入
睗,入
晹,入
𡣪,入
螫,入
𩮜,入
冟,入
䁺,入
襫,入
尺,入
赤,入
烾,入
蚇,入
㡿,入
𠧚,入
𠧵,入
石,入
碩,入
祏,入
鉐,入
䄷,入
鼫,入
䲽,入
隻,入
墌,入
摭,入
蹠,入
跖,入
𩀝,入
䞠,入
𠪮,入
擲,入
擿,入
䵂,入
躑,入
蹢,入
𧓸,入
磧,入
𧻕,入
洓,入
𧙞,入
席,入
夕,入
穸,入
汐,入
𨛳,入
蓆,入
籍,入
𨆮,入
耤,入
塉,入
瘠,入
猎,入
膌,入
䣢,入
擗,入
躃,入
闢,入
辟,入
㱸,入
𩪧,入
𣮐,入
役,入
疫,入
𩷍,入
垼,入
炈,入
𪁛,入
鈠,入
𩂹,入
豛,入
𧈻,入
瞁,入
𥆛,入
璧,入
鐴,入
躄,入
𣦢,入
襞,入
𨐨,入
僻,入
癖,入
廦,入
碧,入
彳,入
𦳮,入
𢔠,入
錫,入
析,入
㭊,入
裼,入
皙,入
緆,入
𪎥,入
蜥,入
淅,入
惁,入
𧋐,入
㱤,入
擊,入
墼,入
𦼷,入
𡫀,入
霹,入
劈,入
澼,入
憵,入
䤨,入
靂,入
䟐,入
癧,入
鎘,入
䥶,入
礫,入
瓅,入
秝,入
櫪,入
䍽,入
𩽏,入
歷,入
曆,入
藶,入
瀝,入
磿,入
㽁,入
皪,入
𥌮,入
䍥,入
𪙽,入
𤪢,入
厤,入
攊,入
䮥,入
𧙉,入
䤙,入
𡳸,入
𦠓,入
𨢌,入
㔏,入
𪅼,入
𥽗,入
蝷,入
的,入
甋,入
靮,入
鏑,入
馰,入
滴,入
玓,入
樀,入
𦉹,入
𥕐,入
𥐝,入
𣂉,入
啇,入
魡,入
檄,入
覡,入
薂,入
椺,入
鷁,入
鶂,入
艗,入
𠩫,入
荻,入
狄,入
敵,入
籊,入
迪,入
覿,入
𧠫,入
笛,入
糴,入
籴,入
滌,入
蔋,入
𩷎,入
梑,入
䊮,入
䢮,入
㹍,入
㣙,入
逖,入
逷,入
倜,入
趯,入
䢰,入
剔,入
𠜓,入
惕,入
踢,入
䚐,入
𤈥,入
蓨,入
悐,入
𢞒,入
𥊕,入
績,入
勣,入
樍,入
𪄸,入
𢶡,入
𣪠,入
喫,入
𠿊,入
𥍰,入
惄,入
𧗂,入
愵,入
寂,入
𡧘,入
𡧯,入
覓,入
幎,入
幦,入
𧜀,入
䮭,入
糸,入
鼏,入
羃,入
漞,入
冂,入
䖑,入
𧱻,入
䌐,入
𪒄,入
䈿,入
濗,入
𧐎,入
塓,入
甓,入
鷿,入
壁,入
鼊,入
𧲜,入
闃,入
䠐,入
郹,入
狊,入
鶪,入
湨,入
鼳,入
犑,入
𠋬,入
戚,入
慼,入
𧒕,入
鼜,入
鏚,入
𪒑,入
𧠪,入
慽,入
𧐶,入
𦸗,入
磩,入
赥,入
䦧,入
𥍠,入
𤄎,入
𧨃,入
䈪,入
㤸,入
𣣉,入
㦦,入
𥍟,入
殈,入
𣤩,入
𥛚,入
職,入
軄,入
戠,入
𥋏,入
蟙,入
𧄕,入
䐈,入
樴,入
直,入
犆,入
𡸜,入
力,入
朸,入
屴,入
仂,入
鳨,入
𠢠,入
𣲒,入
𡯄,入
𧲡,入
敕,入
勅,入
飭,入
淔,入
趩,入
栻,入
侙,入
𪀦,入
鷘,入
恜,入
慗,入
遫,入
㽚,入
陟,入
稙,入
蝕,入
息,入
㮩,入
鄎,入
瘜,入
蒠,入
熄,入
𦞜,入
䭒,入
㴧,入
𥰝,入
𪄛,入
寔,入
湜,入
殖,入
𢨀,入
遈,入
式,入
拭,入
𢂑,入
軾,入
飾,入
𥿮,入
鉽,入
烒,入
𧄹,入
赩,入
䀌,入
䵱,入
𥈜,入
𢤋,入
崱,入
𡸦,入
溭,入
萴,入
極,入
匿,入
𧈟,入
𧏾,入
𩺱,入
測,入
惻,入
畟,入
𦔎,入
𡍫,入
䔴,入
憶,入
億,入
臆,入
肊,入
𠶷,入
澺,入
薏,入
𦺳,入
䗷,入
𩍖,入
檍,入
𣚍,入
抑,入
𡊁,入
癔,入
色,入
㱇,入
嗇,入
𩍙,入
穡,入
轖,入
繬,入
濇,入
䉢,入
𧒗,入
懎,入
𩕡,入
𠢳,入
䩯,入
殛,入
㥛,入
襋,入
棘,入
㻷,入
蕀,入
𧩦,入
弋,入
翊,入
翌,入
黓,入
翼,入
𩙺,入
𦏵,入
䴬,入
隿,入
𧃟,入
㚤,入
杙,入
芅,入
㔴,入
𧾰,入
𨙒,入
𥡪,入
蛡,入
𢦭,入
𢖺,入
瀷,入
𢎀,入
𠥦,入
熼,入
釴,入
𤼌,入
𧑌,入
𦔜,入
䄩,入
𢓀,入
䘝,入
䣧,入
即,入
卽,入
稷,入
㮨,入
㹄,入
𨂢,入
𤠎,入
䐚,入
逼,入
皕,入
䮠,入
湢,入
㘠,入
域,入
蜮,入
罭,入
棫,入
㚜,入
𪂉,入
𦈸,入
琙,入
緎,入
䮙,入
魊,入
淢,入
𦱂,入
洫,入
䦗,入
閾,入
𨵨,入
𦑍,入
𠷾,入
𧹭,入
堛,入
愊,入
𤗚,入
𩜰,入
揊,入
稫,入
䦼,入
𢾇,入
㽬,入
疈,入
稄,入
𥟔,入
𣅔,入
𢯩,入
仄,入
𣅦,入
㳁,入
側,入
𠨮,入
愎,入
腷,入
𤐧,入
𥻅,入
𡮞,入
𣮊,入
𢕚,入
䁇,入
𦔫,入
德,入
惪,入
㥁,入
得,入
淂,入
𨁽,入
𣌏,入
𠮊,入
則,入
𠟻,入
𠟭,入
勒,入
肋,入
扐,入
艻,入
𤨕,入
玏,入
泐,入
㔹,入
阞,入
竻,入
忒,入
㧹,入
慝,入
貣,入
𥊸,入
㥂,入
刻,入
克,入
剋,入
勀,入
𡞢,入
特,入
𧈩,入
𧎢,入
𤙰,入
鴏,入
黑,入
潶,入
㱄,入
墨,入
默,入
䘃,入
纆,入
𢄏,入
𡣫,入
䁿,入
𤲰,入
賊,入
𧵪,入
鱡,入
鰂,入
蠈,入
𦽒,入
𡫼,入
㥶,入
𢥛,入
北,入
𧉥,入
蔔,入
僰,入
𠣵,入
垘,入
䵗,入
𧟱,入
𢫯,入
或,入
惑,入
䰥,入
𡿿,入
國,入
餩,入
䘅,入
䎪,入
裓,入
𢧧,入
墄,入
𧕡,入
𠣾,入
𢃤,入
𥇙,入
緝,入
葺,入
諿,入
𧚨,入
𪔪,入
咠,入
十,入
什,入
拾,入
褶,入
執,入
汁,入
瓡,入
慹,入
習,入
襲,入
隰,入
鰼,入
騽,入
飁,入
槢,入
𪄶,入
𦸚,入
䒁,入
霫,入
集,入
輯,入
檝,入
亼,入
𠦫,入
𦺴,入
鏶,入
箿,入
入,入
廿,入
揖,入
挹,入
溼,入
濕,入
䏉,入
㗱,入
潗,入
䌖,入
湒,入
蓻,入
䁒,入
𥠋,入
㠍,入
及,入
𨕤,入
𦶍,入
苙,入
䲯,入
笈,入
㧀,入
蟄,入
䐲,入
俋,入
㙷,入
㞏,入
譶,入
縶,入
𩢏,入
𡂣,入
立,入
䶘,入
粒,入
笠,入
鴗,入
岦,入
砬,入
急,入
汲,入
給,入
伋,入
級,入
芨,入
𦳌,入
㽺,入
彶,入
𩾳,入
岌,入
㱞,入
泣,入
㬤,入
湆,入
𩎕,入
卌,入
𧿅,入
㗩,入
歰,入
澀,入
澁,入
鈒,入
雭,入
㒊,入
翜,入
吸,入
噏,入
歙,入
翕,入
𧬈,入
潝,入
熻,入
嬆,入
翖,入
𨝫,入
闟,入
𪅲,入
戢,入
𥊬,入
𧤏,入
𧥄,入
㗊,入
蕺,入
濈,入
𠿠,入
霵,入
邑,入
悒,入
唈,入
裛,入
浥,入
䓃,入
䭂,入
𦶂,入
湁,入
雴,入
漐,入
曄,入
熠,入
㵫,入
𣲷,入
㘝,入
𦮾,入
鵖,入
㞚,入
𡍪,入
䙄,入
𢕬,入
合,入
郃,入
榙,入
䢔,入
㭘,入
詥,入
耠,入
𡇶,入
𪘁,入
𦳬,入
盒,入
閤,入
鴿,入
㪉,入
鉿,入
鮯,入
蛤,入
匌,入
佮,入
𣭝,入
㠷,入
鞈,入
韐,入
𢂷,入
答,入
畣,入
𨅞,入
撘,入
荅,入
褡,入
㜓,入
㾑,入
嗒,入
𤝰,入
㿯,入
㯚,入
趿,入
颯,入
靸,入
馺,入
霅,入
𠦄,入
㚫,入
𣬬,入
沓,入
誻,入
遝,入
㧺,入
㭼,入
涾,入
𩣯,入
龖,入
𠉤,入
𣝋,入
蹹,入
䂿,入
䜚,入
𦂀,入
𦾽,入
𧌏,入
眔,入
錔,入
嚃,入
䓠,入
㛥,入
踏,入
𢃕,入
鞜,入
𦑇,入
漯,入
㹺,入
𦧟,入
䶀,入
䵬,入
𨌭,入
䍝,入
濌,入
𪂌,入
䈋,入
雜,入
韴,入
磼,入
雥,入
䕹,入
帀,入
迊,入
𠯗,入
魳,入
嘁,入
沞,入
䞙,入
拉,入
搚,入
㩉,入
摺,入
𦒆,入
磖,入
𪇹,入
菈,入
𣤊,入
㕇,入
𤛊,入
納,入
䪏,入
蒳,入
軜,入
衲,入
魶,入
㨥,入
𣩄,入
𠩧,入
䆟,入
姶,入
𤸱,入
㔩,入
𨂁,入
𩋊,入
𩇠,入
搕,入
鞥,入
欱,入
𣣹,入
㬎,入
礏,入
哈,入
𡀾,入
砐,入
礘,入
䑥,入
魥,入
遪,入
盍,入
闔,入
𨶩,入
嗑,入
篕,入
熆,入
臘,入
臈,入
𪙷,入
鑞,入
蠟,入
䗶,入
擸,入
𥀰,入
𦒦,入
𦅶,入
邋,入
㿴,入
耷,入
𢴄,入
𠞈,入
笚,入
𩝣,入
䪚,入
榻,入
㯓,入
𦪙,入
毾,入
鰈,入
鰨,入
𦶑,入
狧,入
𦧭,入
𧪦,入
𦐇,入
鞳,入
塔,入
搭,入
遢,入
𩥑,入
𩵢,入
笝,入
𩚛,入
蹋,入
躢,入
闒,入
𤒻,入
𧮑,入
譫,入
䍇,入
䳴,入
䈳,入
𦑲,入
𠎷,入
𠿓,入
𢶍,入
𠦃,入
𨆂,入
㪪,入
𥋙,入
䪞,入
䫦,入
閘,入
鉀,入
䗘,入
榼,入
𧛾,入
㕎,入
𨍰,入
鰪,入
廅,入
囃,入
𥗭,入
䵽,入
砝,入
𪁍,入
葉,入
楪,入
鍱,入
偞,入
枼,入
㯿,入
煠,入
䈎,入
殜,入
接,入
椄,入
睫,入
䀹,入
楫,入
婕,入
菨,入
𣶏,入
鯜,入
䈉,入
攝,入
灄,入
欇,入
𥍉,入
弽,入
韘,入
涉,入
𣻣,入
䤮,入
獵,入
鬣,入
㲱,入
躐,入
䁽,入
𣋲,入
儠,入
犣,入
䪉,入
㼲,入
䉭,入
鱲,入
𡂏,入
𥪂,入
𠠗,入
䜲,入
䃳,入
巤,入
捷,入
疌,入
倢,入
崨,入
踕,入
誱,入
䐑,入
𢽱,入
𦀖,入
聶,入
躡,入
鑷,入
㚔,入
帇,入
𩣘,入
籋,入
䌜,入
𣌍,入
㸎,入
踂,入
𥬬,入
䳖,入
𣀳,入
謵,入
𣠞,入
䧪,入
喢,入
㤴,入
㳧,入
𦛖,入
讘,入
顳,入
喦,入
囁,入
𦣀,入
讋,入
懾,入
慴,入
䜆,入
謺,入
襵,入
䝕,入
妾,入
緁,入
䌌,入
𠟪,入
淁,入
𣠺,入
穕,入
踥,入
锸,入
𩂻,入
𥯥,入
衱,入
极,入
輒,入
𦯍,入
𢬴,入
鮿,入
㭯,入
曅,入
饁,入
燁,入
爗,入
皣,入
瞱,入
𤷾,入
萐,入
箑,入
歃,入
霎,入
㰼,入
靨,入
𣚕,入
怗,入
帖,入
𪔧,入
䩞,入
貼,入
跕,入
蝶,入
䑜,入
呫,入
協,入
叶,入
勰,入
綊,入
挾,入
俠,入
𠗉,入
劦,入
𤙒,入
𢂐,入
頰,入
𩠣,入
鋏,入
梜,入
莢,入
蛺,入
唊,入
𥞵,入
愜,入
㥦,入
悏,入
㾜,入
匧,入
篋,入
㤲,入
牒,入
喋,入
蹀,入
諜,入
堞,入
𨈈,入
㲲,入
𣯉,入
褺,入
曡,入
疊,入
䥡,入
䠟,入
㥈,入
𥷕,入
牃,入
褋,入
惵,入
𨐁,入
𠗨,入
䴑,入
㩹,入
𪑧,入
䁋,入
𤗨,入
暬,入
𩐭,入
捻,入
錜,入
敜,入
㘨,入
𩋏,入
燮,入
屧,入
屟,入
躞,入
𤫉,入
𤏻,入
鞢,入
徢,入
𦔼,入
𤗈,入
蜨,入
𧕊,入
䕈,入
𡞘,入
𦩌,入
𡂩,入
𦖩,入
聑,入
𠲷,入
笘,入
㑙,入
𨓊,入
浹,入
㼪,入
䢡,入
洽,入
䨐,入
狹,入
陜,入
陿,入
祫,入
峽,入
硤,入
𢈙,入
𪘘,入
𤲍,入
烚,入
珨,入
䞩,入
恰,入
掐,入
䁍,入
㓣,入
䶢,入
帢,入
𠕣,入
𢂿,入
㡊,入
𣁴,入
𥯦,入
䮢,入
牐,入
𧼰,入
夾,入
郟,入
跲,入
袷,入
裌,入
䀫,入
餄,入
㿓,入
鵊,入
䩡,入
眨,入
偛,入
𥀈,入
䛽,入
插,入
臿,入
疀,入
鍤,入
扱,入
㛼,入
㷅,入
𤜯,入
𡤙,入
㗙,入
䶎,入
㰰,入
敮,入
𧳛,入
劄,入
𠍹,入
𧉫,入
凹,入
圔,入
𥃐,入
狎,入
翈,入
柙,入
匣,入
𧆥,入
𦾏,入
𢘉,入
炠,入
𤁳,入
鴨,入
壓,入
庘,入
䆘,入
押,入
甲,入
胛,入
𥑐,入
玾,入
𨒇,入
𠩘,入
𩌍,入
翣,入
𧲌,入
帹,入
䬊,入
𧻵,入
呷,入
䛅,入
𣢗,入
業,入
㸣,入
鄴,入
驜,入
嶪,入
䧨,入
㗼,入
𠄅,入
𩑃,入
䲜,入
𢢜,入
𩼋,入
鸈,入
澲,入
𣣲,入
𣢩,入
愶,入
㢵,入
嗋,入
熁,入
𣹩,入
拹,入
怯,入
㹤,入
𠩂,入
㾀,入
𤴼,入
劫,入
蜐,入
鉣,入
䀷,入
䱒,入
䎨,入
殗,入
㡋,入
㪑,入
䤶,入
鄓,入
餣,入
䁆,入
𩐱,入
昅,入
乏,入
法,入
灋,入
𥎰,入
䎎,入
𣹵,入
𡷝,入
𦑣,入
