東,東
菄,東
鶇,東
𠍀,東
倲,東
𩜍,東
𢘐,東
涷,東
蝀,東
凍,東
鯟,東
𢔅,東
崠,東
埬,東
𧓕,東
䰤,東
同,東
童,東
僮,東
銅,東
桐,東
峒,東
硐,東
𦨴,東
𧱁,東
筒,東
瞳,東
㼧,東
𤭁,東
犝,東
筩,東
曈,東
洞,東
侗,東
烔,東
䴀,東
挏,東
酮,東
𦏆,東
𦍻,東
眮,東
蕫,東
衕,東
𩍅,東
𢈉,東
䆚,東
哃,東
𢏕,東
絧,東
𨚯,東
𨝯,東
𪔝,東
𪒿,東
中,東
衷,東
忠,東
𦬕,東
蟲,東
沖,東
种,東
盅,東
翀,東
終,東
衆,東
𣧩,東
螽,東
𧑄,東
鼨,東
蔠,東
柊,東
𩅧,東
鴤,東
䈺,東
泈,東
䝦,東
忡,東
浺,東
崇,東
崈,東
㓽,東
𩞉,東
嵩,東
崧,東
𪀚,東
娀,東
菘,東
硹,東
㣝,東
𧊕,東
𨱿,東
戎,東
𢦦,東
茙,東
㭜,東
駥,東
𥬪,東
𠈋,東
狨,東
絨,東
弓,東
躳,東
躬,東
㴦,東
宮,東
匑,東
融,東
肜,東
瀜,東
雄,東
熊,東
夢,東
𨞯,東
𦫰,東
𧲎,東
穹,東
𢞏,東
焪,東
芎,東
𦵡,東
窮,東
藭,東
𥨪,東
堸,東
芃,東
𨝭,東
渢,東
風,東
飌,東
楓,東
猦,東
偑,東
檒,東
𧆉,東
豐,東
酆,東
灃,東
寷,東
麷,東
㒥,東
㠦,東
充,東
珫,東
茺,東
㤝,東
䘪,東
㳘,東
隆,東
癃,東
𪔳,東
窿,東
霳,東
㚅,東
空,東
箜,東
硿,東
䅝,東
埪,東
倥,東
鵼,東
𦱇,東
𢃐,東
𧌆,東
公,東
功,東
工,東
疘,東
魟,東
㓚,東
愩,東
碽,東
篢,東
蒙,東
冡,東
濛,東
𩦺,東
艨,東
䑃,東
矇,東
饛,東
䰒,東
檬,東
𨢊,東
䴿,東
𨣘,東
鸏,東
幪,東
𢄐,東
髳,東
蠓,東
𦿏,東
霿,東
朦,東
䀄,東
霥,東
豅,東
㰍,東
朧,東
𡃡,東
龓,東
䪊,東
聾,東
𨏠,東
礱,東
䆍,東
𪚗,東
嚨,東
櫳,東
𤮨,東
巃,東
𧙥,東
瓏,東
曨,東
𩟭,東
蠪,東
屸,東
洪,東
鉷,東
訌,東
紅,東
仜,東
鴻,東
葒,東
葓,東
谼,東
䉺,東
烘,東
渱,東
𨹁,東
䧆,東
䪦,東
𦏺,東
䫹,東
𨾊,東
叢,東
藂,東
䕺,東
𥵫,東
翁,東
螉,東
䱵,東
蓊,東
䈵,東
䩺,東
㮬,東
𩔚,東
怱,東
忩,東
葱,東
楤,東
𨍉,東
聦,東
繱,東
𤧚,東
騘,東
䗓,東
𨣭,東
鍯,東
㷓,東
𢉛,東
通,東
蓪,東
恫,東
痌,東
𧳆,東
𨀜,東
葼,東
鬷,東
嵕,東
猣,東
鯼,東
椶,東
騣,東
𩮀,東
嵸,東
蝬,東
𥓻,東
翪,東
緵,東
㚇,東
㣭,東
稯,東
鬉,東
蓬,東
𥭗,東
篷,東
髼,東
𧚋,東
韸,東
叿,東
𩐠,東
𩗄,東
檧,東
憽,東
㬝,東
冬,冬
𠔙,冬
苳,冬
䳉,冬
笗,冬
𩂓,冬
𧲴,冬
彤,冬
疼,冬
佟,冬
炵,冬
䳋,冬
鼕,冬
𢥞,冬
𢾮,冬
㤏,冬
痋,冬
䂈,冬
鉵,冬
𧹝,冬
浵,冬
𠩁,冬
鉖,冬
𨜳,冬
㠽,冬
赨,冬
賨,冬
琮,冬
悰,冬
孮,冬
誴,冬
𢃏,冬
農,冬
䢉,冬
辳,冬
𨑋,冬
𩅽,冬
憹,冬
儂,冬
𧗕,冬
膿,冬
䃔,冬
𩘎,冬
䃧,冬
䥢,冬
𣫣,冬
宗,冬
倧,冬
䯳,冬
鍾,鍾
鐘,鍾
忪,鍾
䇗,鍾
蹱,鍾
彸,鍾
衳,鍾
伀,鍾
籦,鍾
妐,鍾
㕬,鍾
炂,鍾
𦬘,鍾
𨳗,鍾
龍,鍾
𪚝,鍾
躘,鍾
𪚠,鍾
𦪽,鍾
舂,鍾
𧐍,鍾
摏,鍾
蹖,鍾
𪄻,鍾
松,鍾
㮤,鍾
淞,鍾
訟,鍾
𧘂,鍾
衝,鍾
褈,鍾
𠟍,鍾
𠝤,鍾
䂌,鍾
容,鍾
溶,鍾
滽,鍾
庸,鍾
𦤘,鍾
𧴄,鍾
㺎,鍾
𤛑,鍾
墉,鍾
鎔,鍾
鏞,鍾
銿,鍾
鄘,鍾
傭,鍾
𪅟,鍾
㼸,鍾
𤮇,鍾
鱅,鍾
蓉,鍾
䗤,鍾
傛,鍾
褣,鍾
搈,鍾
瑢,鍾
䈶,鍾
嵱,鍾
頌,鍾
㝐,鍾
䡆,鍾
㟾,鍾
𨲟,鍾
𪃾,鍾
槦,鍾
㣑,鍾
𢧳,鍾
封,鍾
𡉚,鍾
犎,鍾
葑,鍾
崶,鍾
胷,鍾
凶,鍾
𣧑,鍾
銎,鍾
洶,鍾
恟,鍾
𧧗,鍾
兇,鍾
訩,鍾
匈,鍾
顒,鍾
𩤛,鍾
喁,鍾
邕,鍾
雍,鍾
噰,鍾
嗈,鍾
澭,鍾
灉,鍾
癰,鍾
廱,鍾
饔,鍾
壅,鍾
雝,鍾
𪄉,鍾
㻾,鍾
𧴗,鍾
醲,鍾
濃,鍾
襛,鍾
穠,鍾
檂,鍾
𪒬,鍾
𨲳,鍾
重,鍾
緟,鍾
䳯,鍾
蝩,鍾
從,鍾
从,鍾
𩀰,鍾
𦟛,鍾
𨙦,鍾
䝑,鍾
𨤩,鍾
𪒒,鍾
逢,鍾
縫,鍾
漨,鍾
䩼,鍾
𥎌,鍾
𥛝,鍾
捀,鍾
峯,鍾
鋒,鍾
丰,鍾
𡴀,鍾
𢓱,鍾
妦,鍾
蠭,鍾
𧒒,鍾
桻,鍾
㷭,鍾
烽,鍾
莑,鍾
仹,鍾
㸼,鍾
縱,鍾
𣯨,鍾
蹤,鍾
䡮,鍾
樅,鍾
磫,鍾
熧,鍾
𧺣,鍾
茸,鍾
䩸,鍾
䇯,鍾
搑,鍾
𥎂,鍾
榵,鍾
穁,鍾
蛩,鍾
邛,鍾
舼,鍾
𦨰,鍾
筇,鍾
輁,鍾
𦭭,鍾
䂬,鍾
蛬,鍾
𠌖,鍾
𩬰,鍾
桏,鍾
䅃,鍾
𤤶,鍾
𩢽,鍾
慵,鍾
𩌨,鍾
恭,鍾
龔,鍾
供,鍾
珙,鍾
䢼,鍾
共,鍾
𤱨,鍾
廾,鍾
髸,鍾
䳍,鍾
蜙,鍾
倯,鍾
𢔋,鍾
暰,鍾
瑽,鍾
䐫,鍾
𥡬,鍾
𨑪,鍾
江,江
扛,江
杠,江
茳,江
矼,江
豇,江
肛,江
䜫,江
厖,江
駹,江
狵,江
尨,江
浝,江
哤,江
牻,江
娏,江
䵨,江
㟌,江
蛖,江
𥆙,江
痝,江
𠈵,江
𦗳,江
𣰊,江
鬞,江
䁸,江
𪆯,江
䆫,江
牎,江
窓,江
䎫,江
𥍷,江
邦,江
𤰫,江
梆,江
垹,江
栙,江
䜶,江
降,江
缸,江
缻,江
夅,江
跭,江
胮,江
𤵸,江
𩐨,江
𪔔,江
𪐿,江
雙,江
艭,江
䉶,江
𢥠,江
䝄,江
𨇯,江
龐,江
逄,江
舽,江
啌,江
舡,江
腔,江
𤟄,江
羫,江
跫,江
𩩝,江
㾤,江
幢,江
撞,江
噇,江
𩪘,江
䚎,江
𥡟,江
䄝,江
𧜧,江
樁,江
𣻛,江
𩞐,江
支,支A
𥾣,支A
只,支A
㲍,支A
巵,支A
梔,支A
枝,支A
衹,支A
㽻,支A
衼,支A
肢,支A
胑,支A
𨈛,支A
馶,支A
㩼,支A
鳷,支A
䧴,支A
觶,支A
榰,支A
㯄,支A
𪂅,支A
𧌔,支A
眵,支A
䡋,支A
𩍲,支A
移,支A
䄬,支A
迻,支A
𠩗,支A
鉹,支A
箷,支A
𥠥,支A
㥴,支A
䔟,支A
熪,支A
扅,支A
衪,支A
暆,支A
迆,支A
𤝻,支A
歋,支A
酏,支A
匜,支A
拸,支A
謻,支A
𠗺,支A
螔,支A
𠐀,支A
𣣢,支A
䬁,支A
爲,支B
為,支B
潙,支B
䧦,支B
鄬,支B
𩻟,支B
嬀,支B
𪎮,支B
麾,支B
噅,支B
撝,支B
逶,支B
𣨙,支B
萎,支B
㮃,支B
覣,支B
蜲,支B
委,支B
䴧,支B
蟡,支B
糜,支B
縻,支B
㸏,支B
𪎕,支B
蘼,支B
䊳,支B
𪎭,支B
醿,支B
隓,支A
隳,支A
䜐,支A
錘,支B
甀,支B
𡍮,支A
垂,支A
陲,支A
倕,支A
𦈼,支A
𨿠,支A
𥳙,支A
𠂹,支A
羸,支A
吹,支A
炊,支A
䶴,支A
鈹,支B
帔,支B
鮍,支B
披,支B
𤱍,支B
耚,支B
狓,支B
翍,支B
旇,支B
秛,支B
㱟,支B
陂,支B
詖,支B
碑,支B
羆,支B
𥀍,支B
𨰟,支B
𤜑,支B
𨧦,支B
𥶓,支B
襬,支B
藣,支B
隨,支A
𥶻,支A
虧,支B
闚,支A
窺,支A
竒,支B
琦,支B
騎,支B
鵸,支B
鬾,支B
𢺷,支B
㩽,支B
錡,支B
祇,支A
岐,支A
歧,支A
𨙸,支A
疧,支A
蚑,支A
忯,支A
翄,支A
𢻚,支A
軝,支A
𩉬,支A
芪,支A
䲬,支A
䉻,支A
𦭲,支A
𨱜,支A
𠁭,支A
犧,支B
羲,支B
巇,支B
羛,支B
𤃪,支B
曦,支B
𢹍,支B
𧕆,支B
䖒,支B
㺣,支B
𣤴,支B
𢨛,支B
㚀,支B
隵,支B
㩻,支B
觭,支B
踦,支B
㱦,支B
𦖊,支B
𤘌,支B
㥓,支B
䗁,支B
攲,支B
宜,支B
宐,支B
𠣨,支B
㝖,支B
儀,支B
𥪺,支B
䣡,支B
䴊,支B
轙,支B
皮,支B
疲,支B
𦑡,支A
㖷,支A
匙,支A
䈕,支A
𦳚,支A
姼,支A
𣏚,支A
𠒆,支A
唲,支A
籬,支A
醨,支A
罹,支A
璃,支A
𪖂,支A
樆,支A
鸝,支A
鵹,支A
𪅆,支A
縭,支A
褵,支A
蘺,支A
䍦,支A
㰚,支A
䅻,支A
孋,支A
漓,支A
灕,支A
𧕮,支A
攡,支A
穲,支A
𢟢,支A
𢥗,支A
疵,支A
骴,支A
𣐑,支A
胔,支A
飺,支A
鴜,支A
貲,支A
頿,支A
𪕊,支A
鮆,支A
訾,支A
鄑,支A
㠿,支A
𨚖,支A
㰣,支A
鈭,支A
姕,支A
𦺱,支A
䖪,支A
觜,支A
羈,支B
畸,支B
羇,支B
掎,支B
妓,支B
躸,支B
卑,支A
鵯,支A
裨,支A
𩔹,支A
痺,支A
𢃍,支A
陴,支A
𩫫,支A
焷,支A
脾,支A
䴽,支A
埤,支A
𧓎,支A
𪌈,支A
䌳,支A
絁,支A
施,支A
葹,支A
䙾,支A
鸍,支A
𪓿,支A
䗐,支A
𧠜,支A
𢻫,支A
斯,支A
虒,支A
榹,支A
㴲,支A
廝,支A
㒋,支A
凘,支A
磃,支A
𪆁,支A
蟴,支A
䫢,支A
䔮,支A
𥕶,支A
蜤,支A
燍,支A
禠,支A
鐁,支A
嵯,支B
𪙉,支B
摛,支B
螭,支B
魑,支B
𡴥,支B
彲,支B
彌,支A
𢏏,支A
镾,支A
䍘,支A
𨤐,支A
㣆,支A
獼,支A
𥸀,支A
擟,支A
麊,支A
冞,支A
㜷,支A
䥸,支A
𥎖,支A
雌,支A
𦙼,支A
𦍧,支A
知,支B
䵹,支B
鼅,支B
蜘,支B
䣽,支B
䝷,支B
漪,支B
猗,支B
椅,支B
旖,支B
禕,支B
陭,支B
欹,支B
㾨,支B
犄,支B
𩕲,支B
檹,支B
馳,支B
篪,支B
䶵,支B
踟,支B
䪧,支B
䶔,支B
䞾,支B
危,支B
㕒,支B
洈,支B
峗,支B
簁,支B
襹,支B
褷,支B
䬐,支A
厜,支A
㭰,支A
𩓸,支A
𩓡,支A
槻,支A
規,支A
鬹,支A
𨾚,支A
摫,支A
𦸺,支A
㷷,支A
㩾,支B
䮔,支A
齜,支B
䔺,支A
𩁌,支A
欈,支A
𧲚,支A
䝐,支A
脂,脂A
祗,脂A
鴲,脂A
㴯,脂A
䓜,脂A
𥁼,脂A
姨,脂A
彞,脂A
夷,脂A
峓,脂A
恞,脂A
眱,脂A
𣟗,脂A
珆,脂A
𡰥,脂A
痍,脂A
䧅,脂A
蛦,脂A
胰,脂A
羨,脂A
𢓡,脂A
𡱐,脂A
跠,脂A
師,脂B
鰤,脂B
蒒,脂B
篩,脂B
獅,脂B
螄,脂B
𣬈,脂A
毗,脂A
琵,脂A
芘,脂A
沘,脂A
貔,脂A
豼,脂A
肶,脂A
蚍,脂A
𧖈,脂A
枇,脂A
𨈚,脂A
魮,脂A
𦳈,脂A
𦊁,脂A
阰,脂A
𧑜,脂A
鵧,脂A
咨,脂A
資,脂A
粢,脂A
𪗉,脂A
𪗋,脂A
𧞓,脂A
諮,脂A
姿,脂A
齍,脂A
澬,脂A
𣳩,脂A
𩆂,脂A
𩄚,脂A
飢,脂B
机,脂B
肌,脂B
虮,脂B
鴟,脂A
𨾦,脂A
鵄,脂A
胵,脂A
𩶅,脂A
𧪡,脂A
𨒬,脂A
絺,脂B
郗,脂B
𥭘,脂B
瓻,脂B
訵,脂B
趑,脂A
趀,脂A
𧾒,脂A
𧠵,脂A
𡰾,脂A
𡳠,脂A
蠀,脂A
茨,脂A
薋,脂A
餈,脂A
𩜴,脂A
䆅,脂A
𧓉,脂A
瓷,脂A
尼,脂B
柅,脂B
怩,脂B
蚭,脂B
跜,脂B
呢,脂B
𩚯,脂B
䝚,脂B
墀,脂B
𡎰,脂B
泜,脂B
遲,脂B
遟,脂B
蚳,脂B
彽,脂B
阺,脂B
謘,脂B
貾,脂B
私,脂A
鋖,脂A
厶,脂A
𦮺,脂A
㺨,脂A
尸,脂A
鳲,脂A
屍,脂A
蓍,脂A
鬐,脂B
𦓀,脂B
耆,脂B
愭,脂B
𧡺,脂B
𥉙,脂B
䅲,脂B
祁,脂B
𨪌,脂B
鰭,脂B
鮨,脂B
伊,脂A
咿,脂A
𧉅,脂A
棃,脂A
梨,脂A
𠠍,脂A
秜,脂A
蜊,脂A
犂,脂A
刕,脂A
𢤂,脂A
鑗,脂A
䴻,脂A
蟍,脂A
葵,脂A
鄈,脂A
楑,脂A
𩹍,脂A
𢜽,脂A
䳫,脂A
𧍜,脂A
追,脂B
䨨,脂B
𪚦,脂B
𤕣,脂B
䟸,脂B
蕤,脂A
緌,脂A
桵,脂A
䅑,脂A
榱,脂B
𤸬,脂B
惟,脂A
𣄧,脂A
維,脂A
遺,脂A
濰,脂A
壝,脂A
𥌰,脂A
蓶,脂A
琟,脂A
唯,脂A
𧔥,脂A
㶟,脂A
纍,脂A
虆,脂A
欙,脂A
𤜖,脂A
𡿔,脂A
㠥,脂A
𡤯,脂A
𥍔,脂A
鸓,脂A
纝,脂A
綏,脂A
雖,脂A
荾,脂A
荽,脂A
䒘,脂A
濉,脂A
逵,脂B
夔,脂B
𣦞,脂B
戣,脂B
鍨,脂B
犪,脂B
躨,脂B
𨾗,脂B
頯,脂B
𢌳,脂B
眉,脂B
睂,脂B
嵋,脂B
湄,脂B
𤃱,脂B
鶥,脂B
楣,脂B
瑂,脂B
覹,脂B
麋,脂B
蘪,脂B
郿,脂B
葿,脂B
攗,脂B
悲,脂B
錐,脂A
隹,脂A
𪋇,脂A
騅,脂A
㮅,脂A
䶆,脂A
誰,脂A
脽,脂A
帷,脂B
邳,脂B
鉟,脂B
䲹,脂B
岯,脂B
魾,脂B
䫠,脂B
丕,脂B
㔻,脂B
伾,脂B
䪹,脂B
駓,脂B
怌,脂B
豾,脂B
髬,脂B
倠,脂A
婎,脂A
𢊄,脂A
椎,脂B
桘,脂B
顀,脂B
胝,脂B
疷,脂B
秪,脂B
㩺,脂A
𧧺,脂A
𢞗,脂A
嶉,脂A
巋,脂B
咦,脂A
忾,脂A
䐅,脂A
𣢂,脂A
之,之
芝,之
㞢,之
飴,之
𩛛,之
䬮,之
怡,之
弬,之
媐,之
异,之
㼢,之
𣐵,之
圯,之
貽,之
巸,之
洍,之
𦣝,之
𩠞,之
頤,之
㺿,之
沶,之
宧,之
𦚟,之
䱌,之
姬,之
眙,之
瓵,之
時,之
旹,之
塒,之
鼭,之
榯,之
蒔,之
鰣,之
疑,之
思,之
恖,之
司,之
罳,之
伺,之
絲,之
緦,之
𥯨,之
禗,之
覗,之
㺇,之
𥄶,之
蕬,之
楒,之
輜,之
颸,之
其,之
期,之
旗,之
綦,之
綨,之
𢃛,之
萁,之
𧯯,之
蜝,之
琪,之
麒,之
騏,之
淇,之
䳢,之
錤,之
藄,之
棊,之
櫀,之
碁,之
𤪌,之
璂,之
鯕,之
祺,之
禥,之
踑,之
𦪆,之
䑴,之
畁,之
䶞,之
詩,之
邿,之
齝,之
𪗪,之
呞,之
而,之
栭,之
𣚊,之
𨼏,之
陑,之
髵,之
峏,之
𨎪,之
輀,之
𦠌,之
胹,之
𦓒,之
𩰴,之
洏,之
咡,之
誀,之
鴯,之
欺,之
娸,之
䫏,之
𠐾,之
魌,之
僛,之
𪅾,之
𪀩,之
朞,之
稘,之
基,之
箕,之
䇫,之
諅,之
諆,之
詞,之
祠,之
柌,之
辭,之
辤,之
辝,之
釐,之
貍,之
狸,之
嫠,之
剺,之
梩,之
𣁟,之
倈,之
艃,之
孷,之
𢟤,之
𩭇,之
㾖,之
𠩬,之
𠭰,之
葘,之
甾,之
湽,之
𥀜,之
茬,之
輺,之
鍿,之
鶅,之
緇,之
䊷,之
椔,之
鯔,之
䎩,之
䣎,之
僖,之
歖,之
熙,之
嬉,之
禧,之
譆,之
𠩺,之
瞦,之
熹,之
嘻,之
𣢑,之
娭,之
誒,之
醫,之
毉,之
譩,之
癡,之
笞,之
痴,之
持,之
蚩,之
嗤,之
妛,之
媸,之
𦐉,之
𥉍,之
慈,之
礠,之
鶿,之
濨,之
兹,之
孳,之
嵫,之
孜,之
滋,之
嗞,之
𪑿,之
鎡,之
孖,之
鰦,之
仔,之
鷀,之
漦,之
䀵,之
微,微
𢼸,微
䥩,微
癓,微
揮,微
輝,微
暉,微
徽,微
翬,微
褘,微
鰴,微
幑,微
瀈,微
㫎,微
幃,微
韋,微
闈,微
圍,微
䙟,微
𩎯,微
違,微
湋,微
囗,微
鍏,微
潿,微
婔,微
𧝕,微
𠆎,微
𢾁,微
霏,微
䬠,微
菲,微
䩁,微
婓,微
騑,微
裶,微
猆,微
飛,微
扉,微
緋,微
𩙲,微
非,微
馡,微
𩹉,微
騛,微
誹,微
餥,微
肥,微
腓,微
䈈,微
淝,微
𤷂,微
蜰,微
蟦,微
威,微
葳,微
隇,微
㟪,微
蝛,微
鰄,微
媁,微
楲,微
祈,微
頎,微
旂,微
𩴆,微
畿,微
㙨,微
𧰙,微
𦠄,微
幾,微
玂,微
蟣,微
岓,微
𪙧,微
機,微
譏,微
嘰,微
𦺬,微
磯,微
鞿,微
饑,微
禨,微
䟇,微
鐖,微
僟,微
璣,微
𧗇,微
希,微
晞,微
莃,微
鵗,微
睎,微
稀,微
豨,微
𧻶,微
悕,微
俙,微
欷,微
依,微
郼,微
衣,微
㛄,微
䧇,微
㥋,微
沂,微
溰,微
巍,微
犩,微
歸,微
㱕,微
魚,魚
𩺰,魚
漁,魚
𩼪,魚
䰻,魚
,魚
鋙,魚
䁩,魚
初,魚
𠿝,魚
書,魚
鵨,魚
瑹,魚
舒,魚
𦺗,魚
紓,魚
𨛭,魚
𡨢,魚
据,魚
裾,魚
琚,魚
䝻,魚
鶋,魚
蜛,魚
崌,魚
椐,魚
涺,魚
𦱅,魚
腒,魚
渠,魚
𨎶,魚
𦄽,魚
璩,魚
磲,魚
蕖,魚
籧,魚
𥴧,魚
淭,魚
𪆫,魚
螶,魚
蟝,魚
䝣,魚
豦,魚
鐻,魚
璖,魚
𨞙,魚
㯫,魚
䟊,魚
𦼫,魚
䆽,魚
𧝔,魚
懅,魚
蜍,魚
藇,魚
㶛,魚
餘,魚
輿,魚
旟,魚
璵,魚
艅,魚
畬,魚
𤰩,魚
𤄕,魚
歟,魚
與,魚
譽,魚
嬩,魚
舁,魚
擧,魚
妤,魚
伃,魚
㦛,魚
𪋮,魚
予,魚
㺞,魚
𩦡,魚
𧾚,魚
狳,魚
鸒,魚
雓,魚
胥,魚
䱬,魚
䈝,魚
稰,魚
楈,魚
諝,魚
㥠,魚
湑,魚
揟,魚
疽,魚
岨,魚
砠,魚
䢸,魚
趄,魚
沮,魚
狙,魚
䏣,魚
蛆,魚
雎,魚
𣻐,魚
坥,魚
𡳆,魚
鉏,魚
鋤,魚
耡,魚
豠,魚
𧱑,魚
𪆷,魚
攄,魚
㯉,魚
摴,魚
䟽,魚
梳,魚
綀,魚
蔬,魚
踈,魚
𥿇,魚
𦌿,魚
𤕟,魚
㽰,魚
虚,魚
驉,魚
歔,魚
噓,魚
魖,魚
𥛳,魚
徐,魚
䍱,魚
俆,魚
扵,魚
箊,魚
淤,魚
唹,魚
豬,魚
䐗,魚
猪,魚
瀦,魚
櫫,魚
藸,魚
臚,魚
閭,魚
廬,魚
櫚,魚
驢,魚
藘,魚
䕡,魚
爈,魚
𤁵,魚
㠠,魚
櫖,魚
璷,魚
䮉,魚
𥶆,魚
𢣻,魚
櫧,魚
㶆,魚
藷,魚
𧄔,魚
䃴,魚
蠩,魚
除,魚
躇,魚
儲,魚
篨,魚
𦿀,魚
宁,魚
㾻,魚
滁,魚
蒢,魚
如,魚
𨚴,魚
洳,魚
鴽,魚
𨾵,魚
𡫽,魚
茹,魚
墟,魚
𥬔,魚
袪,魚
阹,魚
㠊,魚
𢴮,魚
㭕,魚
䒧,魚
菹,魚
𧄗,魚
袽,魚
帤,魚
𣭠,魚
𣖹,魚
虞,虞
𩦢,虞
愚,虞
湡,虞
堣,虞
𪃍,虞
嵎,虞
禺,虞
隅,虞
䴁,虞
鍝,虞
澞,虞
𧍪,虞
㷒,虞
鸆,虞
𨜖,虞
芻,虞
犓,虞
無,虞
毋,虞
瞴,虞
蕪,虞
誣,虞
巫,虞
莁,虞
璑,虞
𨼊,虞
鷡,虞
𦌬,虞
𢃀,虞
譕,虞
鵐,虞
憮,虞
䍢,虞
于,虞
迂,虞
盂,虞
邘,虞
雩,虞
𦏴,虞
竽,虞
玗,虞
芋,虞
䣿,虞
杅,虞
釪,虞
𧘘,虞
骬,虞
𠌶,虞
謣,虞
䩒,虞
䢓,虞
𦱃,虞
訏,虞
吁,虞
欨,虞
㽳,虞
盱,虞
𧙆,虞
𥈈,虞
姁,虞
𦀒,虞
扜,虞
荂,虞
𢖳,虞
旴,虞
㰭,虞
𥈸,虞
衢,虞
劬,虞
氍,虞
眗,虞
䧁,虞
臞,虞
癯,虞
鸜,虞
灈,虞
躣,虞
忂,虞
𩢳,虞
鼩,虞
斪,虞
蠷,虞
瞿,虞
欋,虞
葋,虞
翑,虞
𪓞,虞
𧾱,虞
䞤,虞
𠣪,虞
絇,虞
𡱺,虞
𥃔,虞
𥗫,虞
戵,虞
鑺,虞
儒,虞
襦,虞
懦,虞
嚅,虞
鱬,虞
𪋯,虞
嬬,虞
繻,虞
顬,虞
䞕,虞
臑,虞
醹,虞
須,虞
鬚,虞
嬃,虞
𩓣,虞
𥪥,虞
𢄼,虞
需,虞
娶,虞
蕦,虞
鑐,虞
隃,虞
株,虞
誅,虞
邾,虞
鼄,虞
蛛,虞
跦,虞
袾,虞
㦵,虞
鴸,虞
𪏿,虞
貙,虞
𤠾,虞
殊,虞
銖,虞
洙,虞
茱,虞
㼡,虞
殳,虞
𢎦,虞
㸡,虞
𦤂,虞
陎,虞
杸,虞
逾,虞
踰,虞
楰,虞
腴,虞
諛,虞
鄃,虞
覦,虞
𨵦,虞
愉,虞
瑜,虞
崳,虞
㥚,虞
羭,虞
蝓,虞
榆,虞
萸,虞
堬,虞
渝,虞
𤜹,虞
𤧙,虞
瘉,虞
螸,虞
蕍,虞
𦺮,虞
䩱,虞
䜽,虞
萮,虞
𧃠,虞
㼶,虞
騟,虞
𢔢,虞
𥯮,虞
𥔢,虞
鰸,虞
驅,虞
敺,虞
嶇,虞
軀,虞
䧢,虞
朱,虞
珠,虞
侏,虞
絑,虞
秼,虞
鮢,虞
𤝹,虞
硃,虞
趨,虞
氀,虞
㟺,虞
㺏,虞
𤗬,虞
扶,虞
𢺻,虞
芙,虞
符,虞
颫,虞
鳧,虞
榑,虞
苻,虞
蚨,虞
夫,虞
𦽏,虞
𣿆,虞
𧥱,虞
枎,虞
坿,虞
泭,虞
𣻜,虞
𤱽,虞
𣘧,虞
𣻥,虞
𢞦,虞
𦑹,虞
𦔾,虞
玸,虞
䅳,虞
雛,虞
鶵,虞
媰,虞
敷,虞
麩,虞
麱,虞
孚,虞
𣞒,虞
郛,虞
筟,虞
俘,虞
怤,虞
䎔,虞
𧀮,虞
孵,虞
尃,虞
稃,虞
𥹃,虞
郙,虞
㕊,虞
㩤,虞
姇,虞
紨,虞
䓵,虞
㲗,虞
䓏,虞
諏,虞
㖩,虞
𡸨,虞
娵,虞
跗,虞
趺,虞
膚,虞
肤,虞
邞,虞
鈇,虞
衭,虞
㠸,虞
玞,虞
𩿧,虞
𧀴,虞
簠,虞
鳺,虞
柎,虞
𩬙,虞
𩵩,虞
䄮,虞
䃿,虞
紆,虞
陓,虞
䩽,虞
㝼,虞
虶,虞
䨕,虞
輸,虞
樞,虞
姝,虞
𩪍,虞
䇬,虞
廚,虞
蹰,虞
趎,虞
幮,虞
拘,虞
駒,虞
䀠,虞
㪺,虞
𨞜,虞
跔,虞
鮈,虞
俱,虞
痀,虞
𥇛,虞
毹,虞
㡏,虞
橾,虞
螋,虞
模,模
橅,模
嫫,模
謨,模
𠻚,模
酺,模
匍,模
荹,模
䔕,模
蒲,模
蒱,模
䈻,模
胡,模
𩑶,模
𠴱,模
壺,模
狐,模
瓳,模
餬,模
瑚,模
湖,模
鶘,模
猢,模
醐,模
𪏻,模
䊀,模
𪍒,模
糊,模
弧,模
乎,模
𠀒,模
𪕱,模
瓠,模
葫,模
㾰,模
魱,模
箶,模
䉉,模
𥶜,模
𧛞,模
㯛,模
孤,模
苽,模
菰,模
胍,模
𡗷,模
姑,模
辜,模
呱,模
泒,模
酤,模
觚,模
蛄,模
箛,模
鴣,模
橭,模
𠷞,模
沽,模
柧,模
𨬕,模
𧇡,模
盬,模
嫴,模
罛,模
軱,模
箍,模
䐻,模
徒,模
𨑒,模
瘏,模
途,模
酴,模
駼,模
𤙛,模
㭸,模
圖,模
𤺈,模
菟,模
捈,模
䅷,模
嵞,模
峹,模
鍍,模
蒤,模
䖘,模
鷵,模
奴,模
㚢,模
砮,模
駑,模
孥,模
呼,模
嘑,模
𧦝,模
歑,模
謼,模
幠,模
恗,模
軤,模
虍,模
苸,模
雐,模
䰧,模
滹,模
鼯,模
𪁙,模
𧋋,模
吳,模
浯,模
䓊,模
㹳,模
㻍,模
珸,模
蜈,模
郚,模
鯃,模
娪,模
梧,模
峿,模
𦨳,模
祦,模
租,模
盧,模
鑪,模
壚,模
籚,模
顱,模
髗,模
鱸,模
攎,模
櫨,模
轤,模
黸,模
獹,模
鸕,模
艫,模
纑,模
瀘,模
瓐,模
爐,模
玈,模
𢐸,模
㢚,模
𤮧,模
嚧,模
矑,模
㿖,模
㭔,模
𧇄,模
𧆨,模
罏,模
蠦,模
㪭,模
𦿊,模
蘇,模
穌,模
㢝,模
酥,模
徂,模
䢐,模
殂,模
𣨐,模
烏,模
嗚,模
洿,模
汚,模
杇,模
圬,模
鰞,模
歍,模
鎢,模
㢪,模
瑦,模
盓,模
螐,模
扝,模
𦶀,模
㮧,模
鴮,模
逋,模
餔,模
𥂈,模
晡,模
庯,模
陠,模
鵏,模
𧻷,模
峬,模
誧,模
抪,模
枯,模
刳,模
郀,模
軲,模
㱠,模
跍,模
挎,模
鮬,模
麤,模
麁,模
𧆓,模
𥼡,模
𤿚,模
㻌,模
稌,模
嶀,模
㻯,模
𡸂,模
庩,模
䞮,模
㻬,模
䩣,模
都,模
𥳉,模
𦘴,模
𧷿,模
䩲,模
𥠵,模
𩹲,模
𨁏,模
䮒,模
𢼹,模
齊,齊
臍,齊
蠐,齊
𪗍,齊
懠,齊
䶒,齊
癠,齊
𨥳,齊
黎,齊
犁,齊
𤛿,齊
黧,齊
藜,齊
𦃇,齊
盠,齊
邌,齊
𨛫,齊
廲,齊
瓈,齊
𥌛,齊
𩧋,齊
㦒,齊
𨿯,齊
妻,齊
萋,齊
淒,齊
凄,齊
悽,齊
鶈,齊
緀,齊
齌,齊
霋,齊
低,齊
袛,齊
磾,齊
鞮,齊
腣,齊
羝,齊
隄,齊
䧑,齊
奃,齊
趆,齊
𡰖,齊
鍉,齊
柢,齊
䐎,齊
䚣,齊
𥿄,齊
㓳,齊
䬫,齊
嗁,齊
啼,齊
㖒,齊
蹏,齊
蹄,齊
𥶛,齊
瑅,齊
題,齊
𧡨,齊
綈,齊
罤,齊
𣹲,齊
𣖅,齊
締,齊
蕛,齊
稊,齊
𦯔,齊
䬾,齊
醍,齊
鵜,齊
䱱,齊
崹,齊
緹,齊
騠,齊
䨑,齊
䖙,齊
𥉘,齊
𢔭,齊
𡰄,齊
厗,齊
𪂿,齊
鶙,齊
蝭,齊
𨪉,齊
㡗,齊
銻,齊
鮷,齊
趧,齊
𧋘,齊
豍,齊
㡙,齊
螕,齊
𦱔,齊
蓖,齊
篦,齊
梐,齊
𥏠,齊
𨻼,齊
狴,齊
鎞,齊
䚜,齊
雞,齊
鷄,齊
稽,齊
枅,齊
笄,齊
㮷,齊
䗗,齊
卟,齊
𨪴,齊
奚,齊
豯,齊
徯,齊
㜎,齊
蹊,齊
螇,齊
騱,齊
胿,齊
𡗞,齊
郋,齊
𪓷,齊
傒,齊
嵇,齊
兮,齊
鼷,齊
蒵,齊
貕,齊
鷖,齊
翳,齊
𧫦,齊
嫛,齊
黳,齊
㙠,齊
䃜,齊
繄,齊
䚷,齊
𣕁,齊
倪,齊
郳,齊
齯,齊
婗,齊
輗,齊
棿,齊
猊,齊
麑,齊
貎,齊
鯢,齊
𠆵,齊
觬,齊
㪒,齊
醯,齊
䒊,齊
𦫬,齊
忚,齊
西,齊
卤,齊
𠧧,齊
棲,齊
栖,齊
犀,齊
嘶,齊
撕,齊
𤺊,齊
㯕,齊
屖,齊
𧬊,齊
𠞂,齊
梯,齊
睇,齊
鷈,齊
𠥸,齊
㔸,齊
𨁃,齊
𩤽,齊
鼙,齊
㼰,齊
笓,齊
磇,齊
𠜱,齊
𪄆,齊
批,齊
賷,齊
𩐒,齊
齏,齊
𧅱,齊
櫅,齊
䂑,齊
擠,齊
躋,齊
隮,齊
𢥎,齊
迷,齊
𡝠,齊
䤍,齊
麛,齊
𧠠,齊
𪓬,齊
泥,齊
屔,齊
谿,齊
嵠,齊
溪,齊
磎,齊
鸂,齊
檕,齊
𤳤,齊
圭,齊
珪,齊
邽,齊
閨,齊
袿,齊
窐,齊
𪊧,齊
𨾴,齊
𡌲,齊
𦓯,齊
茥,齊
睽,齊
奎,齊
刲,齊
𠝥,齊
䯓,齊
聧,齊
䖯,齊
蝰,齊
㨒,齊
楏,齊
藈,齊
攜,齊
携,齊
𩰳,齊
畦,齊
驨,齊
雟,齊
酅,齊
𢥘,齊
𦋅,齊
𣫴,齊
𡸔,齊
㔒,齊
䙵,齊
𡰢,齊
䀘,齊
𧟼,齊
𤮰,齊
睳,齊
佳,佳
㥟,佳
膎,佳
鞵,佳
䙎,佳
䱝,佳
𥱼,佳
𧬭,佳
歄,佳
鼃,佳
咼,佳
喎,佳
絓,佳
䓙,佳
𦹬,佳
柴,佳
祡,佳
𪗶,佳
㾹,佳
釵,佳
𩑐,佳
芆,佳
㼮,佳
竵,佳
𦶎,佳
𡁑,佳
𩝨,佳
䍲,佳
誽,佳
啀,佳
𪘲,佳
厓,佳
娃,佳
𠴺,佳
㗨,佳
㰨,佳
扠,佳
䁲,佳
𩍃,佳
皆,皆
偕,皆
喈,皆
階,皆
痎,皆
堦,皆
楷,皆
鶛,皆
湝,皆
𤭧,皆
𩘅,皆
蝔,皆
鍇,皆
𢰇,皆
諧,皆
𩤠,皆
骸,皆
瑎,皆
龤,皆
排,皆
俳,皆
乖,皆
𦮃,皆
𠦬,皆
㾩,皆
懷,皆
褱,皆
㜳,皆
𪊉,皆
㠢,皆
𤜄,皆
淮,皆
褢,皆
𧞷,皆
瀤,皆
㨤,皆
㔞,皆
豺,皆
儕,皆
𡺵,皆
𩓬,皆
埋,皆
薶,皆
霾,皆
㦟,皆
齋,皆
崴,皆
䴜,皆
𪘨,皆
榸,皆
揩,皆
𦂄,皆
𢔡,皆
𥻄,皆
摨,皆
𥳧,皆
娾,皆
搋,皆
𢓬,皆
䐯,皆
膗,皆
𢶀,皆
灰,灰
䖶,灰
豗,灰
㾯,灰
恢,灰
詼,灰
魁,灰
𥲖,灰
㷇,灰
盔,灰
隈,灰
煨,灰
䋿,灰
渨,灰
椳,灰
偎,灰
𩗯,灰
揋,灰
𧤖,灰
葨,灰
鰃,灰
回,灰
洄,灰
迴,灰
徊,灰
瑰,灰
蚘,灰
蛕,灰
佪,灰
烠,灰
𤜡,灰
𩢱,灰
茴,灰
枚,灰
梅,灰
媒,灰
玫,灰
煤,灰
脢,灰
腜,灰
禖,灰
鋂,灰
䊈,灰
䤂,灰
傀,灰
𤪿,灰
𠐤,灰
瓌,灰
膭,灰
䕇,灰
雷,灰
𩂩,灰
儡,灰
㔣,灰
櫑,灰
罍,灰
鑘,灰
𦌵,灰
鐳,灰
𤮚,灰
畾,灰
穨,灰
頽,灰
㿉,灰
隤,灰
㢈,灰
魋,灰
蘈,灰
𧮓,灰
𧝋,灰
蹪,灰
𤗴,灰
崔,灰
催,灰
縗,灰
𨻵,灰
𢕘,灰
𧽠,灰
磓,灰
塠,灰
頧,灰
䭔,灰
堆,灰
鴭,灰
𠩰,灰
搥,灰
䜃,灰
嵟,灰
𩈜,灰
𠂤,灰
𡏩,灰
𤗯,灰
挼,灰
毸,灰
摧,灰
慛,灰
槯,灰
徘,灰
陪,灰
𨛬,灰
䣙,灰
毰,灰
桮,灰
杯,灰
盃,灰
坯,灰
㾦,灰
𩵣,灰
𤬃,灰
鮠,灰
嵬,灰
磑,灰
峞,灰
𨌴,灰
𨋱,灰
㷟,灰
藬,灰
㞜,灰
𨡌,灰
脧,灰
䘒,灰
𡱥,灰
咍,咍
㾂,咍
𨸜,咍
開,咍
㱾,咍
奒,咍
㚊,咍
哀,咍
埃,咍
毐,咍
臺,咍
擡,咍
苔,咍
炱,咍
嬯,咍
薹,咍
儓,咍
檯,咍
駘,咍
𪒴,咍
籉,咍
跆,咍
𩿡,咍
該,咍
豥,咍
垓,咍
郂,咍
㱯,咍
剴,咍
陔,咍
姟,咍
晐,咍
峐,咍
祴,咍
賅,咍
㨟,咍
胲,咍
䶣,咍
裁,咍
財,咍
才,咍
材,咍
䴭,咍
溨,咍
𦬁,咍
來,咍
萊,咍
騋,咍
崍,咍
𤦃,咍
𧳟,咍
猍,咍
淶,咍
鯠,咍
鶆,咍
䅘,咍
䋱,咍
庲,咍
㾢,咍
棶,咍
逨,咍
𪎂,咍
麳,咍
𤲓,咍
𪑚,咍
徠,咍
烖,咍
灾,咍
災,咍
𤆎,咍
栽,咍
哉,咍
𡿧,咍
𢦔,咍
𦳦,咍
渽,咍
睵,咍
猜,咍
㯁,咍
胎,咍
孡,咍
鮐,咍
邰,咍
𧉟,咍
𩬠,咍
孩,咍
咳,咍
頦,咍
𧻲,咍
䠽,咍
䱺,咍
鰓,咍
揌,咍
䚡,咍
顋,咍
愢,咍
𪃄,咍
毢,咍
皚,咍
嵦,咍
敳,咍
隑,咍
獃,咍
㾍,咍
懛,咍
眞,眞A
振,眞A
禛,眞A
稹,眞A
畛,眞A
侲,眞A
桭,眞A
蒖,眞A
唇,眞A
㖘,眞A
帪,眞A
因,眞A
茵,眞A
鞇,眞A
禋,眞A
闉,眞A
氤,眞A
絪,眞A
垔,眞A
陻,眞A
㘻,眞A
堙,眞A
洇,眞A
姻,眞A
婣,眞A
諲,眞A
裀,眞A
歅,眞A
㧢,眞A
新,眞A
辛,眞A
薪,眞A
辰,眞A
晨,眞A
䢅,眞A
敐,眞A
宸,眞A
鷐,眞A
麎,眞A
茞,眞A
屒,眞A
臣,眞A
䢻,眞A
䣅,眞A
仁,眞A
朲,眞A
人,眞A
神,眞A
親,眞A
寴,眞A
𡪔,眞A
申,眞A
伸,眞A
紳,眞A
娠,眞A
呻,眞A
𣢘,眞A
𠲳,眞A
眒,眞A
㑗,眞A
𩉼,眞A
𣇗,眞A
身,眞A
柛,眞A
䰠,眞A
訷,眞A
賔,眞A
𧶉,眞A
濱,眞A
檳,眞A
䚔,眞A
顮,眞A
儐,眞A
鑌,眞A
矉,眞A
𩴱,眞A
㷠,眞A
燐,眞A
鄰,眞A
轔,眞A
嶙,眞A
粼,眞A
磷,眞A
疄,眞A
麟,眞A
麐,眞A
鱗,眞A
璘,眞A
駗,眞A
翷,眞A
𧲂,眞A
瞵,眞A
驎,眞A
壣,眞A
𩻜,眞A
繗,眞A
墐,眞B
珍,眞B
鎭,眞B
陳,眞B
敶,眞B
塵,眞B
津,眞A
𦩨,眞A
璡,眞A
𦘔,眞A
瞋,眞A
謓,眞A
䐜,眞A
𣞟,眞A
秦,眞A
螓,眞A
𤚩,眞A
夤,眞A
𦟘,眞A
螾,眞A
𡐔,眞A
紉,眞B
繽,眞A
䎙,眞A
𢣐,眞A
𩰝,眞A
頻,眞A
蘋,眞A
薲,眞A
嬪,眞A
㰋,眞A
獱,眞A
顰,眞A
𧭹,眞A
嚬,眞A
𦇖,眞A
𡤉,眞A
銀,眞B
㹞,眞B
䖜,眞B
檭,眞B
圁,眞B
誾,眞B
訔,眞B
嚚,眞B
巾,眞B
麏,眞B
麇,眞B
麕,眞B
頵,眞B
筠,眞B
囩,眞B
縜,眞B
荺,眞B
囷,眞B
箘,眞B
箟,眞B
輑,眞B
𧋕,眞B
峮,眞B
珉,眞B
岷,眞B
罠,眞B
緡,眞B
䪸,眞B
旻,眞B
旼,眞B
𤸅,眞B
㨉,眞B
忞,眞B
盿,眞B
鍲,眞B
𪃯,眞B
鈱,眞B
貧,眞B
𡧋,眞B
𪔗,眞B
贇,眞B
奫,眞B
彬,眞B
斌,眞B
份,眞B
玢,眞B
豳,眞B
邠,眞B
霦,眞B
㻞,眞B
攽,眞B
民,眞A
泯,眞A
諄,諄
𥇜,諄
肫,諄
訰,諄
椿,諄
楯,諄
輴,諄
䡅,諄
鶞,諄
杶,諄
櫄,諄
瑃,諄
䣩,諄
荀,諄
詢,諄
峋,諄
珣,諄
𣓓,諄
洵,諄
恂,諄
槆,諄
㰬,諄
純,諄
蓴,諄
蒓,諄
醇,諄
鶉,諄
𦎧,諄
陙,諄
淳,諄
𡗥,諄
焞,諄
犉,諄
𩀋,諄
瞤,諄
脣,諄
漘,諄
䔚,諄
㸪,諄
紃,諄
淪,諄
倫,諄
䑳,諄
輪,諄
陯,諄
鯩,諄
棆,諄
侖,諄
踚,諄
䈁,諄
迍,諄
逡,諄
竣,諄
皴,諄
㕙,諄
墫,諄
竴,諄
踆,諄
𠣟,諄
夋,諄
遵,諄
鷷,諄
春,諄
勻,諄
旬,諄
𠣙,諄
巡,諄
馴,諄
循,諄
揗,諄
䋸,諄
𪀠,諄
㽦,諄
䖲,諄
均,諄
鈞,諄
袀,諄
臻,臻
蓁,臻
搸,臻
溱,臻
潧,臻
𣓀,臻
榛,臻
樼,臻
莘,臻
㜪,臻
扟,臻
駪,臻
籸,臻
甡,臻
兟,臻
詵,臻
侁,臻
𩺵,臻
屾,臻
𨐔,臻
燊,臻
𦐹,臻
𢓠,臻
㯜,臻
𦿒,臻
文,文
聞,文
𦖫,文
彣,文
紋,文
雯,文
馼,文
蟁,文
蚊,文
螡,文
䰚,文
鳼,文
鼤,文
雲,文
芸,文
蕓,文
𦔐,文
𦓷,文
耘,文
鄖,文
妘,文
紜,文
澐,文
云,文
篔,文
䢵,文
員,文
𪔅,文
𧶊,文
耺,文
橒,文
䉙,文
煴,文
氳,文
蒀,文
𥠺,文
蘊,文
㚃,文
汾,文
墳,文
氛,文
𣱦,文
鼖,文
䩿,文
𪔵,文
焚,文
燌,文
羒,文
豶,文
羵,文
枌,文
蕡,文
𦶁,文
棼,文
魵,文
𧮱,文
妢,文
棻,文
梤,文
䫶,文
鐼,文
馩,文
馚,文
㞣,文
鼢,文
蚡,文
轒,文
分,文
饙,文
餴,文
𡊄,文
𣯻,文
羣,文
帬,文
裠,文
宭,文
薰,文
曛,文
勲,文
勛,文
熏,文
燻,文
獯,文
纁,文
醺,文
葷,文
焄,文
臐,文
君,文
軍,文
皸,文
桾,文
䇹,文
鮶,文
芬,文
紛,文
𢁥,文
𣬩,文
衯,文
𦐈,文
雰,文
𨷹,文
錀,文
欣,欣
忻,欣
昕,欣
訢,欣
炘,欣
邤,欣
慇,欣
㶏,欣
溵,欣
勤,欣
芹,欣
懃,欣
慬,欣
懄,欣
斤,欣
筋,欣
䈥,欣
䖐,欣
㹜,欣
斦,欣
元,元
原,元
𨙅,元
源,元
厵,元
杬,元
嫄,元
沅,元
騵,元
𧔞,元
芫,元
邧,元
榞,元
㹉,元
䬧,元
獂,元
阮,元
蒝,元
袁,元
爰,元
垣,元
𩫧,元
園,元
榬,元
轅,元
鶢,元
溒,元
𧻚,元
蝯,元
猨,元
猿,元
煩,元
𨆌,元
蹯,元
蘩,元
薠,元
樊,元
𢶃,元
繙,元
燔,元
膰,元
瀿,元
羳,元
䪤,元
鷭,元
蕃,元
蠜,元
礬,元
𪖇,元
𨟄,元
鐇,元
璠,元
𥢌,元
襎,元
袢,元
棥,元
緐,元
𥿋,元
墦,元
𢐲,元
䮳,元
旛,元
𧢜,元
藩,元
飜,元
翻,元
幡,元
𤃳,元
𤄜,元
轓,元
反,元
暄,元
萱,元
諼,元
塤,元
壎,元
喧,元
諠,元
愋,元
翧,元
䚭,元
蝖,元
冤,元
㠾,元
鵷,元
𣹠,元
惌,元
䥉,元
宛,元
𩝸,元
蒬,元
怨,元
𡟰,元
葾,元
䩩,元
裷,元
言,元
琂,元
䇾,元
䓂,元
攑,元
䞿,元
軒,元
掀,元
鶱,元
蓒,元
𢳚,元
𣘖,元
鞬,元
𩎀,元
㓺,元
腱,元
䭈,元
𩱡,元
𩱤,元
鱕,元
籓,元
𥴤,元
赶,元
䰟,魂
㮯,魂
䮝,魂
餛,魂
鼲,魂
渾,魂
𦸌,魂
俒,魂
㑮,魂
堚,魂
𢣒,魂
𣝂,魂
㨡,魂
顐,魂
琿,魂
昆,魂
晜,魂
𥊽,魂
菎,魂
㡓,魂
褌,魂
崐,魂
琨,魂
鵾,魂
鯤,魂
䖵,魂
蜫,魂
惃,魂
㱎,魂
錕,魂
瑻,魂
𪋆,魂
猑,魂
騉,魂
𥁕,魂
溫,魂
輼,魂
𩥈,魂
殟,魂
𨜵,魂
豱,魂
㼔,魂
𪉸,魂
門,魂
捫,魂
虋,魂
璊,魂
𤅣,魂
䫒,魂
𣯩,魂
䊟,魂
𪈿,魂
孫,魂
蓀,魂
飧,魂
蕵,魂
猻,魂
搎,魂
尊,魂
罇,魂
樽,魂
繜,魂
存,魂
蹲,魂
拵,魂
𨚲,魂
㢯,魂
驐,魂
墩,魂
𤭞,魂
暾,魂
燉,魂
涒,魂
𧑒,魂
黗,魂
豚,魂
㹠,魂
豘,魂
臀,魂
𦞠,魂
𩪡,魂
軘,魂
飩,魂
𥴫,魂
坉,魂
邨,魂
忳,魂
啍,魂
芚,魂
庉,魂
𪎶,魂
𤫭,魂
村,魂
瘒,魂
梱,魂
盆,魂
𪂽,魂
奔,魂
犇,魂
崘,魂
菕,魂
坤,魂
巛,魂
髡,魂
𩒱,魂
臗,魂
昏,魂
惛,魂
婚,魂
棔,魂
閽,魂
殙,魂
𣣏,魂
噴,魂
歕,魂
黁,魂
痕,痕
鞎,痕
拫,痕
㯊,痕
根,痕
跟,痕
𣥦,痕
恩,痕
𤇯,痕
煾,痕
寒,寒
𩏑,寒
韓,寒
𦺦,寒
翰,寒
鶾,寒
邗,寒
虷,寒
汗,寒
𧃙,寒
䮧,寒
犴,寒
𡽜,寒
襌,寒
鄲,寒
丹,寒
殫,寒
簞,寒
匰,寒
㠆,寒
䐷,寒
安,寒
䀂,寒
鞌,寒
䢿,寒
侒,寒
難,寒
𪇠,寒
𩁘,寒
𩁣,寒
餐,寒
湌,寒
䉔,寒
灘,寒
嘆,寒
擹,寒
攤,寒
㨏,寒
𦙽,寒
跚,寒
珊,寒
姍,寒
䈀,寒
壇,寒
檀,寒
彈,寒
但,寒
胆,寒
唌,寒
殘,寒
䏼,寒
戔,寒
𥂥,寒
𣦻,寒
干,寒
漧,寒
竿,寒
肝,寒
奸,寒
鳱,寒
玕,寒
迀,寒
㿻,寒
𢧀,寒
忓,寒
𨝌,寒
𡯋,寒
蘭,寒
瀾,寒
闌,寒
讕,寒
攔,寒
𨷻,寒
籣,寒
䪍,寒
欄,寒
躝,寒
幱,寒
㘓,寒
看,寒
栞,寒
𣓁,寒
刊,寒
頇,寒
鼾,寒
桓,桓
完,桓
䴟,桓
𩾞,桓
丸,桓
瓛,桓
紈,桓
𦼉,桓
汍,桓
芄,桓
豲,桓
梡,桓
荁,桓
綄,桓
𦏊,桓
萈,桓
狟,桓
㿪,桓
垸,桓
寏,桓
捖,桓
岏,桓
刓,桓
园,桓
忨,桓
䯈,桓
抏,桓
𠒢,桓
端,桓
𧤗,桓
耑,桓
鍴,桓
𥵣,桓
𦾸,桓
偳,桓
剜,桓
豌,桓
帵,桓
貒,桓
䵎,桓
煓,桓
酸,桓
狻,桓
䝜,桓
痠,桓
𩆑,桓
團,桓
慱,桓
𧐕,桓
漙,桓
𪆃,桓
𩅂,桓
櫕,桓
巑,桓
𩎈,桓
酇,桓
𥣚,桓
劗,桓
官,桓
悹,桓
棺,桓
觀,桓
貫,桓
冠,桓
涫,桓
毌,桓
鑾,桓
鸞,桓
巒,桓
欒,桓
羉,桓
𧄶,桓
㱍,桓
灤,桓
圞,桓
曫,桓
歡,桓
懽,桓
驩,桓
貛,桓
𪈩,桓
鴅,桓
酄,桓
獾,桓
犿,桓
𡚊,桓
𠂄,桓
寬,桓
鑚,桓
𩎑,桓
䡽,桓
𣀶,桓
槃,桓
盤,桓
鎜,桓
柈,桓
瘢,桓
磻,桓
幋,桓
磐,桓
蹣,桓
鞶,桓
𪄀,桓
𥈼,桓
縏,桓
𪒀,桓
䈲,桓
𤠍,桓
瞞,桓
顢,桓
䊡,桓
饅,桓
慲,桓
鏝,桓
槾,桓
墁,桓
㒼,桓
鞔,桓
䜱,桓
𤡁,桓
𦔔,桓
悗,桓
潘,桓
㽃,桓
拌,桓
㢖,桓
𤺏,桓
𤳖,桓
刪,刪
訕,刪
潸,刪
𣧱,刪
狦,刪
關,刪
関,刪
癏,刪
擐,刪
𠴨,刪
𢇇,刪
彎,刪
灣,刪
䘎,刪
𩅦,刪
𣠯,刪
環,刪
𠟼,刪
鬟,刪
闤,刪
糫,刪
鍰,刪
鐶,刪
轘,刪
𡍦,刪
䍺,刪
𦏖,刪
澴,刪
𩙽,刪
㡲,刪
𦣴,刪
班,刪
螌,刪
斑,刪
辬,刪
扳,刪
𠔯,刪
蠻,刪
𪈮,刪
鬘,刪
䅼,刪
𪑪,刪
顏,刪
楌,刪
姦,刪
菅,刪
葌,刪
䔵,刪
攀,刪
眅,刪
奻,刪
頑,刪
鬜,刪
山,山
邖,山
鰥,山
䤽,山
閒,山
艱,山
囏,山
蕑,山
閑,山
嫺,山
癇,山
𩦂,山
蛝,山
瞯,山
鷴,山
藖,山
慳,山
𧢞,山
顅,山
鬝,山
𩋆,山
羴,山
㗴,山
虤,山
㸶,山
黫,山
斕,山
𢿻,山
𢛓,山
嘫,山
㺗,山
㣶,山
先,先
蹮,先
𥑻,先
前,先
歬,先
騚,先
千,先
圱,先
阡,先
汘,先
仟,先
芊,先
谸,先
迁,先
杄,先
箋,先
牋,先
㮍,先
瀳,先
韉,先
𢃬,先
𣚙,先
𣝕,先
𨕨,先
天,先
𠀘,先
䒶,先
𦧝,先
堅,先
𢮂,先
㡉,先
幵,先
肩,先
豜,先
𧱚,先
猏,先
菺,先
麉,先
鵳,先
鰹,先
䌑,先
賢,先
弦,先
絃,先
舷,先
胘,先
蚿,先
𢛆,先
𠛑,先
伭,先
𦱁,先
婱,先
𧼏,先
痃,先
煙,先
𡨾,先
𤎟,先
燕,先
咽,先
驠,先
胭,先
𥷀,先
憐,先
嗹,先
縺,先
𪍴,先
𨏩,先
田,先
佃,先
畋,先
窴,先
闐,先
䟧,先
鈿,先
䡘,先
沺,先
鷏,先
𨌈,先
滇,先
搷,先
秊,先
年,先
顚,先
㒹,先
齻,先
𩥄,先
槙,先
瘨,先
癲,先
𧽍,先
巔,先
𠑘,先
傎,先
蹎,先
厧,先
牽,先
縴,先
郉,先
汧,先
蚈,先
岍,先
姸,先
硏,先
𥓋,先
揅,先
㿼,先
趼,先
眠,先
䏃,先
𥌂,先
䰓,先
㝰,先
蹁,先
骿,先
駢,先
㼐,先
胼,先
賆,先
琕,先
淵,先
𠝃,先
囦,先
㾓,先
剈,先
𨓯,先
䨊,先
涓,先
睊,先
蠲,先
𦮻,先
䅌,先
鵑,先
鞙,先
鋗,先
駽,先
㘣,先
梋,先
邊,先
籩,先
𤄺,先
甂,先
蝙,先
𥣰,先
𨇱,先
𠑟,先
牑,先
玄,先
縣,先
懸,先
眩,先
䮄,先
玹,先
玆,先
䙲,先
𠆺,先
盷,先
祆,先
訮,先
𤜼,先
仙,仙A
僊,仙A
㒨,仙A
㲔,仙A
䉳,仙A
苮,仙A
秈,仙A
鮮,仙A
硟,仙A
鱻,仙A
廯,仙A
錢,仙A
𧔢,仙A
遷,仙A
𨙙,仙A
𠨧,仙A
𨝍,仙A
櫏,仙A
䉦,仙A
韆,仙A
㿊,仙A
煎,仙A
葏,仙A
鬋,仙A
然,仙A
燃,仙A
𤡮,仙A
肰,仙A
繎,仙A
𥳚,仙A
䕼,仙A
𤓉,仙A
埏,仙A
筵,仙A
狿,仙A
郔,仙A
綖,仙A
䘰,仙A
鋋,仙A
䀽,仙A
𨕐,仙A
䢭,仙A
莚,仙A
𩜾,仙A
饘,仙A
旃,仙A
旜,仙A
栴,仙A
氈,仙A
鸇,仙A
𩔣,仙A
邅,仙B
𧾍,仙B
鱣,仙B
𩼼,仙B
羶,仙A
挻,仙A
扇,仙A
煽,仙A
鯅,仙A
梴,仙B
㢟,仙B
蟬,仙A
禪,仙A
嬋,仙A
纏,仙B
緾,仙B
躔,仙B
瀍,仙B
鄽,仙B
𨷭,仙B
𧔊,仙B
廛,仙B
㙻,仙B
嘕,仙B
屳,仙B
𦒜,仙B
連,仙A
聮,仙A
漣,仙A
翴,仙A
鰱,仙A
㺦,仙A
䃛,仙A
㦁,仙A
槤,仙A
𪚁,仙A
㶌,仙A
篇,仙A
偏,仙A
翩,仙A
媥,仙A
㾫,仙A
便,仙A
楩,仙A
㛹,仙A
箯,仙A
𧍲,仙A
緜,仙A
綿,仙A
棉,仙A
矊,仙A
蝒,仙A
𧉄,仙A
𢣔,仙A
宀,仙A
𩕰,仙A
櫋,仙A
𣏜,仙A
臱,仙A
㮌,仙A
𣡠,仙A
全,仙A
泉,仙A
𧍭,仙A
牷,仙A
葲,仙A
宣,仙A
揎,仙A
㩊,仙A
𡈣,仙A
𩕖,仙A
瑄,仙A
𩓧,仙A
鐫,仙A
鋑,仙A
朘,仙A
翾,仙A
儇,仙A
蠉,仙A
𧾎,仙A
譞,仙A
䙇,仙A
瑌,仙A
撋,仙A
穿,仙A
川,仙A
沿,仙A
㳂,仙A
鉛,仙A
櫞,仙A
捐,仙A
鳶,仙A
蝝,仙A
緣,仙A
䱲,仙A
𦿂,仙A
𦛔,仙A
旋,仙A
璿,仙A
𤩅,仙A
𤫀,仙A
䗠,仙A
㳬,仙A
琁,仙A
璇,仙A
𣟳,仙A
蜁,仙A
㔯,仙A
䁢,仙A
嫙,仙A
鏇,仙A
娟,仙A
悁,仙A
𡷡,仙A
𡣬,仙A
船,仙A
舩,仙A
鞭,仙A
鯾,仙A
揙,仙A
㳄,仙A
涎,仙A
詮,仙A
銓,仙A
硂,仙A
痊,仙A
佺,仙A
悛,仙A
駩,仙A
筌,仙A
絟,仙A
縓,仙A
荃,仙A
𠛮,仙A
峑,仙A
𠥙,仙A
鐉,仙A
拴,仙A
專,仙A
甎,仙A
顓,仙A
嫥,仙A
諯,仙A
膞,仙A
鱄,仙A
𩠹,仙A
遄,仙A
輲,仙A
輇,仙A
椯,仙A
歂,仙A
蟤,仙B
栓,仙B
𨏉,仙B
猭,仙B
虔,仙B
鰬,仙B
𨜻,仙B
榩,仙B
愆,仙B
䇂,仙B
諐,仙B
𠎝,仙B
褰,仙B
騫,仙B
䙭,仙B
𧽐,仙B
攐,仙B
㗔,仙B
權,仙B
拳,仙B
觠,仙B
顴,仙B
踡,仙B
婘,仙B
孉,仙B
䠰,仙B
𤷄,仙B
犈,仙B
蠸,仙B
齤,仙B
𪈻,仙B
𥆗,仙B
𥁠,仙B
𢑆,仙B
鬈,仙B
䟒,仙B
䑏,仙B
蜷,仙B
捲,仙B
椽,仙B
傳,仙B
攣,仙A
弮,仙B
㒽,仙B
棬,仙B
䗡,仙B
燀,仙A
勬,仙B
蕭,蕭
簫,蕭
彇,蕭
𩙚,蕭
踃,蕭
㲖,蕭
艘,蕭
瞍,蕭
祧,蕭
佻,蕭
脁,蕭
𣂁,蕭
庣,蕭
趒,蕭
聎,蕭
貂,蕭
𠚥,蕭
刁,蕭
琱,蕭
凋,蕭
鯛,蕭
䂏,蕭
雕,蕭
鵰,蕭
蛁,蕭
彫,蕭
𧜣,蕭
𧘨,蕭
䒒,蕭
𦶌,蕭
𦨣,蕭
㚋,蕭
奝,蕭
瞗,蕭
迢,蕭
條,蕭
樤,蕭
髫,蕭
跳,蕭
鋚,蕭
𧌁,蕭
蜩,蕭
苕,蕭
芀,蕭
岧,蕭
䩦,蕭
𠤼,蕭
𣬸,蕭
𠧪,蕭
鰷,蕭
驍,蕭
梟,蕭
𥄉,蕭
澆,蕭
憿,蕭
蟂,蕭
徼,蕭
聊,蕭
膋,蕭
飉,蕭
遼,蕭
竂,蕭
料,蕭
撩,蕭
寮,蕭
鐐,蕭
豂,蕭
𥲊,蕭
漻,蕭
蟟,蕭
瞭,蕭
𧂏,蕭
𩯊,蕭
嶚,蕭
𡽐,蕭
敹,蕭
嘹,蕭
堯,蕭
嶢,蕭
僥,蕭
垚,蕭
膮,蕭
嘵,蕭
憢,蕭
𦟞,蕭
䎄,蕭
幺,蕭
𥃩,蕭
鄡,蕭
郻,蕭
墽,蕭
𡩇,蕭
宵,宵A
消,宵A
霄,宵A
逍,宵A
痟,宵A
銷,宵A
焇,宵A
硝,宵A
哨,宵A
𤞚,宵A
䴛,宵A
魈,宵A
超,宵B
欩,宵B
𢁾,宵B
𠰉,宵B
䫿,宵B
朝,宵B
𦩻,宵B
𪓙,宵B
晁,宵B
鼂,宵B
潮,宵B
嚻,宵B
枵,宵B
毊,宵B
獢,宵B
𤣠,宵B
呺,宵B
𩱴,宵B
虈,宵B
樵,宵A
藮,宵A
劁,宵A
憔,宵A
顦,宵A
譙,宵A
嶕,宵A
鐎,宵A
𨝱,宵A
僬,宵A
䩌,宵A
菬,宵A
驕,宵B
嬌,宵B
憍,宵B
穚,宵B
鷮,宵B
蕎,宵B
喬,宵B
簥,宵B
撟,宵B
焦,宵A
𤓪,宵A
㲬,宵A
蕉,宵A
膲,宵A
鷦,宵A
椒,宵A
茮,宵A
噍,宵A
蟭,宵A
醮,宵A
𪚱,宵A
䌭,宵A
饒,宵A
襓,宵A
㹛,宵A
蟯,宵A
蕘,宵A
燒,宵A
𤬖,宵A
遙,宵A
媱,宵A
傜,宵A
颻,宵A
𣣳,宵A
窯,宵A
窰,宵A
䔄,宵A
𦾺,宵A
珧,宵A
鰩,宵A
姚,宵A
搖,宵A
謠,宵A
軺,宵A
愮,宵A
𨙂,宵A
鷂,宵A
烑,宵A
𢋇,宵A
𢑄,宵A
㫍,宵A
榣,宵A
嗂,宵A
䠛,宵A
瑤,宵A
猺,宵A
餆,宵A
韶,宵A
㲈,宵A
佋,宵A
𦯐,宵A
𠧙,宵A
玿,宵A
𢃳,宵A
柖,宵A
㸛,宵A
昭,宵A
鉊,宵A
招,宵A
盄,宵A
飊,宵A
標,宵A
猋,宵A
瘭,宵A
幖,宵A
熛,宵A
㠒,宵A
𧽤,宵A
蔈,宵A
𦠎,宵A
𣄠,宵A
贆,宵A
鑣,宵B
𩽁,宵B
臕,宵B
儦,宵B
𦔩,宵B
瓢,宵A
飄,宵A
剽,宵A
薸,宵A
𣞈,宵A
螵,宵A
䖢,宵A
篻,宵A
㠺,宵A
𪃦,宵A
苗,宵B
猫,宵B
要,宵A
腰,宵A
喓,宵A
𧍔,宵A
䙅,宵A
䳩,宵A
鴞,宵B
橋,宵B
趫,宵B
僑,宵B
㝯,宵B
鐈,宵B
㠐,宵B
轎,宵B
蟜,宵B
𦒓,宵B
䀉,宵B
鍫,宵A
𣖄,宵A
妖,宵B
祅,宵B
枖,宵B
訞,宵B
繑,宵A
蹺,宵A
弨,宵A
爂,宵A
漂,宵A
𩙒,宵A
嫖,宵A
旚,宵A
犥,宵A
鏢,宵A
僄,宵A
𪅃,宵A
慓,宵A
彯,宵A
摽,宵A
𨄏,宵A
翲,宵A
瞟,宵A
嘌,宵A
翹,宵A
荍,宵A
𧄍,宵A
嘺,宵A
䎗,宵A
燎,宵A
橇,宵B
鞽,宵B
肴,肴
餚,肴
𦺔,肴
殽,肴
洨,肴
筊,肴
姣,肴
猇,肴
㮁,肴
爻,肴
淆,肴
笅,肴
胶,肴
𨠦,肴
䋂,肴
㤊,肴
䂚,肴
交,肴
蛟,肴
茭,肴
鵁,肴
膠,肴
鮫,肴
咬,肴
郊,肴
轇,肴
㶀,肴
䢒,肴
教,肴
䉰,肴
𥹜,肴
鉸,肴
佼,肴
芁,肴
詨,肴
嘐,肴
𩎔,肴
巢,肴
轈,肴
𣝞,肴
樔,肴
𡏮,肴
鄛,肴
鐃,肴
呶,肴
譊,肴
怓,肴
䴃,肴
𥗰,肴
𡽧,肴
梢,肴
髾,肴
輎,肴
旓,肴
弰,肴
䈰,肴
筲,肴
䘯,肴
颵,肴
娋,肴
𡡏,肴
茅,肴
鶜,肴
媌,肴
虓,肴
髇,肴
穘,肴
窙,肴
䬘,肴
哮,肴
庨,肴
灱,肴
涍,肴
𩾾,肴
㹲,肴
包,肴
胞,肴
苞,肴
勹,肴
脬,肴
拋,肴
泡,肴
𠐋,肴
𢿏,肴
敲,肴
跤,肴
㤍,肴
䂭,肴
礉,肴
墝,肴
頝,肴
磝,肴
𦗔,肴
罺,肴
抓,肴
嘲,肴
䞴,肴
鳭,肴
䜈,肴
抄,肴
鈔,肴
𦾱,肴
䰫,肴
庖,肴
咆,肴
匏,肴
炮,肴
炰,肴
鉋,肴
狍,肴
㯡,肴
䫜,肴
㕭,肴
坳,肴
軪,肴
梎,肴
𠣑,肴
䫸,肴
嘮,肴
顟,肴
賿,肴
䄻,肴
豪,豪
號,豪
毫,豪
噑,豪
獋,豪
濠,豪
壕,豪
𩕍,豪
𣘫,豪
𠢕,豪
𨼍,豪
髙,豪
膏,豪
臯,豪
皋,豪
羔,豪
餻,豪
𡼗,豪
櫜,豪
鼛,豪
鷱,豪
篙,豪
橰,豪
𧢌,豪
䔌,豪
㤒,豪
䆁,豪
𣓌,豪
䓘,豪
𨝲,豪
勞,豪
澇,豪
牢,豪
窂,豪
簩,豪
䝁,豪
𧰉,豪
醪,豪
撈,豪
㟉,豪
㗦,豪
髝,豪
憥,豪
𨦭,豪
𤩂,豪
嫪,豪
哰,豪
𣘪,豪
蒿,豪
𧯌,豪
薧,豪
薅,豪
茠,豪
𣐾,豪
毛,豪
髦,豪
芼,豪
𣹪,豪
旄,豪
枆,豪
酕,豪
饕,豪
韜,豪
縚,豪
謟,豪
滔,豪
叨,豪
弢,豪
𩥓,豪
𤘸,豪
慆,豪
絛,豪
幍,豪
𠌪,豪
槄,豪
蜪,豪
夲,豪
𠦎,豪
搯,豪
翢,豪
瑫,豪
𠬢,豪
䈱,豪
𠚜,豪
詜,豪
刀,豪
魛,豪
忉,豪
舠,豪
𩕯,豪
騷,豪
搔,豪
缫,豪
繰,豪
臊,豪
鰠,豪
溞,豪
颾,豪
鱢,豪
㮴,豪
䑹,豪
𠋺,豪
慅,豪
袍,豪
袌,豪
軳,豪
襃,豪
褒,豪
𠅬,豪
䛬,豪
䛌,豪
桃,豪
綯,豪
燾,豪
逃,豪
鼗,豪
鞀,豪
鞉,豪
濤,豪
掏,豪
騊,豪
萄,豪
翿,豪
匋,豪
啕,豪
錭,豪
裪,豪
糟,豪
醩,豪
遭,豪
㷮,豪
槽,豪
傮,豪
𣩒,豪
㡟,豪
敖,豪
遨,豪
翺,豪
驁,豪
熬,豪
嶅,豪
獒,豪
滶,豪
蔜,豪
鷔,豪
鼇,豪
螯,豪
嗸,豪
嗷,豪
䫨,豪
𢧴,豪
摮,豪
嫯,豪
䦋,豪
𣘢,豪
𦪈,豪
𩪕,豪
鰲,豪
曹,豪
𣍘,豪
螬,豪
嘈,豪
䄚,豪
艚,豪
𩫥,豪
䐬,豪
蓸,豪
漕,豪
褿,豪
𤏶,豪
䥝,豪
鏖,豪
𤣜,豪
巎,豪
嶩,豪
峱,豪
𤫕,豪
尻,豪
𢻥,豪
㯱,豪
䫽,豪
㲏,豪
歌,歌
謌,歌
柯,歌
妿,歌
㤎,歌
菏,歌
牁,歌
滒,歌
哥,歌
鴚,歌
蹉,歌
瑳,歌
搓,歌
傞,歌
𪘓,歌
多,歌
𦰿,歌
𦷛,歌
娑,歌
挱,歌
挲,歌
䓾,歌
𠈱,歌
桫,歌
䤬,歌
𥆝,歌
駝,歌
駞,歌
鼉,歌
𡩆,歌
紽,歌
鮀,歌
陀,歌
䍫,歌
沱,歌
跎,歌
酡,歌
㼠,歌
䭾,歌
迱,歌
鼧,歌
袉,歌
𩉺,歌
䡐,歌
𧕛,歌
佗,歌
醝,歌
㽨,歌
䣜,歌
鹺,歌
嵳,歌
䴾,歌
䑘,歌
䠡,歌
躦,歌
虘,歌
䰈,歌
莪,歌
哦,歌
娥,歌
䄉,歌
峩,歌
鵝,歌
俄,歌
𩒰,歌
睋,歌
涐,歌
誐,歌
硪,歌
他,歌
拕,歌
它,歌
羅,歌
蘿,歌
籮,歌
儸,歌
饠,歌
𤄷,歌
欏,歌
囉,歌
鑼,歌
剆,歌
那,歌
㔮,歌
𤘟,歌
挪,歌
儺,歌
𠹈,歌
𡖔,歌
𩴓,歌
何,歌
河,歌
荷,歌
苛,歌
蚵,歌
魺,歌
訶,歌
呵,歌
𩑸,歌
㱒,歌
抲,歌
珂,歌
𠳊,歌
䯊,歌
軻,歌
阿,歌
娿,歌
痾,歌
妸,歌
䋪,歌
鈳,歌
戈,戈
過,戈
渦,戈
鍋,戈
𨍋,戈
楇,戈
瘑,戈
㽿,戈
𩰫,戈
𩰬,戈
㗻,戈
堝,戈
𩾷,戈
𧒖,戈
遳,戈
𨹃,戈
桗,戈
莎,戈
莏,戈
𢘿,戈
趖,戈
唆,戈
𧨀,戈
梭,戈
𣜤,戈
㛗,戈
婆,戈
鄱,戈
皤,戈
𩕏,戈
蔢,戈
碆,戈
㸰,戈
碢,戈
堶,戈
摩,戈
𩞁,戈
𡡉,戈
魔,戈
䯢,戈
磨,戈
劘,戈
𦟟,戈
𦣆,戈
䭩,戈
矬,戈
痤,戈
㭫,戈
睉,戈
訛,戈
譌,戈
吪,戈
鈋,戈
魤,戈
𠂬,戈
𧦭,戈
涶,戈
䜏,戈
𩼊,戈
摞,戈
騾,戈
驘,戈
鸁,戈
𣜄,戈
螺,戈
蠃,戈
𥢵,戈
𥡜,戈
𧄿,戈
𨰠,戈
覼,戈
波,戈
嶓,戈
頗,戈
坡,戈
𨸭,戈
玻,戈
和,戈
咊,戈
𤖱,戈
禾,戈
龢,戈
鉌,戈
䒩,戈
盉,戈
科,戈
窠,戈
薖,戈
萪,戈
蝌,戈
犐,戈
課,戈
䈖,戈
𠏀,戈
濄,戈
涹,戈
𡑟,戈
踒,戈
𥟿,戈
鞾,戈
靴,戈
𢪎,戈
㗾,戈
𦚢,戈
𠏃,戈
𩨷,戈
𩨭,戈
伽,戈
佉,戈
𠋧,戈
脞,戈
侳,戈
𩛠,戈
瘸,戈
𦣛,戈
麻,麻
犘,麻
蟆,麻
𪓹,麻
𩔶,麻
痲,麻
㦄,麻
硨,麻
奢,麻
賒,麻
畲,麻
邪,麻
耶,麻
瑘,麻
釾,麻
鎁,麻
椰,麻
擨,麻
斜,麻
䓉,麻
𦰳,麻
䔑,麻
𦭿,麻
𥯘,麻
遮,麻
𠌮,麻
㸙,麻
嗟,麻
𧨁,麻
罝,麻
謯,麻
𨲠,麻
㜘,麻
䦈,麻
華,麻
驊,麻
鷨,麻
𧑍,麻
鏵,麻
樺,麻
崋,麻
瓜,麻
㧓,麻
花,麻
譁,麻
𧪮,麻
誇,麻
䠸,麻
夸,麻
姱,麻
𠇗,麻
䯞,麻
拏,麻
詉,麻
摣,麻
𧘽,麻
𧦮,麻
嘉,麻
家,麻
加,麻
葭,麻
笳,麻
麚,麻
䴥,麻
豭,麻
猳,麻
痂,麻
鴐,麻
袈,麻
𣮫,麻
跏,麻
𨔣,麻
𤠙,麻
𧉪,麻
珈,麻
瘕,麻
犌,麻
幏,麻
貑,麻
遐,麻
蝦,麻
鍜,麻
霞,麻
瑕,麻
騢,麻
鰕,麻
䠍,麻
䫗,麻
碬,麻
䪗,麻
𩋥,麻
赮,麻
蕸,麻
葩,麻
鈀,麻
妑,麻
蚆,麻
吧,麻
舥,麻
𧣃,麻
鴉,麻
鵶,麻
錏,麻
㝞,麻
丫,麻
䃁,麻
𠜲,麻
巴,麻
笆,麻
豝,麻
芭,麻
㿬,麻
鎈,麻
䑡,麻
鯊,麻
沙,麻
砂,麻
裟,麻
㲚,麻
桬,麻
紗,麻
牙,麻
芽,麻
齖,麻
呀,麻
枒,麻
樝,麻
柤,麻
𦳏,麻
㪥,麻
皻,麻
抯,麻
渣,麻
𤹡,麻
𥡧,麻
浾,麻
𡨀,麻
䠧,麻
茶,麻
𡝐,麻
𤶠,麻
𦛝,麻
𥥸,麻
𨼑,麻
䅊,麻
衺,麻
𥍸,麻
窊,麻
畖,麻
窪,麻
髽,麻
檛,麻
𥬸,麻
膼,麻
爬,麻
琶,麻
楂,麻
槎,麻
㢒,麻
侘,麻
𤵾,麻
㗬,麻
奓,麻
𧬅,麻
觰,麻
咤,麻
𪗭,麻
䐒,麻
煆,麻
谺,麻
疨,麻
岈,麻
颬,麻
䶗,麻
㤉,麻
𡤫,麻
㚗,麻
𣢉,麻
𩨾,麻
𣘟,麻
陽,陽
暘,陽
楊,陽
揚,陽
颺,陽
昜,陽
羊,陽
眻,陽
佯,陽
詳,陽
徉,陽
洋,陽
烊,陽
煬,陽
鍚,陽
𩋬,陽
輰,陽
敭,陽
瘍,陽
鴹,陽
鰑,陽
鸉,陽
蛘,陽
禓,陽
諹,陽
𥂸,陽
𦭵,陽
𦍹,陽
翔,陽
庠,陽
祥,陽
𨀘,陽
𦍙,陽
痒,陽
良,陽
梁,陽
粱,陽
粮,陽
糧,陽
涼,陽
凉,陽
𩗬,陽
量,陽
椋,陽
䝶,陽
綡,陽
𣄴,陽
㹁,陽
䣼,陽
輬,陽
香,陽
薌,陽
鄉,陽
膷,陽
商,陽
𧶜,陽
傷,陽
𥏻,陽
殤,陽
慯,陽
觴,陽
蔏,陽
𪄲,陽
螪,陽
䵮,陽
饟,陽
䵼,陽
塲,陽
𤳈,陽
防,陽
坊,陽
魴,陽
方,陽
肪,陽
鴋,陽
章,陽
漳,陽
樟,陽
慞,陽
璋,陽
彰,陽
墇,陽
障,陽
麞,陽
獐,陽
鄣,陽
蔁,陽
𪅂,陽
𩌬,陽
暲,陽
昌,陽
裮,陽
倡,陽
猖,陽
閶,陽
琩,陽
鯧,陽
菖,陽
羌,陽
猐,陽
𡸓,陽
蜣,陽
薑,陽
𧅁,陽
畺,陽
疆,陽
壃,陽
畕,陽
㹔,陽
繮,陽
韁,陽
殭,陽
礓,陽
橿,陽
姜,陽
䗵,陽
僵,陽
長,陽
萇,陽
腸,陽
場,陽
䠆,陽
㙊,陽
䗅,陽
瓺,陽
張,陽
餦,陽
粻,陽
漲,陽
穰,陽
禳,陽
攘,陽
𣀮,陽
鑲,陽
𨟚,陽
躟,陽
瀼,陽
𩆶,陽
獽,陽
儴,陽
蘘,陽
䉴,陽
勷,陽
瓤,陽
孃,陽
汸,陽
蚄,陽
邡,陽
枋,陽
鈁,陽
牥,陽
䄱,陽
匚,陽
襄,陽
廂,陽
湘,陽
相,陽
緗,陽
纕,陽
忀,陽
驤,陽
瓖,陽
欀,陽
箱,陽
葙,陽
將,陽
漿,陽
鱂,陽
蔣,陽
螿,陽
𢪇,陽
創,陽
瘡,陽
𠛂,陽
亡,陽
莣,陽
鋩,陽
硭,陽
望,陽
朢,陽
娘,陽
牀,陽
床,陽
莊,陽
㽵,陽
妝,陽
裝,陽
䊋,陽
常,陽
尚,陽
裳,陽
甞,陽
嘗,陽
鋿,陽
𩼝,陽
償,陽
𪄹,陽
徜,陽
霜,陽
鸘,陽
鷞,陽
孀,陽
驦,陽
騻,陽
牆,陽
廧,陽
墻,陽
檣,陽
蘠,陽
𤞛,陽
鏘,陽
瑲,陽
蹌,陽
蹡,陽
𨄚,陽
斨,陽
牄,陽
嶈,陽
𨶆,陽
搶,陽
匡,陽
邼,陽
筐,陽
䖱,陽
框,陽
恇,陽
劻,陽
𩬹,陽
洭,陽
軭,陽
眶,陽
䒰,陽
𩢼,陽
王,陽
蚟,陽
𩵭,陽
彺,陽
央,陽
殃,陽
䄃,陽
秧,陽
強,陽
彊,陽
勥,陽
鼚,陽
芳,陽
妨,陽
淓,陽
狂,陽
軖,陽
鵟,陽
㞷,陽
唐,唐
啺,唐
𥏬,唐
煻,唐
糖,唐
糛,唐
堂,唐
坣,唐
𪕹,唐
棠,唐
搪,唐
蓎,唐
瑭,唐
餹,唐
篖,唐
螗,唐
𤚫,唐
𤛋,唐
螳,唐
塘,唐
碭,唐
鶶,唐
𩹶,唐
踼,唐
闛,唐
赯,唐
磄,唐
溏,唐
䣘,唐
傏,唐
隚,唐
䧜,唐
𨶈,唐
鎕,唐
䉎,唐
𨍴,唐
橖,唐
榶,唐
㲥,唐
㼺,唐
郎,唐
蓈,唐
稂,唐
桹,唐
廊,唐
榔,唐
鋃,唐
硠,唐
𪁜,唐
浪,唐
䯖,唐
𩷕,唐
琅,唐
瑯,唐
㝗,唐
狼,唐
欴,唐
𦵧,唐
莨,唐
㟍,唐
䡙,唐
艆,唐
駺,唐
躴,唐
筤,唐
𥍫,唐
閬,唐
當,唐
簹,唐
襠,唐
璫,唐
𨎴,唐
檔,唐
儅,唐
𦡁,唐
㼕,唐
蟷,唐
倉,唐
蒼,唐
鶬,唐
𩀞,唐
凔,唐
𠥐,唐
岡,唐
崗,唐
剛,唐
㓻,唐
掆,唐
笐,唐
鋼,唐
綱,唐
亢,唐
犅,唐
堈,唐
𤭛,唐
牨,唐
苀,唐
魧,唐
迒,唐
桑,唐
桒,唐
𠸶,唐
喪,唐
𦅇,唐
𩦌,唐
康,唐
穅,唐
糠,唐
㱂,唐
㝩,唐
槺,唐
𨻷,唐
䗧,唐
𥉽,唐
邟,唐
漮,唐
𤮊,唐
躿,唐
荒,唐
𥡃,唐
肓,唐
衁,唐
𩣐,唐
鄺,唐
𥿼,唐
㠵,唐
䀮,唐
𣆖,唐
㡆,唐
巟,唐
𣺬,唐
黃,唐
皇,唐
璜,唐
惶,唐
遑,唐
潢,唐
堭,唐
煌,唐
餭,唐
騜,唐
艎,唐
簧,唐
隍,唐
癀,唐
𨝴,唐
湟,唐
徨,唐
篁,唐
鱑,唐
凰,唐
偟,唐
媓,唐
獚,唐
蟥,唐
𨜔,唐
䍿,唐
䅣,唐
𤯷,唐
葟,唐
趪,唐
光,唐
灮,唐
洸,唐
桄,唐
胱,唐
垙,唐
𨎩,唐
輄,唐
𩧉,唐
恍,唐
茪,唐
僙,唐
簜,唐
鏜,唐
𧼮,唐
盪,唐
蝪,唐
鼞,唐
薚,唐
滂,唐
鎊,唐
霶,唐
雱,唐
䨦,唐
尣,唐
尪,唐
𪁘,唐
佒,唐
咉,唐
𧲱,唐
㹧,唐
眏,唐
姎,唐
炕,唐
㰠,唐
䐠,唐
忼,唐
航,唐
𨁈,唐
頏,唐
𦐄,唐
杭,唐
沆,唐
蚢,唐
肮,唐
抗,唐
吭,唐
茫,唐
吂,唐
恾,唐
忙,唐
𥐞,唐
蘉,唐
𡩩,唐
臧,唐
匨,唐
䍧,唐
贓,唐
囊,唐
傍,唐
膀,唐
髈,唐
䠙,唐
旁,唐
𨜷,唐
螃,唐
䅭,唐
䭹,唐
枊,唐
昂,唐
㭿,唐
䩕,唐
藏,唐
䯑,唐
幫,唐
縍,唐
㨍,唐
𨢐,唐
鞤,唐
庚,庚
鶊,庚
更,庚
䢚,庚
秔,庚
稉,庚
粳,庚
賡,庚
羹,庚
𩱧,庚
埂,庚
浭,庚
坑,庚
𥉸,庚
劥,庚
盲,庚
蝱,庚
鄳,庚
𨞚,庚
䥰,庚
𥭮,庚
黌,庚
鐄,庚
瑝,庚
喤,庚
鍠,庚
䬝,庚
㶇,庚
䄓,庚
𧝒,庚
𤮏,庚
𪏓,庚
𢘌,庚
閍,庚
祊,庚
𥛱,庚
嗙,庚
㔙,庚
諻,庚
嚝,庚
觵,庚
觥,庚
𩃙,庚
䍔,庚
𣘯,庚
彭,庚
澎,庚
膨,庚
蟚,庚
䄘,庚
𩡕,庚
憉,庚
𨍩,庚
脝,庚
悙,庚
瞠,庚
橕,庚
樘,庚
鎗,庚
傖,庚
䚘,庚
𩫿,庚
韺,庚
渶,庚
鶧,庚
英,庚
瑛,庚
媖,庚
楧,庚
恲,庚
評,庚
苹,庚
枰,庚
泙,庚
坪,庚
胓,庚
蚲,庚
驚,庚
京,庚
荆,庚
麠,庚
麖,庚
鶁,庚
明,庚
盟,庚
𥁰,庚
䳟,庚
鳴,庚
棖,庚
盯,庚
掁,庚
挰,庚
趟,庚
𩘽,庚
榮,庚
禜,庚
蠑,庚
揘,庚
兵,庚
兄,庚
卿,庚
生,庚
笙,庚
牲,庚
狌,庚
甥,庚
䴤,庚
鼪,庚
珄,庚
擎,庚
勍,庚
黥,庚
䵞,庚
剠,庚
鯨,庚
檠,庚
樈,庚
迎,庚
衡,庚
䯒,庚
洐,庚
珩,庚
蘅,庚
𦣍,庚
㲰,庚
𠽽,庚
獰,庚
𥣗,庚
𧂘,庚
耕,耕
鏗,耕
銵,耕
䡰,耕
誙,耕
牼,耕
𡷨,耕
硻,耕
㧶,耕
䡩,耕
硜,耕
摼,耕
㰢,耕
甍,耕
𣞑,耕
䉚,耕
萌,耕
氓,耕
甿,耕
𧂛,耕
𥌯,耕
捠,耕
宏,耕
紘,耕
紭,耕
閎,耕
嵤,耕
𧮯,耕
耾,耕
翃,耕
浤,耕
竑,耕
宖,耕
鈜,耕
吰,耕
𥐪,耕
莖,耕
䪫,耕
朾,耕
𠑅,耕
𧯫,耕
䆸,耕
甖,耕
罌,耕
罃,耕
鶯,耕
嚶,耕
櫻,耕
鸚,耕
譻,耕
鸎,耕
𠠜,耕
𦱊,耕
埩,耕
鏳,耕
崝,耕
錚,耕
凈,耕
棦,耕
噌,耕
儜,耕
薴,耕
鬡,耕
𧭈,耕
鑏,耕
䭢,耕
嬣,耕
怦,耕
閛,耕
𤘾,耕
伻,耕
弸,耕
䍬,耕
㛁,耕
匉,耕
抨,耕
砰,耕
轟,耕
輷,耕
揈,耕
鍧,耕
渹,耕
𦑟,耕
𥕗,耕
𢝁,耕
繃,耕
絣,耕
𢆸,耕
拼,耕
䑫,耕
揨,耕
𢾊,耕
𢿦,耕
䆵,耕
䁎,耕
䆑,耕
泓,耕
𨳮,耕
㥊,耕
庄,耕
爭,耕
箏,耕
䋫,耕
䱢,耕
清,清
圊,清
情,清
晴,清
請,清
夝,清
䝼,清
精,清
菁,清
晶,清
鼱,清
婧,清
睛,清
𣻒,清
旌,清
旍,清
箐,清
𩓨,清
聙,清
盈,清
嬴,清
㜲,清
瀛,清
籝,清
楹,清
贏,清
𤟣,清
䕦,清
𨜏,清
𦝚,清
攍,清
營,清
塋,清
濴,清
嬰,清
瓔,清
纓,清
攖,清
𨟙,清
蘡,清
貞,清
楨,清
禎,清
𨜓,清
𨺟,清
檉,清
赬,清
䞓,清
蟶,清
成,清
𢦩,清
城,清
誠,清
宬,清
郕,清
筬,清
盛,清
珹,清
呈,清
程,清
酲,清
珵,清
䇸,清
裎,清
聲,清
征,清
𨢹,清
𦙫,清
鉦,清
怔,清
正,清
鴊,清
䋊,清
眐,清
𧘿,清
佂,清
輕,清
名,清
洺,清
并,清
栟,清
傾,清
頃,清
𩛿,清
縈,清
䪯,清
𢄋,清
瓊,清
璚,清
煢,清
焭,清
睘,清
惸,清
𢶇,清
藑,清
𡞦,清
赹,清
憌,清
𦽓,清
𦾵,清
𨍶,清
㒌,清
騂,清
𤙡,清
垶,清
觪,清
𦳲,清
靑,青
靘,青
經,青
巠,青
㓝,青
刑,青
形,青
邢,青
𤬐,青
䣆,青
桯,青
鉶,青
型,青
陘,青
侀,青
鈃,青
㼛,青
𤭓,青
鋞,青
庭,青
停,青
鼮,青
莛,青
葶,青
筳,青
亭,青
聤,青
霆,青
渟,青
𩹇,青
綎,青
娗,青
㼗,青
𧖧,青
挺,青
楟,青
蜓,青
廷,青
㹶,青
𧓴,青
釘,青
䦺,青
靪,青
仃,青
叮,青
馨,青
𠷓,青
蛵,青
星,青
曐,青
腥,青
胜,青
鮏,青
鯹,青
𥠀,青
醒,青
篂,青
竮,青
𢖊,青
艵,青
頩,青
覮,青
靈,青
霛,青
𩄀,青
𩆜,青
舲,青
齡,青
麢,青
𦏰,青
囹,青
鴒,青
䉁,青
蛉,青
鈴,青
霝,青
醽,青
苓,青
櫺,青
𩆚,青
伶,青
泠,青
瓴,青
𧕅,青
拎,青
刢,青
𧆺,青
𤣘,青
𤫲,青
玲,青
𦉢,青
𩖊,青
㾉,青
聆,青
竛,青
𠄖,青
蘦,青
軨,青
䡼,青
笭,青
孁,青
𪕌,青
灵,青
𩟃,青
𩵀,青
龗,青
翎,青
閝,青
鹷,青
䴇,青
昤,青
駖,青
𧖜,青
𩆮,青
蕶,青
酃,青
彾,青
䯍,青
呤,青
狑,青
𤣤,青
爧,青
𠱠,青
𦫊,青
𢺰,青
澪,青
𥤞,青
秢,青
岭,青
𣬹,青
𩚹,青
紷,青
䉹,青
砱,青
羚,青
姈,青
㸳,青
寧,青
寍,青
鸋,青
䆨,青
𧕝,青
嚀,青
聹,青
汀,青
訂,青
聽,青
廳,青
艼,青
𦉬,青
䩠,青
鞓,青
䋼,青
𦀚,青
庁,青
冥,青
榠,青
銘,青
鄍,青
溟,青
䫤,青
螟,青
𧱴,青
猽,青
蓂,青
𥹆,青
覭,青
暝,青
瓶,青
缾,青
蛢,青
䶄,青
荓,青
䈂,青
萍,青
蓱,青
郱,青
畊,青
洴,青
熒,青
螢,青
滎,青
扃,青
駉,青
駫,青
坰,青
冋,青
𪕍,青
絅,青
𣕄,青
蒸,蒸
䒱,蒸
烝,蒸
𦚦,蒸
䕄,蒸
篜,蒸
脀,蒸
承,蒸
丞,蒸
𨋬,蒸
澂,蒸
懲,蒸
陵,蒸
淩,蒸
夌,蒸
綾,蒸
凌,蒸
𠗲,蒸
蔆,蒸
菱,蒸
䔖,蒸
㥄,蒸
鯪,蒸
崚,蒸
𡕮,蒸
𩜁,蒸
掕,蒸
𣣋,蒸
膺,蒸
應,蒸
𧕄,蒸
鷹,蒸
凭,蒸
憑,蒸
淜,蒸
㵗,蒸
冫,蒸
冰,蒸
掤,蒸
蠅,蒸
繩,蒸
譝,蒸
憴,蒸
乗,蒸
椉,蒸
𠅞,蒸
溗,蒸
塍,蒸
塖,蒸
騬,蒸
升,蒸
昇,蒸
陞,蒸
勝,蒸
抍,蒸
仍,蒸
艿,蒸
䚮,蒸
辸,蒸
礽,蒸
扔,蒸
㭁,蒸
兢,蒸
矜,蒸
𨟃,蒸
癥,蒸
繒,蒸
鄫,蒸
驓,蒸
嶒,蒸
凝,蒸
興,蒸
𨞾,蒸
稱,蒸
爯,蒸
偁,蒸
殑,蒸
㱡,蒸
庱,蒸
睖,蒸
砯,蒸
登,登
璒,登
燈,登
簦,登
㲪,登
䔲,登
㽅,登
䳾,登
楞,登
棱,登
稜,登
輘,登
倰,登
僧,登
鬙,登
䒏,登
崩,登
增,登
憎,登
曾,登
矰,登
罾,登
熷,登
䎖,登
譄,登
𦼏,登
䒐,登
層,登
䁬,登
朋,登
堋,登
鵬,登
倗,登
鬅,登
弘,登
鞃,登
苰,登
肱,登
𩉦,登
薨,登
𠐿,登
𩖉,登
𩙛,登
𤃫,登
騰,登
滕,登
縢,登
幐,登
藤,登
謄,登
𧈜,登
儯,登
𤻴,登
𥉋,登
恒,登
𢛢,登
搄,登
縆,登
鼟,登
膯,登
𤃶,登
𧰥,登
漰,登
尤,尤
𣏞,尤
疣,尤
肬,尤
𪐤,尤
沋,尤
郵,尤
訧,尤
憂,尤
優,尤
瀀,尤
𢕶,尤
麀,尤
𪋎,尤
櫌,尤
鄾,尤
嚘,尤
耰,尤
獶,尤
𧀥,尤
纋,尤
㱊,尤
劉,尤
留,尤
蒥,尤
鶹,尤
騮,尤
駵,尤
疁,尤
𥹷,尤
流,尤
㳅,尤
飂,尤
飀,尤
瘤,尤
榴,尤
瑬,尤
旒,尤
瑠,尤
𪕚,尤
𤠑,尤
䉧,尤
𥰣,尤
瀏,尤
䬟,尤
䱖,尤
鰡,尤
嵧,尤
𣠚,尤
鎦,尤
𦃓,尤
𢷶,尤
懰,尤
餾,尤
䖻,尤
裗,尤
𪆱,尤
𪎣,尤
硫,尤
遛,尤
䚧,尤
秋,尤
秌,尤
鞧,尤
緧,尤
𦃈,尤
鞦,尤
鶖,尤
鰍,尤
楸,尤
萩,尤
𪓰,尤
䵸,尤
蟗,尤
䨂,尤
猷,尤
猶,尤
悠,尤
油,尤
由,尤
攸,尤
蕕,尤
浟,尤
𠧷,尤
邎,尤
輶,尤
秞,尤
蚰,尤
蝣,尤
櫾,尤
𦳷,尤
斿,尤
游,尤
遊,尤
𨒰,尤
卣,尤
䚻,尤
鮋,尤
䱔,尤
偤,尤
䍃,尤
𤪎,尤
㾞,尤
㘥,尤
庮,尤
𣔴,尤
𧡹,尤
𦵵,尤
牛,尤
遒,尤
鮂,尤
䎿,尤
蝤,尤
啾,尤
逎,尤
𩭓,尤
揂,尤
揫,尤
酋,尤
㥢,尤
崷,尤
鰌,尤
煪,尤
𧤕,尤
脩,尤
修,尤
羞,尤
𩛢,尤
𩝧,尤
䡭,尤
樇,尤
抽,尤
𢭆,尤
㨨,尤
婤,尤
𥈌,尤
惆,尤
瘳,尤
恘,尤
㲃,尤
犫,尤
犨,尤
周,尤
州,尤
𥺝,尤
輖,尤
洲,尤
賙,尤
舟,尤
郮,尤
讎,尤
𣫐,尤
𣀓,尤
酬,尤
醻,尤
詶,尤
雔,尤
魗,尤
𨞪,尤
柔,尤
鍒,尤
㽥,尤
騥,尤
蝚,尤
蹂,尤
葇,尤
鞣,尤
鰇,尤
瑈,尤
腬,尤
鶔,尤
揉,尤
䰆,尤
𨛶,尤
䐓,尤
收,尤
丘,尤
丠,尤
蚯,尤
邱,尤
䬌,尤
𡫺,尤
紑,尤
鳩,尤
𠠳,尤
䡂,尤
丩,尤
勼,尤
哹,尤
鴀,尤
𢯱,尤
捜,尤
𩜯,尤
䬒,尤
𣸈,尤
䤹,尤
廋,尤
蒐,尤
獀,尤
𨜛,尤
䗏,尤
䮟,尤
䤇,尤
𢬆,尤
篘,尤
醔,尤
㮲,尤
𥻤,尤
鄒,尤
郰,尤
騶,尤
䑼,尤
𨃘,尤
箃,尤
黀,尤
愁,尤
㵞,尤
休,尤
貅,尤
㹯,尤
鵂,尤
𩢮,尤
㾋,尤
庥,尤
脙,尤
𦜵,尤
髤,尤
㵻,尤
囚,尤
泅,尤
汓,尤
苬,尤
躊,尤
𢃖,尤
𠷎,尤
疇,尤
紬,尤
稠,尤
燽,尤
薵,尤
鯈,尤
籌,尤
𪆇,尤
𪇘,尤
棸,尤
椆,尤
怞,尤
𦡴,尤
菗,尤
𢤉,尤
輈,尤
盩,尤
譸,尤
侜,尤
𩢸,尤
𧻖,尤
𥎻,尤
矪,尤
𧚍,尤
裘,尤
仇,尤
叴,尤
厹,尤
求,尤
𡨃,尤
蛷,尤
𧒔,尤
逑,尤
球,尤
莍,尤
䣇,尤
賕,尤
殏,尤
梂,尤
㭝,尤
俅,尤
䊵,尤
絿,尤
䜪,尤
扏,尤
銶,尤
𩒮,尤
𥭑,尤
毬,尤
䟵,尤
犰,尤
𧻱,尤
訅,尤
釚,尤
肍,尤
𢛃,尤
𦬖,尤
浮,尤
𥰛,尤
琈,尤
粰,尤
䳕,尤
罘,尤
涪,尤
芣,尤
蜉,尤
烰,尤
鉜,尤
𡦄,尤
𢀼,尤
艀,尤
䨗,尤
謀,尤
䱕,尤
眸,尤
牟,尤
侔,尤
矛,尤
𢦵,尤
鍪,尤
麰,尤
𦭷,尤
劺,尤
蟊,尤
𩭾,尤
恈,尤
鴾,尤
蛑,尤
侯,侯
矦,侯
𥎦,侯
帿,侯
鄇,侯
䫛,侯
鍭,侯
銗,侯
猴,侯
糇,侯
翭,侯
餱,侯
喉,侯
篌,侯
鯸,侯
㮢,侯
𧮶,侯
瘊,侯
䗔,侯
葔,侯
骺,侯
睺,侯
䙈,侯
謳,侯
嘔,侯
歐,侯
甌,侯
漚,侯
鷗,侯
䁱,侯
瞘,侯
櫙,侯
剾,侯
鏂,侯
膒,侯
羺,侯
樓,侯
𧁾,侯
𠞭,侯
𦎹,侯
艛,侯
耬,侯
髏,侯
𤬏,侯
廔,侯
剅,侯
嘍,侯
螻,侯
鞻,侯
遱,侯
䩳,侯
𩌱,侯
𩮶,侯
摗,侯
𠘂,侯
𡠼,侯
彄,侯
𢂁,侯
滱,侯
夠,侯
齁,侯
𪅺,侯
𣠏,侯
偷,侯
鍮,侯
鋀,侯
頭,侯
㓱,侯
投,侯
𪎨,侯
骰,侯
𣪌,侯
㢏,侯
𪁞,侯
鉤,侯
𠛎,侯
溝,侯
褠,侯
緱,侯
篝,侯
𥴴,侯
𪓟,侯
㗕,侯
𤫱,侯
䑦,侯
冓,侯
兠,侯
侸,侯
吺,侯
篼,侯
𥆖,侯
𧢗,侯
𧯠,侯
郖,侯
𩮷,侯
㔌,侯
裒,侯
䏽,侯
𩚭,侯
箁,侯
呣,侯
幽,幽
泑,幽
呦,幽
𧍘,幽
虯,幽
觩,幽
觓,幽
蟉,幽
𤙠,幽
彪,幽
樛,幽
𠃚,幽
𦭺,幽
淲,幽
飍,幽
烋,幽
侵,侵A
𢔀,侵A
浸,侵A
䜷,侵A
𥍯,侵A
尋,侵A
𢒫,侵A
潯,侵A
鱏,侵A
樳,侵A
鄩,侵A
𨼔,侵A
𦠅,侵A
𩖣,侵A
枔,侵A
𦅀,侵A
林,侵A
琳,侵A
淋,侵A
臨,侵A
痳,侵A
箖,侵A
瀶,侵A
霖,侵A
琛,侵B
棽,侵B
䑣,侵B
𥉨,侵B
綝,侵B
郴,侵B
賝,侵B
斟,侵A
針,侵A
𪈁,侵A
箴,侵A
葴,侵A
鱵,侵A
㘰,侵A
沉,侵B
𤘣,侵B
莐,侵B
霃,侵B
砧,侵B
椹,侵B
諶,侵A
愖,侵A
訦,侵A
忱,侵A
煁,侵A
瘎,侵A
㽸,侵A
任,侵A
恁,侵A
壬,侵A
紝,侵A
銋,侵A
深,侵A
𦸂,侵A
淫,侵A
霪,侵A
婬,侵A
𥮍,侵A
𢓕,侵A
𨟏,侵A
㸒,侵A
心,侵A
𦁍,侵A
𨊳,侵A
杺,侵A
愔,侵A
韾,侵A
祲,侵A
兓,侵A
埐,侵A
𩀿,侵A
𪖼,侵A
𩷒,侵A
嶜,侵A
𣜣,侵A
䤁,侵A
䋻,侵B
琴,侵B
㩒,侵B
捦,侵B
擒,侵B
禽,侵B
芩,侵B
𨙽,侵B
檎,侵B
㕋,侵B
鵭,侵B
澿,侵B
庈,侵B
㱽,侵B
䅾,侵B
耹,侵B
靲,侵B
欽,侵B
菳,侵B
衾,侵B
嶔,侵B
吟,侵B
訡,侵B
䪩,侵B
唫,侵B
崟,侵B
荶,侵B
乑,侵B
歆,侵B
廞,侵B
金,侵B
今,侵B
黅,侵B
衿,侵B
襟,侵B
䘳,侵B
禁,侵B
㦗,侵B
𪑙,侵B
音,侵B
陰,侵B
瘖,侵B
霠,侵B
䜾,侵B
䤃,侵B
森,侵B
曑,侵B
薓,侵B
𥥿,侵B
穼,侵B
岑,侵B
涔,侵B
㞥,侵B
𣠟,侵B
𩅨,侵B
笒,侵B
㻸,侵B
嵾,侵B
𥤇,侵B
覃,覃
𨝸,覃
曇,覃
藫,覃
譚,覃
𧽼,覃
壜,覃
眈,覃
𦗡,覃
𩡝,覃
𧂗,覃
蕁,覃
䊤,覃
㽑,覃
驂,覃
䟃,覃
傪,覃
㜗,覃
南,覃
男,覃
楠,覃
抩,覃
𤱣,覃
諳,覃
䳺,覃
庵,覃
腤,覃
㞄,覃
馣,覃
含,覃
涵,覃
䈄,覃
筨,覃
梒,覃
䤴,覃
顄,覃
𩔞,覃
蜬,覃
頷,覃
𣹢,覃
鋡,覃
𤭙,覃
𠥴,覃
䶃,覃
圅,覃
肣,覃
䨡,覃
𩄙,覃
𢎘,覃
𠗴,覃
婪,覃
惏,覃
燷,覃
嵐,覃
葻,覃
啉,覃
蠶,覃
䣟,覃
𨅔,覃
篸,覃
𥸢,覃
䍼,覃
鐕,覃
探,覃
貪,覃
耽,覃
酖,覃
妉,覃
媅,覃
𡖓,覃
龕,覃
𢦟,覃
𩑟,覃
堪,覃
𤯌,覃
㟏,覃
𩈣,覃
馠,覃
𣢺,覃
谽,覃
唅,覃
𡬖,覃
𡪶,覃
毿,覃
淦,覃
䜙,覃
𡪁,覃
談,談
郯,談
惔,談
錟,談
痰,談
澹,談
餤,談
𥰨,談
甘,談
柑,談
䇞,談
苷,談
泔,談
𤯎,談
媣,談
擔,談
儋,談
聸,談
頕,談
三,談
弎,談
𢁘,談
鬖,談
藍,談
襤,談
䰐,談
㩜,談
籃,談
𩈵,談
𪇖,談
懢,談
䆾,談
儖,談
蘫,談
坩,談
聃,談
𨈭,談
㘱,談
䔜,談
䆱,談
㴂,談
𦸁,談
慙,談
慚,談
酣,談
甝,談
䗣,談
魽,談
炶,談
姏,談
蚶,談
𧵊,談
歛,談
憨,談
鹽,鹽A
塩,鹽A
𣡶,鹽A
閻,鹽A
壛,鹽A
阽,鹽A
檐,鹽A
簷,鹽A
櫩,鹽A
𣡞,鹽A
㶄,鹽A
𪂈,鹽A
䦲,鹽A
㿕,鹽A
𤅸,鹽A
廉,鹽A
鐮,鹽A
鎌,鹽A
𩄡,鹽A
㡘,鹽A
簾,鹽A
薟,鹽A
匳,鹽A
籨,鹽A
𥖝,鹽A
蠊,鹽A
䆂,鹽A
𨎷,鹽A
𣀃,鹽A
覝,鹽A
砭,鹽B
𥑁,鹽B
暹,鹽A
𦃌,鹽A
韱,鹽A
纖,鹽A
孅,鹽A
䯹,鹽A
𢘁,鹽A
籤,鹽A
僉,鹽A
𠠃,鹽A
㡨,鹽A
詹,鹽A
瞻,鹽A
占,鹽A
蟾,鹽A
噡,鹽A
厃,鹽A
棎,鹽A
苫,鹽A
䪜,鹽A
㚲,鹽A
幨,鹽A
襜,鹽A
㾆,鹽A
𢛈,鹽A
𢃔,鹽A
𩓾,鹽A
髯,鹽A
蚺,鹽A
呥,鹽A
𧦦,鹽A
蛅,鹽A
冉,鹽A
袡,鹽A
黏,鹽B
粘,鹽B
炎,鹽B
霑,鹽B
𪏉,鹽B
覘,鹽B
崦,鹽B
䣍,鹽B
閹,鹽B
𨦄,鹽B
尖,鹽A
殲,鹽A
瀸,鹽A
𡄑,鹽A
漸,鹽A
虃,鹽A
熸,鹽A
䇝,鹽A
鑯,鹽A
潛,鹽A
𤎢,鹽A
螹,鹽A
箝,鹽B
鉗,鹽B
𢁮,鹽B
拑,鹽B
鳹,鹽B
鈐,鹽B
懕,鹽A
猒,鹽A
饜,鹽A
嬮,鹽A
𨣻,鹽A
燅,鹽A
𤍙,鹽A
燖,鹽A
爓,鹽A
𦢨,鹽A
䕭,鹽A
𢸧,鹽A
㰊,鹽A
𢅮,鹽A
𪏂,鹽B
誗,鹽B
添,添
黇,添
舚,添
𩬑,添
敁,添
佔,添
𧚊,添
𦕒,添
甜,添
恬,添
湉,添
菾,添
𦳇,添
熑,添
濓,添
燫,添
謙,添
兼,添
縑,添
鶼,添
𥻧,添
蒹,添
𦋰,添
嫌,添
鮎,添
拈,添
馦,添
㾾,添
䵌,添
㽐,添
咸,咸
鹹,咸
醎,咸
𩤥,咸
諴,咸
椷,咸
㮀,咸
輱,咸
緘,咸
玪,咸
尲,咸
黬,咸
𪒹,咸
攕,咸
摻,咸
檆,咸
杉,咸
櫼,咸
𩁺,咸
𨏪,咸
𤟟,咸
黯,咸
嵒,咸
𧇱,咸
麙,咸
㺂,咸
𧬌,咸
㰹,咸
𧍧,咸
𧮰,咸
䩂,咸
䩇,咸
鵮,咸
𪉜,咸
諵,咸
喃,咸
饞,咸
㺥,咸
𪗂,咸
𪖎,咸
𢽝,咸
𢽣,咸
𠔺,咸
銜,銜
巉,銜
艬,銜
鑱,銜
巖,銜
𡆑,銜
衫,銜
縿,銜
芟,銜
穇,銜
監,銜
礛,銜
𥌈,銜
鑑,銜
𨂝,銜
嚴,嚴
䉷,嚴
杴,嚴
㿌,嚴
𥟕,嚴
凡,凡
帆,凡
𠆩,凡
𦨲,凡
氾,凡
颿,凡
柉,凡
䒦,凡
𣢲,凡
董,東
箽,東
懂,東
䵔,東
𧄓,東
𤾬,東
曚,東
懵,東
孔,東
㪌,東
𥳺,東
桶,東
捅,東
緫,東
揔,東
𢝰,東
㢔,東
蓯,東
𩱛,東
𨍈,東
偬,東
澒,東
𧋔,東
𠳃,東
汞,東
滃,東
暡,東
勜,東
䐥,東
塕,東
𤌏,東
琫,東
菶,東
竉,東
攏,東
𢤱,東
嗊,東
𢦅,東
動,東
𨔝,東
姛,東
詷,東
埲,東
腫,鍾
種,鍾
踵,鍾
歱,鍾
㣫,鍾
喠,鍾
寵,鍾
𧼙,鍾
埫,鍾
隴,鍾
壠,鍾
㙙,鍾
擁,鍾
𢶜,鍾
宂,鍾
𡦼,鍾
䢇,鍾
𣭲,鍾
氄,鍾
軵,鍾
𤘺,鍾
𪕎,鍾
𢫨,鍾
𨍷,鍾
𢝆,鍾
冢,鍾
塚,鍾
奉,鍾
捧,鍾
勇,鍾
恿,鍾
涌,鍾
甬,鍾
踊,鍾
慂,鍾
𧻹,鍾
塎,鍾
悀,鍾
埇,鍾
蛹,鍾
𧗴,鍾
恐,鍾
𢖶,鍾
𦶐,鍾
尰,鍾
瘇,鍾
𢡹,鍾
拱,鍾
拲,鍾
鞏,鍾
孓,鍾
𢪒,鍾
㤨,鍾
𢸁,鍾
㼦,鍾
㧬,鍾
䡗,鍾
䱋,鍾
巩,鍾
栱,鍾
悚,鍾
竦,鍾
慫,鍾
聳,鍾
㩳,鍾
愯,鍾
傱,鍾
䙕,鍾
詾,鍾
覂,鍾
𢇫,鍾
䏵,冬
𨿿,鍾
𢃭,鍾
𢃓,鍾
講,江
傋,江
耩,江
㭋,江
棒,江
玤,江
𢗒,江
蚌,江
蜯,江
䎧,江
慃,江
項,江
缿,江
𢞡,江
紙,支A
帋,支A
軹,支A
枳,支A
咫,支A
扺,支A
𣲵,支A
坁,支A
抧,支A
恀,支A
䅩,支A
䳅,支A
是,支A
諟,支A
𤜣,支A
䟗,支A
靡,支B
𨇻,支B
𪎓,支B
骳,支B
彼,支B
㗗,支B
柀,支B
佊,支B
𠐌,支B
被,支B
毀,支B
燬,支B
檓,支B
毇,支B
𥶵,支B
𠷏,支B
譭,支B
㩓,支B
𡢕,支B
骫,支B
䍴,支B
跪,支B
𣄲,支B
詭,支B
垝,支B
陒,支B
攱,支B
䤥,支B
觤,支B
恑,支B
蛫,支B
祪,支B
庪,支B
䃽,支B
庋,支B
𪀗,支B
姽,支B
佹,支B
髓,支A
嶲,支A
䭉,支A
𣿂,支A
絫,支A
累,支A
樏,支A
䉂,支A
厽,支A
技,支B
徛,支B
倚,支B
輢,支B
剞,支B
㞆,支B
綺,支B
婍,支B
蟻,支B
礒,支B
齮,支B
艤,支B
檥,支B
㠖,支B
䰙,支B
蔿,支B
儰,支B
𤾸,支B
𤺉,支B
薳,支B
寪,支B
蘂,支A
此,支A
佌,支A
𩢑,支A
𠈈,支A
𧺼,支A
䚦,支B
徙,支A
壐,支A
璽,支A
𢇌,支A
肔,支A
崺,支A
扡,支A
邐,支A
峛,支A
𩎉,支B
纚,支B
縰,支B
屣,支B
𢔌,支A
俾,支A
𠬈,支A
𢳋,支A
爾,支A
尒,支A
邇,支A
𨒛,支A
渳,支A
弭,支A
濔,支A
芈,支A
敉,支A
侎,支A
葞,支A
蝆,支A
㥝,支A
婢,支A
庳,支A
侈,支A
𡚼,支A
㢋,支A
㢁,支A
垑,支A
㶴,支A
袳,支A
𧰲,支A
弛,支A
豕,支A
紫,支A
訿,支A
𣸆,支A
呰,支A
捶,支A
沝,支A
𤢍,支A
舓,支A
𦧇,支A
舐,支A
諀,支A
庀,支A
䚹,支A
撱,支A
𤼒,支A
跬,支B
䞨,支B
頍,支B
䠑,支B
狔,支B
旎,支B
抳,支B
硊,支B
𧛢,支B
𪖪,支B
菙,支A
㥨,支A
旨,脂B
指,脂B
恉,脂B
䛗,脂B
茋,脂B
視,脂A
眎,脂A
美,脂B
媺,脂B
渼,脂B
媄,脂B
鄙,脂B
娝,脂B
兕,脂B
𧰽,脂B
𠒅,脂B
𠒃,脂B
䒨,脂B
𪊨,脂B
麂,脂B
㞦,脂B
䢳,脂B
𤜝,脂B
㞛,脂B
𡛷,脂A
秭,脂A
妣,脂A
秕,脂A
䃾,脂A
朼,脂A
軌,脂B
簋,脂B
晷,脂B
厬,脂B
𣷾,脂B
宄,脂B
匭,脂B
㔲,脂B
氿,脂B
𧗝,脂B
洧,脂B
鮪,脂B
痏,脂B
矢,脂B
𠂕,脂B
𦳊,脂B
雉,脂B
滍,脂B
死,脂B
履,脂A
水,脂B
壘,脂A
櫐,脂A
蘽,脂A
𡻭,脂A
藟,脂A
誄,脂A
讄,脂A
𤢹,脂A
揆,脂A
踓,脂A
𨿐,脂A
癸,脂A
圮,脂B
𢁦,脂B
䤏,脂B
𢻹,脂B
嚭,脂B
𡺮,脂B
㨊,脂A
㰻,脂B
濢,脂A
噿,脂A
臎,脂A
黹,脂B
𢾫,脂B
夂,脂B
𡳭,脂B
𧿲,脂B
䁤,脂A
跽,脂B
止,之
畤,之
沚,之
洔,之
趾,之
址,之
阯,之
芷,之
市,之
恃,之
喜,之
憙,之
蟢,之
紀,之
己,之
妀,之
𠮯,之
以,之
㠯,之
巳,之
苡,之
苢,之
攺,之
似,之
佀,之
祀,之
𥘰,之
禩,之
姒,之
耜,之
𦓨,之
汜,之
泤,之
鈶,之
𪊍,之
史,之
使,之
駛,之
𩰢,之
耳,之
洱,之
駬,之
䋙,之
𪕔,之
里,之
裏,之
鯉,之
李,之
理,之
娌,之
俚,之
𨛋,之
枲,之
𤟧,之
葸,之
𠪙,之
始,之
歭,之
跱,之
峙,之
痔,之
㣥,之
秲,之
庤,之
起,之
邔,之
杞,之
屺,之
玘,之
芑,之
士,之
仕,之
𣐈,之
𢨪,之
戺,之
竢,之
涘,之
𥾩,之
𥏳,之
𢓪,之
子,之
㜽,之
虸,之
耔,之
秄,之
梓,之
杍,之
矣,之
𦮸,之
擬,之
𥣖,之
齒,之
恥,之
祉,之
𠟴,之
欼,之
㱀,之
滓,之
笫,之
胏,之
䔂,之
𠂔,之
伱,之
聻,之
尾,微
斖,微
浘,微
䞔,微
䅏,微
䬿,微
扆,微
偯,微
庡,微
豈,微
穖,微
斐,微
悱,微
𩦎,微
奜,微
䨽,微
匪,微
篚,微
棐,微
榧,微
䕁,微
蜚,微
韙,微
煒,微
暐,微
偉,微
瑋,微
葦,微
椲,微
韡,微
𩘚,微
愇,微
𢯷,微
鬼,微
𤈦,微
𩃾,微
虫,微
卉,微
顗,微
𪖥,微
霼,微
唏,微
䆏,微
陫,微
䒈,微
語,魚
篽,魚
籞,魚
圉,魚
敔,魚
圄,魚
䥏,魚
禦,魚
蘌,魚
吕,魚
膂,魚
旅,魚
𥰠,魚
祣,魚
穭,魚
梠,魚
儢,魚
侣,魚
㭚,魚
郘,魚
絽,魚
𢈚,魚
佇,魚
竚,魚
芧,魚
苧,魚
紵,魚
杼,魚
羜,魚
眝,魚
与,魚
𢌱,魚
䰞,魚
煑,魚
陼,魚
渚,魚
汝,魚
肗,魚
𪏮,魚
暑,魚
鼠,魚
黍,魚
𧑓,魚
癙,魚
杵,魚
處,魚
貯,魚
𡪄,魚
𢁼,魚
褚,魚
𤲑,魚
䍆,魚
詝,魚
䘢,魚
醑,魚
糈,魚
𥚩,魚
柠,魚
女,魚
籹,魚
許,魚
鄦,魚
巨,魚
拒,魚
秬,魚
距,魚
𧣒,魚
炬,魚
粔,魚
𧇽,魚
虡,魚
鉅,魚
苣,魚
駏,魚
𦊐,魚
詎,魚
歫,魚
䶙,魚
所,魚
𠩄,魚
齭,魚
盨,魚
䝪,魚
楚,魚
礎,魚
齼,魚
𪓐,魚
憷,魚
濋,魚
阻,魚
俎,魚
齟,魚
跙,魚
𧽟,魚
𢮁,魚
𩩘,魚
舉,魚
莒,魚
櫸,魚
筥,魚
𧺹,魚
弆,魚
柜,魚
䢹,魚
𠢈,魚
敘,魚
緒,魚
序,魚
漵,魚
抒,魚
嶼,魚
鱮,魚
𨣦,魚
𥎗,魚
𡱣,魚
去,魚
麮,魚
𧉧,魚
墅,魚
𥅗,魚
俁,虞
噳,虞
羽,虞
禹,虞
雨,虞
宇,虞
㝢,虞
瑀,虞
祤,虞
栩,虞
鄅,虞
楀,虞
萭,虞
䣁,虞
聥,虞
䨞,虞
聚,虞
甫,虞
脯,虞
斧,虞
俯,虞
府,虞
腑,虞
黼,虞
莆,虞
𧉊,虞
俌,虞
㕮,虞
父,虞
𥒰,虞
蚥,虞
武,虞
舞,虞
儛,虞
嫵,虞
侮,虞
㒇,虞
珷,虞
碔,虞
廡,虞
𢋑,虞
甒,虞
潕,虞
鵡,虞
娬,虞
敄,虞
䒉,虞
𤍍,虞
輔,虞
䩉,虞
𩒺,虞
腐,虞
𩾿,虞
滏,虞
䭸,虞
㾈,虞
鬴,虞
釜,虞
䪔,虞
撫,虞
𢻬,虞
弣,虞
𠛺,虞
拊,虞
䋨,虞
䌗,虞
𠟌,虞
柱,虞
跓,虞
嵀,虞
詡,虞
𠳲,虞
珝,虞
喣,虞
煦,虞
豎,虞
竪,虞
樹,虞
裋,虞
庾,虞
窳,虞
𥦠,虞
愈,虞
㼌,虞
貐,虞
斞,虞
主,虞
麈,虞
宔,虞
炷,虞
傴,虞
齲,虞
踽,虞
拄,虞
丶,虞
𪐴,虞
乳,虞
窶,虞
貗,虞
矩,虞
榘,虞
䅓,虞
𦐛,虞
蒟,虞
椇,虞
縷,虞
𪈜,虞
㜢,虞
𦳭,虞
䅡,虞
䝒,虞
𧱛,虞
姥,模
媽,模
峔,模
土,模
吐,模
芏,模
杜,模
靯,模
𡍨,模
𢾖,模
肚,模
𥀁,模
荰,模
魯,模
櫓,模
虜,模
擄,模
𢲸,模
樐,模
艣,模
鐪,模
蓾,模
𧀦,模
鹵,模
㔪,模
鏀,模
䲐,模
覩,模
睹,模
暏,模
賭,模
帾,模
㕆,模
古,模
皷,模
鼓,模
瞽,模
股,模
𦙶,模
罟,模
蠱,模
估,模
鈷,模
羖,模
𦍩,模
詁,模
牯,模
夃,模
焸,模
𠒂,模
𥂩,模
五,模
午,模
旿,模
伍,模
仵,模
粗,模
祖,模
珇,模
組,模
䔃,模
靻,模
虎,模
琥,模
戽,模
滸,模
𨛵,模
萀,模
䗂,模
隖,模
塢,模
䃖,模
𢄓,模
溩,模
䛩,模
𧽋,模
䡧,模
苦,模
𥯶,模
怒,模
弩,模
努,模
𧉭,模
戸,模
楛,模
扈,模
怙,模
鄠,模
帍,模
祜,模
昈,模
𡻮,模
岵,模
雇,模
𩿇,模
𪄮,模
𨛸,模
婟,模
𡜂,模
滬,模
簄,模
普,模
浦,模
烳,模
補,模
譜,模
圃,模
𩶆,齊
鱭,齊
禮,齊
礼,齊
𥴡,齊
𦫈,齊
澧,齊
醴,齊
鱧,齊
鱺,齊
𩽵,齊
欚,齊
豊,齊
體,齊
軆,齊
涕,齊
䪆,齊
挮,齊
𣈡,齊
䫌,齊
濟,齊
䍤,齊
夘,齊
邸,齊
底,齊
䏄,齊
抵,齊
牴,齊
觝,齊
弤,齊
㪆,齊
軧,齊
弟,齊
娣,齊
悌,齊
䑯,齊
遞,齊
㼵,齊
禰,齊
苨,齊
𩋪,齊
𦰫,齊
坭,齊
𩯨,齊
薾,齊
檷,齊
𩍦,齊
皉,齊
啓,齊
棨,齊
綮,齊
䭬,齊
闙,齊
启,齊
䏿,齊
㒅,齊
䡔,齊
𥰥,齊
𦩶,齊
𧨍,齊
匸,齊
𥉐,齊
米,齊
眯,齊
䋛,齊
洣,齊
蔝,齊
䱊,齊
陛,齊
䯗,齊
㙄,齊
𤙞,齊
𠈺,齊
𠯋,齊
堄,齊
晲,齊
㪏,齊
𤽊,齊
蟹,佳
䲒,佳
解,佳
獬,佳
澥,佳
嶰,佳
𨼬,佳
買,佳
嘪,佳
蕒,佳
鷶,佳
䒓,佳
𧳋,佳
㚷,佳
矲,佳
䥯,佳
㔥,佳
矮,佳
㢊,佳
躷,佳
擺,佳
捭,佳
檞,佳
枴,佳
㧳,佳
箉,佳
拐,佳
駭,皆
駴,皆
𠢲,皆
𥏪,皆
𤶗,皆
𧡋,皆
賄,灰
𧶅,灰
䏨,灰
燘,灰
悔,灰
猥,灰
腲,灰
鍡,灰
㛱,灰
𥓔,灰
㱬,灰
㞇,灰
𨝀,灰
磥,灰
磊,灰
癗,灰
𡾋,灰
礧,灰
䣂,灰
㵽,灰
𡼊,灰
蕾,灰
𨻾,灰
𦢏,灰
頛,灰
陮,灰
𨯝,灰
𦶏,灰
辠,灰
罪,灰
浼,灰
每,灰
挴,灰
䜸,灰
骽,灰
腿,灰
僓,灰
脮,灰
㱣,灰
㞂,灰
瘣,灰
㱱,灰
䜋,灰
廆,灰
㚍,灰
𦞙,灰
䇏,灰
𡑈,灰
餒,灰
娞,灰
𩗔,灰
鮾,灰
㼏,灰
𩬳,灰
隗,灰
䃬,灰
皠,灰
𣿒,灰
𣿓,灰
漼,灰
璀,灰
𥼺,灰
䊫,灰
琲,灰
𢳁,灰
嶊,灰
洅,灰
海,咍
醢,咍
愷,咍
凱,咍
颽,咍
塏,咍
暟,咍
鎧,咍
闓,咍
輆,咍
宰,咍
縡,咍
䏁,咍
載,咍
殆,咍
待,咍
怠,咍
迨,咍
𨽿,咍
紿,咍
軩,咍
𠷂,咍
乃,咍
迺,咍
鼐,咍
改,咍
絠,咍
亥,咍
㧡,咍
𥩲,咍
啡,咍
采,咍
採,咍
綵,咍
寀,咍
彩,咍
䰂,咍
㥒,咍
𢮇,咍
在,咍
俖,咍
㘆,咍
疓,咍
𨦂,咍
䑂,咍
𦚪,咍
倍,咍
蓓,咍
軫,眞A
胗,眞A
疹,眞A
賑,眞A
㐱,眞A
鬒,眞A
槇,眞A
𦕑,眞A
袗,眞A
裖,眞A
眕,眞A
䪾,眞A
𠘱,眞A
腎,眞A
蜃,眞A
祳,眞A
脤,眞A
㰮,眞A
鋠,眞A
忍,眞A
荵,眞A
矤,眞A
矧,眞A
訠,眞A
哂,眞A
弞,眞A
頣,眞A
僯,眞A
𩕔,眞A
橉,眞A
撛,眞A
紖,眞B
䀕,眞B
眹,眞B
緊,眞A
𦜌,眞A
𤷌,眞A
盡,眞A
㯸,眞A
髕,眞A
臏,眞A
𪙤,眞B
笉,眞A
窘,眞B
僒,眞B
㖥,眞B
㻒,眞B
䐃,眞B
蜠,眞B
引,眞A
𢎢,眞A
蚓,眞A
𢯼,眞A
濥,眞A
廴,眞A
鈏,眞A
靷,眞A
愍,眞B
慜,眞B
憫,眞B
閔,眞B
敏,眞B
敃,眞B
暋,眞B
簢,眞B
𥴲,眞B
𦌡,眞B
𨏵,眞B
鰵,眞B
𤿕,眞A
僶,眞A
䟨,眞A
刡,眞A
𨍌,眞A
䐇,眞A
殞,眞B
磒,眞B
隕,眞B
霣,眞B
准,諄
尹,諄
䪳,諄
允,諄
狁,諄
玧,諄
𡴞,諄
𧉃,諄
筍,諄
笋,諄
𠣬,諄
隼,諄
箰,諄
簨,諄
𥯗,諄
𣕍,諄
蠢,諄
𢧨,諄
䐏,諄
踳,諄
惷,諄
𦚧,諄
偆,諄
僢,諄
𢾎,諄
耣,諄
𦓾,諄
𣯍,諄
𦃢,眞B
螼,眞A
𤿳,眞A
賰,諄
吻,文
𦝮,文
刎,文
抆,文
伆,文
𦮶,文
粉,文
黺,文
憤,文
𢤬,文
㿎,文
鱝,文
弅,文
𢅯,文
坋,文
忿,文
惲,文
藴,文
褞,文
賱,文
醖,文
齳,文
夽,文
喗,文
𧼐,文
抎,文
𪏚,文
𤸫,文
𦄐,文
隱,欣
磤,欣
𤻘,欣
䌥,欣
㥯,欣
櫽,欣
嶾,欣
乚,欣
𨏈,欣
謹,欣
𪏴,欣
㹏,欣
槿,欣
𡎸,欣
漌,欣
巹,欣
𧯷,欣
菦,欣
𧤛,臻
𣐽,臻
赾,欣
近,欣
齔,臻
𠒜,元
遠,元
𩔃,元
偃,元
䞁,元
鶠,元
郾,元
褗,元
匽,元
鼴,元
鰋,元
湕,元
𥍹,元
㔓,元
寋,元
楗,元
𧥛,元
𧥜,元
𪗛,元
幰,元
攇,元
䜢,元
晚,元
挽,元
輓,元
㿸,元
䡊,元
坂,元
返,元
橎,元
婉,元
苑,元
踠,元
䖤,元
畹,元
倇,元
𩌑,元
䘼,元
夗,元
𩎺,元
晼,元
𤗍,元
䛄,元
䅚,元
綣,元
虇,元
䊎,元
𪐂,元
暅,元
咺,元
飯,元
軬,元
混,魂
鯶,魂
焜,魂
倱,魂
棍,魂
睔,魂
䚠,魂
𨡫,魂
䧰,魂
掍,魂
睴,魂
翉,魂
忖,魂
𢩭,魂
刌,魂
本,魂
畚,魂
𤲙,魂
笨,魂
㡷,魂
苯,魂
損,魂
䐣,魂
𠟃,魂
撙,魂
噂,魂
譐,魂
䔿,魂
僔,魂
穩,魂
𡁋,魂
囤,魂
𥫱,魂
遁,魂
遯,魂
鱒,魂
𩩌,魂
𧞢,魂
衮,魂
緄,魂
鯀,魂
輥,魂
蓘,魂
丨,魂
䃂,魂
畽,魂
𤊯,魂
吨,魂
閫,魂
壼,魂
稇,魂
裍,魂
悃,魂
𩑔,魂
㤻,魂
碖,魂
獖,魂
㨧,魂
体,魂
㶧,魂
𦃕,魂
很,痕
墾,痕
懇,痕
䫀,痕
旱,寒
𡷛,寒
皔,寒
䓍,寒
䛞,寒
亶,寒
𤺺,寒
疸,寒
觛,寒
狚,寒
担,寒
坦,寒
䦔,寒
散,寒
𢽳,寒
𢿨,寒
饊,寒
糤,寒
鏾,寒
繖,寒
䉈,寒
傘,寒
𣀧,寒
𢄻,寒
蜑,寒
誕,寒
潬,寒
䩥,寒
繵,寒
膻,寒
瓉,寒
趲,寒
禶,寒
簳,寒
皯,寒
䵟,寒
𤿊,寒
稈,寒
秆,寒
仠,寒
𦼮,寒
矸,寒
衦,寒
𥾍,寒
嬾,寒
懶,寒
𥻂,寒
𥽭,寒
侃,寒
衎,寒
䍐,寒
蔊,寒
厂,寒
暵,寒
焊,寒
緩,桓
澣,桓
浣,桓
㬊,桓
棵,桓
𧶲,桓
鰀,桓
嵈,桓
晥,桓
䈠,桓
短,桓
𢭃,桓
斷,桓
𢷖,桓
椀,桓
盌,桓
䝹,桓
疃,桓
𤲫,桓
瘓,桓
䠪,桓
算,桓
匴,桓
篹,桓
管,桓
筦,桓
脘,桓
輨,桓
盥,桓
痯,桓
䩪,桓
錧,桓
䗆,桓
䘾,桓
款,桓
歀,桓
欵,桓
窾,桓
䥗,桓
䲌,桓
煗,桓
㬉,桓
暖,桓
餪,桓
渜,桓
纂,桓
䂎,桓
纉,桓
儹,桓
籫,桓
繤,桓
𦆈,桓
伴,桓
㚘,桓
滿,桓
𢟮,桓
𥲈,桓
鏋,桓
粄,桓
䉽,桓
䬳,桓
𩋦,桓
緞,桓
坢,桓
𧺾,桓
綰,刪
版,刪
板,刪
蝂,刪
鈑,刪
䩆,刪
拃,刪
赧,刪
𩈶,刪
㫱,刪
僩,刪
橌,刪
睆,刪
睅,刪
𪍺,刪
鯇,刪
皖,刪
魬,刪
矕,刪
𪘪,刪
䗃,刪
𪗙,刪
㹽,刪
産,山
簅,山
摌,山
㹌,山
嵼,山
滻,山
㦃,山
𥽽,山
𩥮,山
限,山
硍,山
䁂,山
䦘,山
𥇅,山
簡,山
㶕,山
僴,山
𧟉,山
柬,山
暕,山
剗,山
丳,山
䐮,山
㟞,山
嶘,山
轏,山
𠊩,山
眼,山
琖,山
盞,山
𧣴,山
銑,先
跣,先
毨,先
箲,先
筅,先
㭠,先
𦭶,先
𩶤,先
腆,先
痶,先
淟,先
𤲖,先
錪,先
靦,先
㥏,先
琠,先
蚕,先
䠄,先
𨆁,先
賟,先
晪,先
典,先
蕇,先
𩒝,先
𥮏,先
宴,先
嬿,先
殄,先
跈,先
繭,先
絸,先
蠒,先
𥀹,先
𢆞,先
𡘸,先
垷,先
筧,先
襺,先
𢺃,先
挸,先
𢹕,先
峴,先
臔,先
哯,先
晛,先
蜆,先
俔,先
䵤,先
睍,先
㦓,先
顯,先
韅,先
抮,先
𣊡,先
㨠,先
丏,先
眄,先
撚,先
匾,先
𦄒,先
𥤓,先
惼,先
碥,先
糄,先
泫,先
鉉,先
琄,先
贙,先
埍,先
𦇏,先
䀏,先
䩙,先
䧎,先
𨊼,先
𩉥,先
𡿨,先
畎,先
𤰝,先
詃,先
罥,先
羂,先
汱,先
辮,先
艑,先
𪉱,先
㲢,先
𤻶,先
𩩯,先
犬,先
𥧬,先
䵖,先
蜸,先
齞,先
獮,仙A
𤣗,仙A
𥙮,仙A
尟,仙A
癬,仙A
𤐨,仙A
𧕇,仙A
蘚,仙A
演,仙A
衍,仙A
𧍢,仙A
𧊔,仙A
踐,仙A
諓,仙A
餞,仙A
俴,仙A
𤷃,仙A
𧗸,仙A
㣤,仙A
展,仙B
㞡,仙B
搌,仙B
輾,仙B
㠭,仙B
㜊,仙B
𧎰,仙B
𦗢,仙A
𠟉,仙A
樿,仙A
𩕊,仙A
䆄,仙A
䡀,仙A
䁴,仙A
𥊳,仙A
橏,仙A
㔊,仙A
𨭖,仙A
嫸,仙A
𨋚,仙B
𠬝,仙B
闡,仙A
䵐,仙A
幝,仙A
𨼒,仙A
灛,仙A
𦆀,仙A
遣,仙A
繾,仙A
䭤,仙A
𥳐,仙A
𠳋,仙A
𨺫,仙A
𩝡,仙A
謇,仙B
搴,仙B
𢷘,仙B
𢵈,仙B
𦂇,仙B
𡾰,仙B
藆,仙B
𩽜,仙B
善,仙A
譱,仙A
墠,仙A
鱓,仙A
蟺,仙A
僐,仙A
鄯,仙A
墡,仙A
磰,仙A
𪍶,仙A
翦,仙A
剪,仙A
揃,仙A
戩,仙A
𦺍,仙A
𥰸,仙A
𥳟,仙A
㨵,仙A
㒄,仙A
輦,仙A
𪍦,仙A
𤒤,仙A
璉,仙A
鄻,仙A
摙,仙A
膦,仙A
齴,仙B
遃,仙B
嵃,仙B
讞,仙B
𤫣,仙B
件,仙B
鑳,仙B
辯,仙B
𧦪,仙B
辡,仙B
緬,仙A
沔,仙A
汅,仙A
湎,仙A
愐,仙A
𩋠,仙A
偭,仙A
勔,仙A
𢃮,仙A
褊,仙A
㦚,仙A
𧕣,仙A
雋,仙A
隽,仙A
𤺻,仙A
𦼱,仙A
䁵,仙B
鴘,仙B
兖,仙A
渷,仙A
沇,仙A
𢯻,仙A
抁,仙A
㕣,仙A
𦁙,仙A
𩘍,仙A
孌,仙A
𡡗,仙A
脟,仙A
轉,仙B
𣓧,仙B
菤,仙B
𨹵,仙B
埢,仙B
輭,仙A
軟,仙A
㮕,仙A
䓴,仙A
碝,仙A
䞂,仙A
耎,仙A
𢘎,仙A
㞋,仙A
緛,仙A
舛,仙A
喘,仙A
荈,仙A
腨,仙A
𡭐,仙A
𦺲,仙A
篆,仙B
瑑,仙B
𦁆,仙B
䧘,仙B
堟,仙B
𨷱,仙A
𡇰,仙A
選,仙A
𦌻,仙A
𥶷,仙A
𩔊,仙B
𩻝,仙B
𢣑,仙A
免,仙B
勉,仙B
俛,仙B
鮸,仙B
冕,仙B
𨩪,仙B
蕆,仙B
𧈪,仙B
篠,蕭
筱,蕭
𩵌,蕭
皎,蕭
璬,蕭
𢅎,蕭
䥵,蕭
㿟,蕭
皦,蕭
恔,蕭
晈,蕭
䘨,蕭
儌,蕭
鳥,蕭
𢁕,蕭
蔦,蕭
釕,蕭
䄪,蕭
𠄏,蕭
了,蕭
镽,蕭
鄝,蕭
䑠,蕭
𥗀,蕭
𤁸,蕭
𧘈,蕭
窱,蕭
䠷,蕭
曉,蕭
皢,蕭
杳,蕭
窈,蕭
偠,蕭
騕,蕭
𩡻,蕭
𨱧,蕭
㫏,蕭
婹,蕭
㫐,蕭
䆞,蕭
𡧮,蕭
苭,蕭
嬲,蕭
嫋,蕭
𨲂,蕭
㒟,蕭
褭,蕭
㜵,蕭
䃵,蕭
𢴶,蕭
㵿,蕭
𦯪,蕭
𠄔,蕭
窕,蕭
𤕷,蕭
𤱩,蕭
誂,蕭
䂽,蕭
䂪,蕭
劋,蕭
㭂,蕭
𧂈,蕭
小,宵A
𩵖,宵A
䒕,宵A
肇,宵B
肁,宵B
兆,宵B
趙,宵B
旐,宵B
狣,宵B
䍮,宵B
垗,宵B
𠧞,宵B
沼,宵A
䈃,宵A
殀,宵B
仸,宵B
巐,宵B
少,宵A
䒚,宵A
𨙹,宵A
擾,宵A
𢹎,宵A
繞,宵A
遶,宵A
𤛾,宵A
𧳨,宵A
𢹰,宵A
鰾,宵A
顠,宵A
𩮳,宵A
膘,宵A
𦭼,宵A
𪍑,宵A
麨,宵A
眧,宵A
縹,宵A
醥,宵A
皫,宵A
眇,宵A
渺,宵A
𦳥,宵A
淼,宵A
杪,宵A
秒,宵A
篎,宵A
紹,宵A
綤,宵A
袑,宵A
䙼,宵A
矯,宵B
鱎,宵B
䚩,宵B
敽,宵B
𥃧,宵B
譑,宵B
𨝰,宵B
表,宵B
𧘝,宵B
𧞧,宵B
䔸,宵B
褾,宵A
𧢄,宵A
㟽,宵A
𦳤,宵B
𠬪,宵B
㰶,宵B
㹾,宵B
𧴎,宵B
鷕,宵A
溔,宵A
𦥨,宵A
𩨴,宵A
䁘,宵A
悄,宵A
釥,宵A
𠞰,宵A
𠟯,宵A
漅,宵A
𤃭,宵A
𨲭,宵B
𢻢,宵A
䩍,宵A
闄,宵A
巧,肴
䲾,肴
㺒,肴
䕧,肴
䀊,肴
飽,肴
𩝰,肴
𩛁,肴
卯,肴
戼,肴
泖,肴
昴,肴
絞,肴
狡,肴
攪,肴
𢯴,肴
𥂔,肴
𢽻,肴
爪,肴
㕚,肴
䝖,肴
瑵,肴
笊,肴
𢁬,肴
𦬔,肴
拗,肴
𢂊,肴
𥃯,肴
狕,肴
鮑,肴
𡂟,肴
齩,肴
㑿,肴
煼,肴
𩱦,肴
𤌉,肴
炒,肴
𩱈,肴
𢾐,肴
晧,豪
昊,豪
昦,豪
暭,豪
鎬,豪
顥,豪
夰,豪
薃,豪
𨛴,豪
𧇼,豪
𥢑,豪
抱,豪
老,豪
轑,豪
潦,豪
䕩,豪
栳,豪
𣠼,豪
𩔇,豪
恅,豪
𡂕,豪
䵏,豪
討,豪
𡘷,豪
道,豪
衟,豪
𡬲,豪
稻,豪
𣜦,豪
𨱵,豪
堖,豪
腦,豪
𠜶,豪
惱,豪
碯,豪
㺁,豪
𧳦,豪
㛴,豪
㛮,豪
嫂,豪
㛐,豪
燥,豪
埽,豪
掃,豪
倒,豪
擣,豪
搗,豪
㠀,豪
禂,豪
䮻,豪
禱,豪
壔,豪
草,豪
艸,豪
懆,豪
騲,豪
𠹊,豪
愺,豪
早,豪
澡,豪
藻,豪
薻,豪
𧎮,豪
蚤,豪
䲃,豪
璪,豪
璅,豪
棗,豪
繅,豪
皁,豪
𦯑,豪
造,豪
艁,豪
暠,豪
杲,豪
稾,豪
藳,豪
縞,豪
槀,豪
菒,豪
𥓖,豪
好,豪
𡚽,豪
冃,豪
寶,豪
珤,豪
保,豪
𡥀,豪
堢,豪
堡,豪
褓,豪
緥,豪
鴇,豪
葆,豪
駂,豪
䎂,豪
宲,豪
賲,豪
𠤏,豪
襖,豪
镺,豪
䴠,豪
媪,豪
㤇,豪
郩,豪
䯠,豪
𪁾,豪
考,豪
攷,豪
栲,豪
槁,豪
洘,豪
燺,豪
丂,豪
䯪,豪
𦽀,豪
𩑤,豪
哿,歌
舸,歌
𥰮,歌
嚲,歌
䯬,歌
䫂,歌
褨,歌
柁,歌
舵,歌
𣵻,歌
我,歌
騀,歌
㧴,歌
㰁,歌
𩝢,歌
砢,歌
㦬,歌
曪,歌
𣂞,歌
𠻡,歌
橠,歌
娜,歌
㡅,歌
𢄴,歌
㪃,歌
可,歌
岢,歌
坷,歌
𨵌,歌
𣘨,歌
㫊,歌
𧙃,歌
左,歌
㝾,歌
,歌
果,戈
菓,戈
猓,戈
鐹,戈
裹,戈
蜾,戈
惈,戈
粿,戈
埵,戈
挆,戈
𦀉,戈
朵,戈
朶,戈
綞,戈
鍺,戈
𨹄,戈
䤪,戈
𩊜,戈
鎖,戈
瑣,戈
溑,戈
䈗,戈
䵀,戈
𩹳,戈
𥔭,戈
䣔,戈
𢱡,戈
𧴪,戈
垛,戈
𤬾,戈
𥬲,戈
𥳔,戈
䤻,戈
憜,戈
惰,戈
嫷,戈
嶞,戈
妥,戈
媠,戈
橢,戈
𨼰,戈
鵎,戈
麼,戈
𣋟,戈
懡,戈
坐,戈
𡋲,戈
㛂,戈
裸,戈
躶,戈
𧝹,戈
臝,戈
瘰,戈
𤼠,戈
蓏,戈
𢫷,戈
簸,戈
駊,戈
㝿,戈
叵,戈
𡽠,戈
禍,戈
𥚁,戈
𡖿,戈
𣄸,戈
𨘌,戈
火,戈
邩,戈
顆,戈
敤,戈
爸,戈
馬,麻
碼,麻
䣕,麻
罵,麻
𥧓,麻
鷌,麻
鰢,麻
者,麻
赭,麻
壄,麻
也,麻
冶,麻
雅,麻
庌,麻
厊,麻
㿿,麻
檟,麻
榎,麻
嘏,麻
假,麻
叚,麻
斝,麻
椵,麻
婽,麻
瘂,麻
𤺘,麻
灺,麻
䵦,麻
下,麻
丅,麻
夏,麻
廈,麻
寫,麻
𣞐,麻
瀉,麻
𣬕,麻
𡎬,戈
乜,麻
閜,麻
襾,麻
社,麻
𥁹,麻
𣝒,麻
跒,麻
跁,麻
䇑,麻
捨,麻
舍,麻
騇,麻
䬷,麻
𩜉,麻
姐,麻
飷,麻
把,麻
踝,麻
𡱏,麻
𦖍,麻
觟,麻
𩸄,麻
𢦚,麻
寡,麻
冎,麻
剮,麻
𣑍,麻
𠊰,麻
䈑,麻
𧤐,麻
瓦,麻
邷,麻
𠰒,麻
鮓,麻
厏,麻
痄,麻
奲,麻
㨋,麻
䰩,麻
撦,麻
䋾,麻
䋈,麻
骻,麻
㡁,麻
銙,麻
𢄳,麻
𡕒,麻
䊬,麻
𧫝,麻
傻,麻
藞,麻
養,陽
癢,陽
瀁,陽
勨,陽
𧓲,陽
像,陽
象,陽
蟓,陽
橡,陽
襐,陽
鱌,陽
𨖶,陽
𦺨,陽
嶑,陽
㢡,陽
獎,陽
䉃,陽
槳,陽
㯍,陽
㒳,陽
兩,陽
脼,陽
𣓈,陽
緉,陽
蜽,陽
魎,陽
㔝,陽
鞅,陽
柍,陽
䬬,陽
岟,陽
炴,陽
𧵌,陽
怏,陽
紻,陽
滰,陽
仰,陽
磢,陽
㼽,陽
𠞮,陽
漺,陽
愴,陽
想,陽
鯗,陽
掌,陽
仉,陽
𤓯,陽
𤕤,陽
爽,陽
𦄍,陽
塽,陽
樉,陽
䫪,陽
響,陽
饗,陽
蠁,陽
䖮,陽
亯,陽
嚮,陽
曏,陽
敞,陽
𢠵,陽
氅,陽
𪅶,陽
廠,陽
僘,陽
繈,陽
鏹,陽
襁,陽
膙,陽
丈,陽
杖,陽
仗,陽
㽴,陽
昶,陽
鋹,陽
壤,陽
䖆,陽
䑋,陽
𥗝,陽
賞,陽
𩞧,陽
𩞃,陽
髣,陽
仿,陽
紡,陽
鶭,陽
䲱,陽
网,陽
網,陽
罔,陽
輞,陽
棢,陽
惘,陽
菵,陽
誷,陽
𡔞,陽
𦖉,陽
蛧,陽
魍,陽
昉,陽
倣,陽
放,陽
瓬,陽
枉,陽
𢽃,陽
𣢫,陽
往,陽
怳,陽
摤,陽
上,陽
丄,陽
俇,陽
迋,陽
𠏤,陽
逛,陽
𩦠,陽
傸,陽
蕩,唐
婸,唐
𥯕,唐
𢠽,唐
愓,唐
璗,唐
䑗,唐
嵣,唐
顙,唐
𣞙,唐
𣡆,唐
磉,唐
廣,唐
牓,唐
𣮧,唐
髒,唐
曩,唐
灢,唐
骯,唐
䟘,唐
𡕬,唐
曭,唐
儻,唐
偒,唐
戃,唐
矘,唐
爣,唐
𣎲,唐
㼒,唐
㿩,唐
攩,唐
茻,唐
壾,唐
䁳,唐
䒎,唐
㬒,唐
蠎,唐
漭,唐
㟐,唐
黨,唐
讜,唐
欓,唐
䣣,唐
𧅗,唐
朗,唐
朖,唐
誏,唐
俍,唐
崀,唐
坱,唐
醠,唐
䇦,唐
盎,唐
軮,唐
慷,唐
𡻚,唐
䡉,唐
懬,唐
㳹,唐
瀇,唐
晃,唐
幌,唐
櫎,唐
榥,唐
滉,唐
皝,唐
䒍,唐
慌,唐
爌,唐
𡧽,唐
䁜,唐
㬻,唐
䴚,唐
𨟼,唐
㽘,唐
奘,唐
汻,唐
酐,唐
𤰟,唐
梗,庚
挭,庚
哽,庚
郠,庚
綆,庚
鯁,庚
骾,庚
𧋑,庚
丙,庚
昞,庚
怲,庚
邴,庚
炳,庚
秉,庚
窉,庚
苪,庚
蛃,庚
警,庚
儆,庚
景,庚
境,庚
璥,庚
㯳,庚
影,庚
璟,庚
璄,庚
䭘,庚
摬,庚
㲟,庚
𠝟,庚
𩘑,庚
眚,庚
㾪,庚
𡞞,庚
䚇,庚
𨵥,庚
㼳,庚
𨜜,庚
永,庚
栐,庚
𦬺,庚
皿,庚
𥥊,庚
憬,庚
囧,庚
煚,庚
暻,庚
杏,庚
莕,庚
荇,庚
猛,庚
蜢,庚
艋,庚
礦,庚
鑛,庚
𨥥,庚
𪍿,庚
䵃,庚
穬,庚
㑟,庚
𧚭,庚
浻,庚
奣,庚
卝,庚
澋,庚
檸,庚
耿,耕
𦵸,耕
𥉔,耕
鼆,耕
幸,耕
𠂷,耕
倖,耕
㼬,耕
𠊧,耕
𩶁,耕
皏,耕
靜,清
睜,清
𩇕,清
靖,清
妌,清
穽,清
阱,清
竫,清
整,清
逞,清
騁,清
悜,清
睈,清
郢,清
浧,清
梬,清
痙,清
潁,清
穎,清
領,清
嶺,清
袊,清
餅,清
鉼,清
䴵,清
㩩,清
䔛,清
井,清
𨙷,清
廮,清
癭,清
𣤵,清
𦡺,清
㮐,清
𢜫,清
慏,清
𣵹,清
迥,青
炯,青
泂,青
𦳖,青
熲,青
𠖷,青
㯋,青
𩚱,青
煛,青
𧍮,青
茗,青
酩,青
姳,青
頂,青
𩠑,青
𩕢,青
奵,青
耵,青
鼎,青
薡,青
酊,青
濎,青
艇,青
鋌,青
梃,青
誔,青
珽,青
脡,青
侹,青
頲,青
𡈼,青
𤱹,青
䦐,青
汫,青
濙,青
謦,青
𩕳,青
䗿,青
䔭,青
婞,青
涬,青
脛,青
𢙼,青
緈,青
箵,青
褧,青
剄,青
烴,青
巊,青
𩳍,青
𦊓,青
竝,青
並,青
矨,青
拯,蒸
撜,蒸
氶,蒸
剻,登
肯,登
肎,登
有,尤
右,尤
䳑,尤
友,尤
㕛,尤
䀁,尤
𥁓,尤
䒴,尤
柳,尤
罶,尤
𦊑,尤
珋,尤
𩖴,尤
嬼,尤
𪕋,尤
綹,尤
𨋖,尤
狃,尤
紐,尤
鈕,尤
杻,尤
莥,尤
𠘯,尤
扭,尤
𢔟,尤
䏔,尤
𨙺,尤
丑,尤
杽,尤
肘,尤
疛,尤
𤶡,尤
朽,尤
㱙,尤
㽲,尤
殠,尤
久,尤
九,尤
玖,尤
灸,尤
韭,尤
𡚰,尤
𨾉,尤
首,尤
𩠐,尤
𦣻,尤
手,尤
䭭,尤
守,尤
醜,尤
𧃝,尤
婦,尤
䘀,尤
負,尤
萯,尤
蝜,尤
阜,尤
𨸏,尤
𪃓,尤
偩,尤
𦰺,尤
𨹺,尤
㷆,尤
𧌈,尤
缶,尤
缹,尤
糗,尤
楺,尤
煣,尤
輮,尤
𥠊,尤
韖,尤
粈,尤
舅,尤
齨,尤
麔,尤
䳎,尤
䊆,尤
𤷑,尤
䛮,尤
紂,尤
䈙,尤
葤,尤
酉,尤
丣,尤
誘,尤
𦍶,尤
䛻,尤
牖,尤
槱,尤
𥟁,尤
莠,尤
羑,尤
蜏,尤
㝌,尤
𣣸,尤
琇,尤
梄,尤
𨣆,尤
𦏇,尤
受,尤
壽,尤
綬,尤
滫,尤
糔,尤
醙,尤
懮,尤
酒,尤
帚,尤
箒,尤
鯞,尤
晭,尤
𧳜,尤
㤱,尤
𩂆,尤
𧌗,尤
𥣙,尤
𩋄,尤
𩌄,尤
厚,侯
垕,侯
後,侯
𨒥,侯
后,侯
郈,侯
㖃,侯
母,侯
牡,侯
某,侯
拇,侯
胟,侯
𠭇,侯
畮,侯
畞,侯
𤝕,侯
𤵝,侯
踇,侯
𧿹,侯
犃,侯
䴺,侯
篰,侯
蔀,侯
斗,侯
㪷,侯
蚪,侯
阧,侯
陡,侯
抖,侯
𪌜,侯
飳,侯
妵,侯
黈,侯
𩿢,侯
蘣,侯
斢,侯
鈄,侯
䱏,侯
玽,侯
狗,侯
垢,侯
笱,侯
𦊒,侯
耇,侯
詬,侯
茩,侯
敂,侯
藕,侯
蕅,侯
偶,侯
耦,侯
㼴,侯
㨐,侯
㝅,侯
㳶,侯
𡝦,侯
啂,侯
𡭾,侯
叜,侯
叟,侯
𠊯,侯
嗾,侯
𠻛,侯
𥈃,侯
擻,侯
藪,侯
𦖪,侯
廀,侯
吼,侯
吽,侯
㸸,侯
𤘽,侯
䳝,侯
毆,侯
𠙶,侯
塸,侯
塿,侯
甊,侯
𪍣,侯
㪹,侯
䅹,侯
走,侯
口,侯
扣,侯
𤘘,侯
釦,侯
叩,侯
𧥣,侯
𨙫,侯
䕆,侯
𨪐,侯
𠁁,侯
蚴,幽
糾,幽
赳,幽
寑,侵A
𡪢,侵A
寢,侵A
㾛,侵A
𡬓,侵A
𦯈,侵A
䤐,侵A
朕,侵B
𦩗,侵B
栚,侵B
坅,侵A
廩,侵A
㐭,侵A
懍,侵A
菻,侵A
𤎭,侵A
癛,侵A
伈,侵A
踸,侵B
鍖,侵B
䫖,侵B
𡩻,侵A
䭙,侵A
荏,侵A
飪,侵A
餁,侵A
䭃,侵A
稔,侵A
栠,侵A
袵,侵A
䏕,侵A
䇮,侵A
棯,侵A
𢆉,侵A
腍,侵A
䫬,侵A
邥,侵A
宷,侵A
審,侵A
㰂,侵A
諗,侵A
魫,侵A
𩶇,侵A
𧀯,侵A
葚,侵A
𣞵,侵A
甚,侵A
瀋,侵A
墋,侵B
磣,侵B
拰,侵B
噤,侵B
䫴,侵B
凚,侵B
錦,侵B
蕈,侵A
僸,侵B
趛,侵B
瘮,侵B
稟,侵B
㱃,侵B
飲,侵B
品,侵B
𩖄,侵B
𩒣,侵B
感,覃
𥸡,覃
鱤,覃
贑,覃
䤗,覃
䃭,覃
灨,覃
禫,覃
䨢,覃
黮,覃
窞,覃
髧,覃
萏,覃
𧂄,覃
𥥦,覃
醰,覃
嘾,覃
贉,覃
𣛱,覃
黭,覃
唵,覃
罯,覃
腩,覃
湳,覃
䈒,覃
𦐃,覃
揇,覃
萳,覃
𥁺,覃
䏙,覃
嗿,覃
㣅,覃
㔆,覃
慘,覃
噆,覃
䫩,覃
㜝,覃
昝,覃
糂,覃
糝,覃
糣,覃
𢕕,覃
㧲,覃
䊉,覃
坎,覃
歁,覃
惂,覃
輡,覃
轗,覃
埳,覃
竷,覃
頜,覃
𡣊,覃
撼,覃
菡,覃
欿,覃
蜭,覃
𢇞,覃
𢃗,覃
莟,覃
𡻡,覃
壈,覃
燣,覃
𨎹,覃
浨,覃
醂,覃
𠓭,覃
漤,覃
黕,覃
衴,覃
丼,覃
瓭,覃
䉞,覃
𥴶,覃
䫲,覃
敢,談
𠭖,談
𣪏,談
𢽤,談
橄,談
澉,談
覽,談
擥,談
攬,談
欖,談
罱,談
𦵹,談
菼,談
毯,談
𦃖,談
膽,談
紞,談
䃫,談
黵,談
𪆻,談
噉,談
啖,談
啗,談
𥲄,談
憺,談
㛧,談
𩛎,談
䭕,談
㟛,談
嚂,談
𡒓,談
䖔,談
琰,鹽A
剡,鹽A
𨁹,鹽A
棪,鹽A
燄,鹽A
扊,鹽A
夵,鹽A
䎦,鹽A
䌪,鹽A
斂,鹽A
撿,鹽A
瀲,鹽A
嬚,鹽A
䭑,鹽A
羷,鹽A
䌞,鹽A
㰈,鹽A
㯬,鹽A
險,鹽B
玁,鹽B
嶮,鹽B
貶,鹽B
𦥘,鹽B
颭,鹽A
𩑳,鹽B
嵰,鹽B
隒,鹽B
嬐,鹽B
䲓,鹽B
噞,鹽B
儉,鹽B
芡,鹽B
檢,鹽B
瞼,鹽B
黶,鹽A
𧞣,鹽A
檿,鹽A
厭,鹽A
魘,鹽A
厴,鹽A
擪,鹽A
苒,鹽A
染,鹽A
𩃵,鹽A
䎃,鹽A
䣸,鹽A
𥬕,鹽A
𡜉,鹽A
陝,鹽A
閃,鹽A
𧴭,鹽A
覢,鹽A
㴸,鹽A
𡟨,鹽A
諂,鹽B
讇,鹽B
奄,鹽B
𩃗,鹽B
㭺,鹽B
掩,鹽B
渰,鹽B
𣃰,鹽B
𤗎,鹽B
𡹮,鹽B
𥕌,鹽A
蔪,鹽A
𦾶,鹽A
䟅,鹽A
䤔,鹽A
𩟗,鹽A
脥,鹽A
忝,添
䄼,添
悿,添
𨸱,添
點,添
玷,添
𦒻,添
㓠,添
䍄,添
簟,添
扂,添
𠂼,添
驔,添
㶘,添
嗛,添
慊,添
膁,添
𤬓,添
鼸,添
厸,添
儼,嚴
𠆲,嚴
㢂,嚴
𢇘,嚴
曮,嚴
𩒥,嚴
䇜,嚴
𣃧,嚴
豏,咸
減,咸
𡞣,咸
𥻇,咸
㴴,咸
偡,咸
㦿,咸
𣓅,咸
槏,咸
鹻,咸
𥳒,咸
瀺,咸
斬,咸
𧀵,咸
𦊔,咸
𦌫,咸
𠐩,咸
旵,咸
檻,銜
艦,銜
壏,銜
𥽏,銜
𨏊,銜
轞,銜
𪒠,銜
豃,銜
范,凡
範,凡
軓,凡
笵,凡
犯,凡
𧍙,凡
錽,凡
𢨔,凡
𦜒,凡
凵,凡
㧄,凡
釩,凡
𠑆,凡
𨇧,凡
送,東
鳳,東
𠤈,東
貢,東
𣹟,東
羾,東
䇨,東
㯯,東
弄,東
𢙱,東
梇,東
哢,東
㢅,東
㳥,東
棟,東
㼯,東
𩭩,東
鞚,東
𤗇,東
糉,東
粽,東
瓮,東
甕,東
𦉥,東
𪖵,東
𧩪,東
愡,東
㓊,東
胴,東
慟,東
駧,東
迵,東
戙,東
𩐵,東
痛,東
仲,東
𩿀,東
諷,東
䛪,東
䠻,東
㝱,東
鄸,東
䠢,東
𧽒,東
賵,東
𣀒,東
𠏭,東
哄,東
蕻,東
齈,東
癑,東
銃,東
宋,冬
綜,冬
䝋,冬
錝,冬
統,冬
用,鍾
誦,鍾
㡝,鍾
㙲,鍾
堹,鍾
諥,鍾
瘲,鍾
𩉪,鍾
𩼅,鍾
偅,鍾
𨉢,鍾
贚,鍾
絳,江
𡲣,江
巷,江
衖,江
𢤤,江
𥈄,江
漴,江
肨,江
㦼,江
寘,支A
忮,支A
伿,支A
䚳,支A
𢻈,支A
𡽆,支A
避,支A
惴,支A
𦥻,支A
𦦇,支A
詈,支A
豉,支A
𢻃,支A
䩃,支A
𧂐,支A
𦎸,支A
賜,支A
𧀩,支A
澌,支A
𣩠,支A
儩,支A
杫,支A
䞈,支B
𢈌,支B
貱,支B
髲,支B
鞁,支B
㢰,支B
𤿙,支B
寄,支B
䐀,支B
臂,支A
芰,支B
䝸,支B
刾,支A
㢀,支A
朿,支A
㡹,支A
𧧒,支A
莿,支A
庛,支A
㑥,支A
㒾,支A
議,支B
誼,支B
竩,支B
𥫃,支B
𩈭,支B
義,支B
譬,支A
㵨,支A
漬,支A
㱴,支A
髊,支A
智,支B
𣉻,支B
縋,支B
膇,支B
硾,支B
𥞃,支A
嚱,支B
𢺵,支A
𨑤,支A
吱,支A
㱲,支A
螠,支A
翅,支A
𦐊,支A
啻,支A
卶,支A
翨,支A
僞,支B
毁,支B
恚,支A
㜇,支A
睡,支A
瑞,支A
䄲,支A
䅗,支A
瀡,支A
娷,支B
諈,支B
瓗,支A
䜜,支A
贀,支A
諉,支B
㨅,支B
㢻,支B
𧙁,支B
至,脂A
摯,脂A
贄,脂A
鷙,脂A
䲀,脂A
𩊝,脂A
𩊞,脂A
位,脂B
媚,脂B
魅,脂B
鬽,脂B
篃,脂B
蝞,脂B
嚜,脂B
䉋,脂B
煝,脂B
遂,脂A
隧,脂A
襚,脂A
旞,脂A
璲,脂A
檖,脂A
𣔾,脂A
𤓫,脂A
𤎩,脂A
燧,脂A
澻,脂A
䡵,脂A
鐆,脂A
鐩,脂A
穟,脂A
𦼯,脂A
蔧,脂A
𦂁,脂A
㒸,脂A
𥝩,脂A
穗,脂A
䉌,脂A
𩏚,脂A
醉,脂A
邃,脂A
祟,脂A
粹,脂A
睟,脂A
賥,脂A
譢,脂A
𢢝,脂A
類,脂A
淚,脂A
𦝭,脂A
禷,脂A
祕,脂B
毖,脂B
閟,脂B
轡,脂B
鄪,脂B
䪐,脂B
粊,脂B
䉾,脂B
𡛗,脂B
匱,脂B
饋,脂B
餽,脂B
𦆠,脂B
櫃,脂B
樻,脂B
𩌃,脂B
嚊,脂B
㿙,脂B
𦤢,脂B
淠,脂B
備,脂B
俻,脂B
𤰇,脂B
𤰈,脂B
𡚤,脂B
奰,脂B
糒,脂B
犕,脂B
贔,脂B
𣖾,脂B
㣁,脂B
㸢,脂B
媿,脂B
愧,脂B
聭,脂B
䁛,脂B
䯣,脂B
䰎,脂B
腃,脂B
䙡,脂B
尯,脂B
𨌗,脂B
嗜,脂A
𩜼,脂A
利,脂A
𥝤,脂A
莅,脂A
痢,脂A
䚕,脂A
膩,脂B
𦡸,脂B
屁,脂A
劓,脂B
致,脂B
𢷐,脂B
𨆫,脂B
躓,脂B
𨎌,脂B
輊,脂B
騺,脂B
䞃,脂B
駤,脂B
棄,脂A
弃,脂A
夡,脂A
㞓,脂A
緻,脂B
稚,脂B
稺,脂B
𦃘,脂B
𩹈,脂B
𠊷,脂B
𢴧,脂B
𩋩,脂B
𦥐,脂B
寐,脂A
杘,脂B
𣐉,脂B
冀,脂B
兾,脂B
覬,脂B
穊,脂B
驥,脂B
𩥉,脂B
洎,脂B
懻,脂B
臮,脂B
暨,脂B
垍,脂B
𣽍,脂B
悸,脂A
猤,脂A
痵,脂A
𡬄,脂A
翠,脂A
二,脂A
弍,脂A
貳,脂A
樲,脂A
恣,脂A
𣣌,脂A
次,脂A
䳐,脂A
佽,脂A
絘,脂A
𩾔,脂A
𧊒,脂A
䯸,脂A
懿,脂B
饐,脂B
欭,脂B
鷧,脂B
撎,脂B
四,脂A
亖,脂A
肆,脂A
𩬶,脂A
柶,脂A
泗,脂A
牭,脂A
㣈,脂A
駟,脂A
𦞤,脂A
蕼,脂A
肂,脂A
器,脂B
季,脂A
鼻,脂A
𤹝,脂A
襣,脂A
䫁,脂A
痹,脂A
畀,脂A
庇,脂A
萃,脂A
顇,脂A
悴,脂A
㱖,脂A
䆊,脂A
瘁,脂A
地,脂A
墬,脂A
㕧,脂B
屓,脂B
呬,脂B
𤡬,脂B
䨳,脂B
肄,脂A
殔,脂A
㡼,脂A
隶,脂A
𥿫,脂A
諡,脂A
自,脂A
墜,脂B
懟,脂B
𤀷,脂A
𢣘,脂A
䗽,脂A
痓,脂A
䛈,脂A
㽷,脂A
𥤼,脂A
志,之
娡,之
䓌,之
誌,之
痣,之
值,之
𠍜,之
寺,之
嗣,之
孠,之
飤,之
飼,之
蚝,之
螆,之
𧉠,之
笥,之
試,之
弑,之
幟,之
僿,之
胾,之
事,之
剚,之
倳,之
吏,之
字,之
牸,之
茡,之
芓,之
䰡,之
餌,之
𩱓,之
珥,之
衈,之
毦,之
刵,之
䎶,之
㛅,之
䏪,之
𦖢,之
𩢲,之
𣳪,之
𧳅,之
𨽄,之
廁,之
異,之
䔬,之
置,之
侍,之
𩛌,之
忌,之
𨙬,之
惎,之
䋟,之
鵋,之
誋,之
梞,之
帺,之
𥭜,之
熾,之
饎,之
𩜮,之
糦,之
𢨒,之
意,之
鷾,之
𠃸,之
䵝,之
記,之
䰯,之
㽈,之
唭,之
未,微
味,微
菋,微
𩑵,微
䊊,微
鮇,微
𡶎,微
貴,微
胃,微
謂,微
㥜,微
媦,微
𦩝,微
緯,微
彚,微
蝟,微
渭,微
煟,微
𩹂,微
𨾂,微
緭,微
𢍚,微
𦳢,微
魏,微
沸,微
疿,微
鯡,微
㹃,微
𩰾,微
𧙂,微
䛍,微
靅,微
𣙿,微
昲,微
𥽂,微
,微
𧝷,微
㷉,微
慰,微
畏,微
罻,微
犚,微
螱,微
𧕈,微
褽,微
䲁,微
諱,微
芔,微
泋,微
𥝋,微
𤲳,微
狒,微
㵒,微
屝,微
𧕿,微
䨾,微
翡,微
𡌦,微
萉,微
𩇪,微
䠊,微
㔗,微
𧌘,微
黂,微
旣,微
𣢆,微
蔇,微
毅,微
𢖫,微
𧅙,微
藙,微
䉨,微
氣,微
炁,微
气,微
盵,微
餼,微
䊠,微
鎎,微
熂,微
黖,微
𧱲,微
䮎,微
犔,微
忥,微
䤒,微
御,魚
馭,魚
慮,魚
勴,魚
𥶌,魚
𠣊,魚
鑢,魚
𩥆,魚
𡾅,魚
𦊼,魚
據,魚
鋸,魚
倨,魚
踞,魚
澽,魚
𧣻,魚
䱟,魚
覰,魚
䁦,魚
刞,魚
鼁,魚
𩿟,魚
署,魚
薯,魚
曙,魚
恕,魚
庶,魚
㵂,魚
箸,魚
䬡,魚
翥,魚
𤳯,魚
䭖,魚
䘄,魚
𢉙,魚
𤳐,魚
𡻠,魚
㫂,魚
㫹,魚
飫,魚
𩜏,魚
瘀,魚
菸,魚
棜,魚
筯,魚
遽,魚
勮,魚
助,魚
詛,魚
豫,魚
預,魚
礜,魚
悆,魚
𣝑,魚
蕷,魚
穥,魚
忬,魚
澦,魚
𡒊,魚
儊,魚
䖏,魚
𡲁,魚
遇,虞
寓,虞
庽,虞
媀,虞
𤸒,虞
嫗,虞
饇,虞
𦒸,虞
澍,虞
尌,虞
𠊪,虞
住,虞
附,虞
袝,虞
賻,虞
駙,虞
鮒,虞
䠵,虞
蚹,虞
𠪻,虞
胕,虞
注,虞
疰,虞
㹥,虞
鑄,虞
馵,虞
註,虞
霔,虞
㺛,虞
䎷,虞
祩,虞
𠴦,虞
䪒,虞
蛀,虞
屨,虞
䈮,虞
邭,虞
昫,虞
酗,虞
𧏺,虞
戍,虞
腧,虞
𧼯,虞
䠼,虞
㲓,虞
裕,虞
䘱,虞
諭,虞
喻,虞
籲,虞
𣈯,虞
孺,虞
𡦗,虞
㹘,虞
赴,虞
䞯,虞
訃,虞
䟔,虞
婏,虞
務,虞
婺,虞
霧,虞
騖,虞
𦎦,虞
䨁,虞
𨂣,虞
𦆞,虞
嵍,虞
懼,虞
具,虞
埧,虞
䨒,虞
埾,虞
付,虞
賦,虞
傅,虞
陚,虞
鉒,虞
駐,虞
軴,虞
𨙔,虞
壴,虞
𤛐,虞
䜴,虞
䦌,虞
𢨸,虞
屢,虞
𡀿,虞
暮,模
慕,模
募,模
墓,模
慔,模
𥰻,模
渡,模
𥯖,模
路,模
露,模
潞,模
輅,模
鷺,模
璐,模
賂,模
簬,模
簵,模
虂,模
𤻱,模
𦌕,模
妒,模
妬,模
秺,模
𤴱,模
蠹,模
螙,模
殬,模
兔,模
鵵,模
顧,模
頋,模
稒,模
故,模
痼,模
固,模
錮,模
㽽,模
鯝,模
䍛,模
棝,模
凅,模
誤,模
悮,模
寤,模
忤,模
啎,模
迕,模
遻,模
晤,模
悟,模
逜,模
窹,模
捂,模
䎸,模
護,模
嫭,模
頀,模
互,模
䇘,模
冱,模
枑,模
䨼,模
韄,模
𧥮,模
𦊂,模
𦬚,模
訴,模
𧪜,模
泝,模
遡,模
素,模
傃,模
嗉,模
膆,模
𤤐,模
塑,模
塐,模
䛾,模
𤢘,模
㨞,模
祚,模
胙,模
阼,模
𧃘,模
𧇣,模
布,模
佈,模
𠜙,模
𧉩,模
噁,模
䜑,模
悑,模
𤸵,模
措,模
醋,模
絝,模
袴,模
庫,模
䔯,模
捕,模
哺,模
步,模
𩣝,模
𨛒,模
𩢕,模
霽,齊
䰏,齊
䶓,齊
帝,齊
諦,齊
嚏,齊
蔕,齊
螮,齊
𦨢,齊
䠠,齊
骶,齊
僀,齊
𢰂,齊
䟡,齊
𤬵,齊
偙,齊
䩚,齊
渧,齊
嚌,齊
𨣧,齊
𪊆,齊
替,齊
𤾕,齊
暜,齊
㬱,齊
鬀,齊
剃,齊
戻,齊
𣧂,齊
楴,齊
䎮,齊
𡲕,齊
达,齊
𢝹,齊
𧛒,齊
殢,齊
𣤖,齊
𥫵,齊
第,齊
遰,齊
髢,齊
禘,齊
棣,齊
杕,齊
𧫚,齊
砌,齊
摖,齊
䏅,齊
䀙,齊
𦕀,齊
細,齊
𥿳,齊
壻,齊
詣,齊
𢏗,齊
羿,齊
𦐧,齊
睨,齊
𧡎,齊
計,齊
係,齊
繼,齊
繫,齊
薊,齊
髻,齊
𨜒,齊
檵,齊
蘻,齊
㲅,齊
𦝜,齊
系,齊
𦃟,齊
禊,齊
慀,齊
稧,齊
𦩣,齊
𢢞,齊
曀,齊
枍,齊
㥷,齊
殪,齊
瞖,齊
医,齊
𢟇,齊
蘙,齊
𧬇,齊
殹,齊
謎,齊
閇,齊
嬖,齊
箅,齊
慧,齊
憓,齊
潓,齊
惠,齊
蟪,齊
蕙,齊
橞,齊
㩨,齊
儶,齊
譓,齊
鏸,齊
桂,齊
昋,齊
炔,齊
筀,齊
𤰮,齊
𣧎,齊
䳏,齊
嘒,齊
嚖,齊
暳,齊
媲,齊
䠘,齊
睥,齊
𣹮,齊
𠞇,齊
𥴬,齊
𨢡,齊
𣘥,齊
㑦,齊
隸,齊
隷,齊
儷,齊
𥃏,齊
𠠫,齊
蜧,齊
䓞,齊
沴,齊
𤃀,齊
悷,齊
栛,齊
丽,齊
𣛒,齊
𧢮,齊
𩘡,齊
𣟌,齊
𥱻,齊
𢤇,齊
迡,齊
㰥,齊
㚛,齊
際,祭A
穄,祭A
鰶,祭A
𩯷,祭A
歲,祭A
櫘,祭A
𦄑,祭A
衞,祭B
𥶽,祭B
𧲝,祭B
𧲔,祭B
讏,祭B
芮,祭A
汭,祭A
枘,祭A
鈉,祭A
贅,祭A
韢,祭A
脃,祭A
脆,祭A
帨,祭A
𧑎,祭A
㓹,祭A
銴,祭A
叡,祭A
睿,祭A
䄌,祭B
稅,祭A
涗,祭A
獘,祭A
斃,祭A
幣,祭A
㡀,祭A
敝,祭A
篲,祭A
鏏,祭A
𪔊,祭A
𢅫,祭A
蔽,祭A
彆,祭A
劌,祭B
𨇙,祭B
袂,祭A
痸,祭A
𤸪,祭A
𢜳,祭A
𤢻,祭A
制,祭A
𠛐,祭A
𦜗,祭A
淛,祭A
製,祭A
䎺,祭A
䇽,祭A
𢝃,祭A
㝂,祭A
䱥,祭A
狾,祭A
𥍭,祭A
䭁,祭A
𤴟,祭A
迣,祭A
逝,祭A
觢,祭A
噬,祭A
誓,祭A
𣂯,祭A
筮,祭A
簭,祭A
澨,祭A
遾,祭A
𧻸,祭A
𦚨,祭A
曵,祭A
裔,祭A
𤤺,祭A
洩,祭A
𤵺,祭A
䎈,祭A
枻,祭A
詍,祭A
靾,祭A
𠂆,祭A
袣,祭A
䄿,祭A
𪀕,祭A
㵝,祭A
㛳,祭A
䇩,祭A
㹭,祭A
㵩,祭A
𢂼,祭A
呭,祭A
䕍,祭A
䋵,祭B
瘞,祭B
𦝲,祭B
藝,祭A
埶,祭A
蓺,祭A
䆿,祭A
囈,祭A
槸,祭A
滯,祭B
彘,祭B
𦭮,祭B
𩻼,祭B
例,祭A
厲,祭A
礪,祭A
勵,祭A
禲,祭A
癘,祭A
㾐,祭A
濿,祭A
砅,祭A
蠣,祭A
蠇,祭A
櫔,祭A
𩧃,祭A
䮋,祭A
𥣭,祭A
𧸱,祭A
巁,祭A
𢂥,祭A
𢤆,祭A
憩,祭B
𡳅,祭B
丗,祭A
勢,祭A
猘,祭B
𦇧,祭B
罽,祭B
𣯅,祭B
瀱,祭B
彐,祭B
蘮,祭B
𧼪,祭B
傺,祭B
䟷,祭B
𨂰,祭B
𨮱,祭B
㓷,祭B
𥏙,廢
䂕,廢
泰,泰
太,泰
汰,泰
丐,泰
𧰿,泰
鴱,泰
藹,泰
壒,泰
馤,泰
𣋞,泰
𣩱,泰
𢣏,泰
𪕭,泰
柰,泰
㲡,泰
𩹟,泰
渿,泰
䲦,泰
𪐝,泰
㐲,泰
害,泰
𢞐,泰
帶,泰
𢄔,泰
艜,泰
貝,泰
沛,泰
𨙶,泰
鋇,泰
䟺,泰
狽,泰
㸬,泰
伂,泰
䰽,泰
𣬪,泰
𥄔,泰
𢂏,泰
霈,泰
會,泰
䢈,泰
禬,泰
繪,泰
兊,泰
𩊭,泰
綐,泰
㟋,泰
儈,泰
膾,泰
鱠,泰
襘,泰
旝,泰
巜,泰
澮,泰
鄶,泰
廥,泰
䯤,泰
𢶒,泰
最,泰
𧎹,泰
𧬨,泰
翽,泰
鐬,泰
頪,泰
外,泰
薈,泰
瞺,泰
蕞,泰
𥳣,泰
𥕸,泰
𣩡,泰
𥊴,泰
𨅎,泰
𥨒,泰
旆,泰
𥎆,泰
𩫀,泰
㪡,泰
蔡,泰
𣞖,泰
𪇭,泰
賴,泰
籟,泰
瀨,泰
䄤,泰
藾,泰
𨇆,泰
㸊,泰
鵣,泰
𡂖,泰
餀,泰
㺔,泰
𤵽,泰
𩹄,泰
駾,泰
枺,泰
𦦣,泰
卦,佳
挂,佳
掛,佳
詿,佳
懈,佳
繲,佳
廨,佳
㾏,佳
隘,佳
𨽴,佳
䅬,佳
賹,佳
邂,佳
賣,佳
澅,佳
衩,佳
㳗,佳
訍,佳
𧪘,佳
睚,佳
粺,佳
稗,佳
眦,佳
派,佳
𠂢,佳
𥿯,佳
𣏕,佳
㵺,佳
㭛,佳
𨛖,佳
䵘,佳
𨢦,佳
㠔,佳
怪,皆
恠,皆
𥑋,皆
𦳋,皆
𣀤,皆
壞,皆
𡌪,皆
㧔,皆
呃,皆
瘵,皆
𨝋,皆
誡,皆
戒,皆
界,皆
介,皆
屆,皆
疥,皆
玠,皆
㝏,皆
㠹,皆
魪,皆
尬,皆
价,皆
䯰,皆
䲸,皆
芥,皆
衸,皆
丯,皆
𠨴,皆
𩡺,皆
譮,皆
㖑,皆
㞒,皆
𢗊,皆
械,皆
䪥,皆
薤,皆
齘,皆
㒠,皆
韰,皆
𤡧,皆
㳦,皆
𦗐,皆
𢟰,皆
𧏹,皆
蒯,皆
㕟,皆
𢷎,皆
拜,皆
湃,皆
𡎯,皆
蘾,皆
聵,皆
𦖥,皆
𩔀,皆
憊,皆
𤸶,皆
𣡖,皆
𦩋,皆
㶔,皆
𧱘,皆
𧱳,皆
躛,皆
𣟉,皆
𣸎,皆
𧜁,皆
閷,皆
烗,皆
𤈪,皆
夬,夬
快,夬
噲,夬
璯,夬
邁,夬
勱,夬
佅,夬
話,夬
敗,夬
贁,夬
䢙,夬
唄,夬
嘬,夬
䴝,夬
𣤌,夬
𠽶,夬
犗,夬
𧜅,夬
蠆,夬
𦤧,夬
𦤬,夬
砦,夬
隊,灰
䨴,灰
薱,灰
憝,灰
憞,灰
譈,灰
鐓,灰
䃍,灰
䯟,灰
𩐌,灰
濧,灰
佩,灰
珮,灰
鄁,灰
邶,灰
偝,灰
背,灰
㻗,灰
苝,灰
妹,灰
眛,灰
痗,灰
配,灰
誨,灰
晦,灰
𠧩,灰
靧,灰
頮,灰
𩔁,灰
詯,灰
𣴵,灰
對,灰
𡭊,灰
碓,灰
𣝉,灰
𠏮,灰
淬,灰
焠,灰
䃀,灰
晬,灰
祽,灰
𪓌,灰
綷,灰
𩲄,灰
退,灰
𢓴,灰
𨓤,灰
𡯵,灰
憒,灰
簂,灰
䈐,灰
𪏤,灰
蔮,灰
潰,灰
繢,灰
殨,灰
闠,灰
䛛,灰
塊,灰
凷,灰
碎,灰
𤭢,灰
繀,灰
内,灰
纇,灰
攂,灰
䒹,灰
𥣬,灰
𡔇,灰
銇,灰
錑,灰
輩,灰
代,咍
岱,咍
黛,咍
黱,咍
埭,咍
𡍖,咍
帒,咍
袋,咍
甙,咍
𨠾,咍
靆,咍
再,咍
𨚵,咍
𩛥,咍
䵧,咍
賽,咍
簺,咍
𢞝,咍
貸,咍
態,咍
曃,咍
槩,咍
𠌰,咍
㧉,咍
慨,咍
嘅,咍
礙,咍
硋,咍
閡,咍
愛,咍
㤅,咍
𥴨,咍
薆,咍
璦,咍
㤥,咍
耐,咍
螚,咍
戴,咍
賚,咍
睞,咍
勑,咍
䚅,咍
菜,咍
埰,咍
棌,咍
䐆,咍
酨,咍
廢,廢
癈,廢
𤼺,廢
𥳊,廢
䉬,廢
砩,廢
肺,廢
杮,廢
穢,廢
薉,廢
獩,廢
饖,廢
䮹,廢
吠,廢
𩵥,廢
鼣,廢
喙,廢
𤸁,廢
𣨶,廢
餯,廢
顪,廢
刈,廢
乂,廢
㲼,廢
㣻,廢
𩾘,廢
䖊,廢
䢃,廢
震,眞A
挋,眞A
𩒉,眞A
䟴,眞A
䳲,眞A
信,眞A
訊,眞A
訙,眞A
囟,眞A
顖,眞A
𤜢,眞A
刃,眞A
肕,眞A
韌,眞A
仞,眞A
軔,眞A
牣,眞A
杒,眞A
訒,眞A
𢂻,眞A
䀼,眞A
𦙍,眞A
酳,眞A
𣌾,眞A
洕,眞A
𨋙,眞A
遴,眞A
吝,眞A
悋,眞A
閵,眞A
𥳞,眞A
粦,眞A
藺,眞A
轥,眞A
䗲,眞A
𠄈,眞A
䉮,眞A
𦺸,眞A
甐,眞A
𧶆,眞A
𧖔,眞A
𤌎,眞A
㔂,眞A
躙,眞A
擯,眞A
殯,眞A
鬢,眞A
𧸈,眞A
陣,眞B
𨳌,眞B
愼,眞A
昚,眞A
抻,眞A
賮,眞A
燼,眞A
㶳,眞A
藎,眞A
壗,眞A
憗,眞B
猌,眞B
晉,眞A
㬜,眞A
搢,眞A
縉,眞A
䗯,眞A
進,眞A
枃,眞A
瑨,眞A
𦎷,眞A
衅,眞B
釁,眞B
舋,眞B
僅,眞B
覲,眞B
殣,眞B
瑾,眞B
饉,眞B
㝻,眞B
廑,眞B
𠞱,眞B
歏,眞B
櫬,臻
嚫,臻
䞋,臻
襯,臻
印,眞A
鮣,眞A
𩂥,眞A
疢,眞B
𨷚,眞A
呁,諄
稕,諄
𦽑,諄
盹,諄
𡺲,諄
峻,諄
濬,諄
浚,諄
陖,諄
埈,諄
鵕,諄
𢏤,諄
𧸩,諄
晙,諄
殉,諄
徇,諄
侚,諄
𢓈,諄
儁,諄
俊,諄
餕,諄
畯,諄
駿,諄
𪕞,諄
寯,諄
𤮪,諄
舜,諄
䑞,諄
蕣,諄
瞬,諄
瞚,諄
鬊,諄
閠,諄
潤,諄
䏰,諄
順,諄
問,文
璺,文
紊,文
莬,文
運,文
暈,文
䩵,文
鄆,文
䲰,文
韻,眞B
䚋,文
訓,文
爋,文
瀵,文
糞,文
𥽒,文
𡊅,文
僨,文
奮,文
㱵,文
愠,文
攈,眞B
捃,眞B
䝍,文
郡,文
秎,文
焮,欣
𦜓,欣
靳,欣
㧆,欣
劤,欣
懚,欣
檼,欣
𤔌,欣
㡥,欣
願,元
𩕾,元
傆,元
愿,元
販,元
畈,元
劵,元
勸,元
萬,元
蟃,元
𨞼,元
䝡,元
𦂔,元
贎,元
䡬,元
𩚳,元
𥹇,元
㶗,元
𧉤,元
嬔,元
㽹,元
𨠒,元
𡗹,元
𣀔,元
㤆,元
𠠵,元
㪻,元
汳,元
建,元
旔,元
傿,元
㰽,元
𡙷,元
憲,元
𧾨,元
瀗,元
楥,元
楦,元
𩋢,元
健,元
𤬝,元
鬳,元
卛,元
慁,魂
溷,魂
圂,魂
頓,魂
扽,魂
巽,魂
𩕧,魂
潠,魂
𠹀,魂
遜,魂
愻,魂
困,魂
𣏔,魂
涃,魂
嫩,魂
媆,魂
抐,魂
悶,魂
鐏,魂
𦪚,魂
璭,魂
㴫,魂
𧬪,魂
謴,魂
鈍,魂
𩔂,魂
寸,魂
坌,魂
𣴞,魂
諢,魂
溣,魂
𩯄,魂
恨,痕
艮,痕
茛,痕
䭓,痕
扞,寒
螒,寒
垾,寒
釬,寒
悍,寒
瀚,寒
閈,寒
𤿧,寒
駻,寒
雗,寒
䏷,寒
㢨,寒
㲦,寒
𩹼,寒
炭,寒
歎,寒
湠,寒
𣁗,寒
㛶,寒
按,寒
案,寒
洝,寒
荌,寒
䅁,寒
旦,寒
鴠,寒
𢘇,寒
㡺,寒
憚,寒
旰,寒
榦,寒
倝,寒
幹,寒
杆,寒
𧹳,寒
盰,寒
𣵼,寒
𢁗,寒
岸,寒
䮗,寒
㷳,寒
𡹼,寒
𨲊,寒
偘,寒
漢,寒
𤳉,寒
𤅩,寒
䎯,寒
爛,寒
爤,寒
𢒞,寒
糷,寒
鑭,寒
𦍀,寒
粲,寒
㛑,寒
燦,寒
璨,寒
薒,寒
𪆶,寒
𢿱,寒
賛,寒
讃,寒
饡,寒
灒,寒
𡳋,寒
㜺,寒
𣧻,寒
囋,寒
換,桓
逭,桓
𩁧,桓
肒,桓
䯘,桓
漶,桓
䀓,桓
𤴯,桓
惋,桓
腕,桓
𦞿,桓
捥,桓
祼,桓
館,桓
瓘,桓
鑵,桓
𤼐,桓
灌,桓
雚,桓
鸛,桓
樌,桓
鏆,桓
爟,桓
遦,桓
悺,桓
竄,桓
鑹,桓
爨,桓
殩,桓
玩,桓
貦,桓
翫,桓
妧,桓
段,桓
毈,桓
椴,桓
亂,桓
𢿢,桓
𤔔,桓
鍛,桓
腶,桓
碫,桓
瑖,桓
彖,桓
褖,桓
湪,桓
喚,桓
嚾,桓
煥,桓
奐,桓
𥈉,桓
筭,桓
蒜,桓
笇,桓
祘,桓
幔,桓
漫,桓
𢿜,桓
䝢,桓
半,桓
絆,桓
靽,桓
姅,桓
𩢔,桓
㪵,桓
𠯘,桓
判,桓
泮,桓
頖,桓
沜,桓
眫,桓
冸,桓
牉,桓
叛,桓
𡞟,桓
畔,桓
𪋐,桓
諫,刪
澗,刪
鐧,刪
鴈,刪
鳫,刪
雁,刪
贋,刪
偐,刪
騴,刪
䁙,刪
鴳,刪
鷃,刪
䴮,刪
娨,刪
慢,刪
嫚,刪
贃,刪
𩈬,刪
患,刪
𢠶,刪
宦,刪
豢,刪
槵,刪
繯,刪
慣,刪
丱,刪
摜,刪
串,刪
涮,刪
篡,刪
薍,刪
𧮺,刪
襻,刪
䴼,刪
㬄,刪
襇,山
間,山
𨣇,山
𧙧,山
莧,山
粯,山
瓣,山
辦,山
釆,山
𥌊,山
幻,山
綻,山
䋎,山
霰,先
䨘,先
㪇,先
𢊰,先
軐,先
𥰳,先
蒨,先
茜,先
輤,先
䛹,先
棈,先
𢂺,先
𧚫,先
䑶,先
篟,先
絢,先
夐,先
㧦,先
讂,先
袨,先
炫,先
衒,先
𧗳,先
䝮,先
𩑹,先
瓹,先
䣺,先
𦌾,先
懁,先
䡓,先
獧,先
㢾,先
電,先
殿,先
澱,先
淀,先
甸,先
𪑩,先
壂,先
睼,先
練,先
浰,先
鍊,先
楝,先
㼑,先
鰊,先
萰,先
堜,先
湅,先
𣿊,先
㪝,先
𣞰,先
𤗛,先
見,先
鋻,先
㬗,先
㯠,先
現,先
硯,先
研,先
𨁍,先
鷰,先
醼,先
讌,先
嚥,先
㬫,先
溎,先
酀,先
𥉛,先
薦,先
𧲛,先
麫,先
麵,先
㴐,先
𡧍,先
𩈹,先
𥻩,先
片,先
䏒,先
㸤,先
荐,先
洊,先
𨷓,先
䬼,先
裫,先
噮,先
肙,先
𠿍,先
𩎌,先
線,仙A
綫,仙A
戰,仙A
顫,仙A
繕,仙A
擅,仙A
膳,仙A
饍,仙A
䄠,仙A
𤮜,仙A
𦉕,仙A
彥,仙B
唁,仙B
諺,仙B
這,仙B
譴,仙A
䪈,仙A
絹,仙A
鄄,仙A
㯞,仙A
䚈,仙A
瑗,仙B
褑,仙B
面,仙A
釧,仙A
掾,仙A
縁,仙A
𢐄,仙A
䬇,仙A
𩥇,仙B
𧝑,仙B
箭,仙A
𥳭,仙A
葥,仙A
榗,仙A
傓,仙A
𧎥,仙A
𦶋,仙A
𥰢,仙A
眷,仙B
睠,仙B
桊,仙B
帣,仙B
飬,仙B
䖭,仙B
𥸭,仙B
倦,仙B
𣜨,仙B
襈,仙B
淃,仙B
戀,仙A
變,仙B
𥆊,仙A
卞,仙B
抃,仙B
弁,仙B
𡭪,仙B
汴,仙B
昪,仙B
匥,仙B
䒪,仙B
㺹,仙B
忭,仙B
縼,仙A
𢳄,仙A
䍻,仙A
𤂿,仙A
繏,仙A
渲,仙A
籑,仙B
𤩄,仙B
𠨎,仙B
賤,仙A
羡,仙A
騗,仙A
𢮛,仙A
叀,仙A
碾,仙B
囀,仙B
𤹨,仙A
𥛁,仙B
徧,先
遍,先
嘯,蕭
歗,蕭
熽,蕭
糶,蕭
粜,蕭
眺,蕭
覜,蕭
鋽,蕭
絩,蕭
伄,蕭
瘹,蕭
釣,蕭
窵,蕭
叫,蕭
訆,蕭
譥,蕭
噭,蕭
嘂,蕭
𨎬,蕭
尿,蕭
㞙,蕭
藋,蕭
莜,蕭
𥁮,蕭
竅,蕭
𢵿,蕭
𩕐,蕭
𦌒,蕭
炓,蕭
獟,蕭
𠹑,蕭
窔,蕭
𥦒,蕭
𢿿,蕭
𥬇,宵A
㗛,宵A
肖,宵A
韒,宵A
照,宵A
炤,宵A
詔,宵A
𨹸,宵A
燿,宵A
摇,宵A
覞,宵A
𧡷,宵A
耀,宵A
曜,宵A
矅,宵A
㞁,宵A
𣤦,宵A
筄,宵A
趭,宵A
艞,宵A
讑,宵A
邵,宵A
劭,宵A
𠣫,宵A
䬰,宵A
卲,宵A
嶠,宵B
㬓,宵A
䏇,宵A
勡,宵A
誚,宵A
妙,宵A
玅,宵A
陗,宵A
峭,宵A
㴥,宵A
俏,宵A
帩,宵A
𪑊,宵A
𤊽,宵A
療,宵A
𠿕,宵B
㢗,宵B
㚁,宵B
𧇠,宵B
𥛲,宵A
釂,宵A
潐,宵A
𥡤,宵A
䂃,宵A
廟,宵B
庿,宵B
驃,宵A
裱,宵B
俵,宵B
效,肴
効,肴
校,肴
斅,肴
俲,肴
𣱓,肴
敎,肴
𢼂,肴
窖,肴
酵,肴
𡥈,肴
珓,肴
孝,肴
𡦳,肴
罩,肴
䈇,肴
䍜,肴
豹,肴
𧭤,肴
𢖔,肴
䫉,肴
貌,肴
䡚,肴
𢂹,肴
𢅉,肴
奅,肴
抛,肴
皰,肴
礮,肴
稍,肴
潲,肴
𣕇,肴
𨛍,肴
𦓴,肴
棹,肴
櫂,肴
㷹,肴
淖,肴
𠆴,肴
閙,肴
癄,肴
靤,肴
耖,肴
仯,肴
觘,肴
𦨖,肴
靿,肴
袎,肴
㑃,肴
𩳔,肴
号,豪
𤩭,豪
㙱,豪
𧬁,豪
𡠖,豪
導,豪
悼,豪
蹈,豪
盜,豪
䆃,豪
𠺛,豪
䊭,豪
到,豪
𤓾,豪
誥,豪
𣝏,豪
傲,豪
鏊,豪
奡,豪
帽,豪
耄,豪
𦹾,豪
𤣽,豪
𩿂,豪
𢯾,豪
覒,豪
㲝,豪
䋃,豪
僗,豪
癆,豪
𣟽,豪
慥,豪
糙,豪
鄵,豪
虣,豪
菢,豪
𤔣,豪
報,豪
𢲵,豪
奥,豪
𩟇,豪
䜒,豪
𩼈,豪
喿,豪
譟,豪
噪,豪
瘙,豪
㿋,豪
髞,豪
𢤁,豪
𩝝,豪
犒,豪
靠,豪
竈,豪
躁,豪
趮,豪
箇,歌
个,歌
個,歌
賀,歌
𧝂,歌
袔,歌
㵑,歌
佐,歌
𠡃,歌
袏,歌
邏,歌
𧟌,歌
㿚,歌
餓,歌
拖,歌
㳀,戈
𩟂,戈
俰,戈
挫,戈
㪙,戈
𡱼,戈
㾧,戈
唾,戈
毤,戈
𧝍,戈
播,戈
𢿥,戈
譒,戈
剉,戈
莝,戈
䃺,戈
破,戈
座,戈
臥,戈
𢯽,戈
貨,戈
䙃,戈
𧱫,戈
䇔,戈
𢺑,戈
䌴,戈
𠏢,戈
㛆,戈
刴,戈
挅,戈
䐝,戈
侉,歌
涴,戈
禡,麻
榪,麻
鬕,麻
𧪨,麻
傌,麻
駕,麻
稼,麻
嫁,麻
架,麻
𢱈,麻
價,麻
𢉤,麻
𦙺,麻
亞,麻
俹,麻
𣇩,麻
㰳,麻
稏,麻
𦜖,麻
婭,麻
䢝,麻
覀,麻
罅,麻
𧫒,麻
㙤,麻
迓,麻
訝,麻
犽,麻
砑,麻
詫,麻
𧬮,麻
吒,麻
灹,麻
䒲,麻
𨶃,麻
詐,麻
𨢧,麻
榨,麻
乍,麻
䄍,麻
𧧻,麻
謝,麻
榭,麻
㴬,麻
髂,麻
𩩱,麻
疴,麻
𧩶,麻
𠳌,麻
暇,麻
褯,麻
躤,麻
䤳,麻
䣠,麻
夜,麻
鵺,麻
䞣,麻
卸,麻
䉣,麻
柘,麻
鷓,麻
嗻,麻
蔗,麻
唶,麻
舎,麻
赦,麻
涻,麻
厙,麻
䠶,麻
霸,麻
𧟶,麻
弝,麻
欛,麻
靶,麻
灞,麻
垻,麻
帊,麻
摦,麻
㕦,麻
鳠,麻
化,麻
𩲏,麻
𩵏,麻
杹,麻
誜,麻
𤝡,麻
𩹏,麻
𦫙,麻
𥝧,麻
䏧,麻
𦔯,麻
坬,麻
䖳,麻
攨,麻
䠚,麻
漾,陽
恙,陽
羕,陽
㨾,陽
䭐,陽
㺊,陽
亮,陽
諒,陽
掠,陽
悢,陽
𣄵,陽
䁁,陽
䀶,陽
狀,陽
讓,陽
懹,陽
餉,陽
向,陽
𤵼,陽
珦,陽
帳,陽
脹,陽
痮,陽
悵,陽
暢,陽
鬯,陽
韔,陽
䩨,陽
𧀄,陽
畼,陽
𥠴,陽
𥇔,陽
䦳,陽
萫,陽
𧬰,陽
釀,陽
𥽬,陽
匠,陽
䞪,陽
𪀘,陽
㢓,陽
嶂,陽
瘴,陽
壯,陽
弶,陽
唱,陽
𪛋,陽
剏,陽
醬,陽
𨡰,陽
𨟻,陽
𨋕,陽
訪,陽
妄,陽
忘,陽
𧫢,陽
況,陽
况,陽
𣍦,陽
貺,陽
誑,陽
㤮,陽
𠉫,陽
臦,陽
旺,陽
𨾔,陽
唴,陽
𥇉,陽
羻,陽
誆,陽
宕,唐
逿,唐
𦿆,唐
𡇈,唐
埌,唐
䕞,唐
蒗,唐
𡵙,唐
葬,唐
徬,唐
𨌄,唐
譡,唐
瓽,唐
擋,唐
闣,唐
閌,唐
犺,唐
伉,唐
𪎵,唐
謗,唐
𨫖,唐
曠,唐
矌,唐
壙,唐
纊,唐
儾,唐
㚂,唐
𠷔,唐
擴,唐
䤑,唐
暎,庚
敬,庚
竟,庚
鏡,庚
獍,庚
競,庚
𥪰,庚
倞,庚
曔,庚
慶,庚
命,庚
病,庚
𡊞,庚
孟,庚
柄,庚
棅,庚
鈵,庚
寎,庚
詠,庚
咏,庚
泳,庚
絎,庚
㡧,庚
𩏠,庚
牚,庚
𧻓,庚
鋥,庚
𥊼,庚
䂻,庚
貹,庚
䛭,庚
𥥈,庚
諍,耕
迸,耕
䨻,耕
䙬,耕
鞕,耕
硬,耕
勁,清
凊,清
政,清
証,清
聖,清
鄭,清
㽀,清
遉,清
靗,清
性,清
姓,清
聘,清
娉,清
敻,清
摒,清
偋,清
庰,清
淨,清
靚,清
𩓞,清
墭,清
晟,清
詺,清
𣢝,清
𩈡,清
徑,青
逕,青
𠲮,青
𩰹,青
桱,青
寗,青
佞,青
踁,青
定,青
掟,青
錠,青
矴,青
飣,青
𦘭,青
顁,青
罄,青
𥥻,青
磬,青
掅,青
䒌,青
𢣙,青
瀅,青
證,蒸
孕,蒸
䵴,蒸
賸,蒸
媵,蒸
㑞,蒸
膡,蒸
𣎜,蒸
嵊,蒸
剰,蒸
芿,蒸
譍,蒸
噟,蒸
甑,蒸
䰝,蒸
𩱭,蒸
䙢,蒸
臖,蒸
嬹,蒸
蕂,蒸
榺,蒸
𪒘,蒸
𪑬,蒸
靐,蒸
秤,蒸
覴,蒸
嶝,登
鐙,登
隥,登
凳,登
𧀆,登
𩞬,登
磴,登
贈,登
𪒟,登
亘,登
堩,登
揯,登
䱎,登
𥔂,登
蹭,登
𠟂,登
鄧,登
蹬,登
𣩟,登
䮴,登
𢅴,登
䲛,登
𨮒,登
𧀧,登
𥦜,登
踜,登
𡬙,登
宥,尤
又,尤
佑,尤
祐,尤
酭,尤
𩑣,尤
𤴨,尤
姷,尤
忧,尤
䞥,尤
侑,尤
𦳩,尤
救,尤
廐,尤
究,尤
疚,尤
𠣿,尤
𧧷,尤
𨖏,尤
胄,尤
冑,尤
𩊄,尤
酎,尤
宙,尤
籀,尤
伷,尤
䛆,尤
駎,尤
晝,尤
狩,尤
獸,尤
臭,尤
岫,尤
𥥉,尤
袖,尤
牰,尤
齅,尤
嘼,尤
珛,尤
呪,尤
舊,尤
柩,尤
匶,尤
𤸃,尤
瘦,尤
皺,尤
㾭,尤
甃,尤
簉,尤
䔏,尤
遚,尤
富,尤
溜,尤
霤,尤
㙀,尤
廇,尤
畂,尤
𥛅,尤
塯,尤
㽌,尤
秀,尤
繡,尤
僦,尤
䅢,尤
媨,尤
驟,尤
僽,尤
就,尤
鷲,尤
㠇,尤
糅,尤
𩚖,尤
𢕒,尤
𨺅,尤
狖,尤
貁,尤
鼬,尤
𤍕,尤
褎,尤
𪕏,尤
授,尤
㖟,尤
售,尤
𪖛,尤
䞭,尤
𠋫,侯
鮜,侯
逅,侯
訽,侯
堠,侯
䞧,侯
䞀,侯
𣣠,侯
𡨥,侯
鷇,侯
𡠆,侯
簆,侯
瞉,侯
茂,侯
貿,侯
鄮,侯
戊,侯
愗,侯
袤,侯
懋,侯
姆,侯
苺,侯
𦼪,侯
𠔼,侯
㰴,侯
豆,侯
竇,侯
酘,侯
荳,侯
脰,侯
梪,侯
餖,侯
浢,侯
䄈,侯
毭,侯
𩊪,侯
𤀨,侯
㛒,侯
鬥,侯
鬭,侯
闘,侯
䛠,侯
𧱦,侯
斣,侯
䬦,侯
鎒,侯
𣫌,侯
譳,侯
瘶,侯
奏,侯
咅,侯
㰯,侯
䟝,侯
𧺢,侯
𠹝,侯
遘,侯
構,侯
媾,侯
覯,侯
姤,侯
購,侯
䝭,侯
雊,侯
彀,侯
𤚼,侯
㝤,侯
搆,侯
煹,侯
䃓,侯
𢄇,侯
輳,侯
腠,侯
湊,侯
𪉮,侯
楱,侯
𧱪,侯
陋,侯
漏,侯
屚,侯
𦸢,侯
𧷡,侯
𨫒,侯
𣤋,侯
𧫞,侯
蔻,侯
豞,侯
䪷,侯
佝,侯
䠫,侯
幼,幽
謬,幽
𧾻,幽
沁,侵A
𠖶,侵A
吣,侵A
䈜,侵A
𡫏,侵A
𥧲,侵A
妊,侵A
絍,侵A
衽,侵A
鴆,侵B
㼉,侵B
𦧈,侵B
䶖,侵B
𤘡,侵B
𦨽,侵B
紟,侵B
鈙,侵B
齽,侵B
㯲,侵B
賃,侵B
蔭,侵B
窨,侵B
𤸌,侵B
癊,侵B
滲,侵B
闖,侵B
𧡬,侵B
譖,侵B
讖,侵B
揕,侵B
㓄,侵B
𠐼,侵A
侺,侵A
𪔰,侵B
𢊖,侵A
勘,覃
䘓,覃
𧗀,覃
𪉯,覃
磡,覃
紺,覃
憾,覃
琀,覃
浛,覃
暗,覃
闇,覃
僋,覃
䐺,覃
憛,覃
俕,覃
閐,覃
㤾,覃
䫅,覃
謲,覃
㽩,覃
𤁡,覃
䀍,覃
馾,覃
𩈉,覃
𩾺,覃
𤃨,覃
𩞿,覃
瞰,談
𣊟,談
𪉿,談
𨣨,談
㜮,談
賧,談
𪊇,談
𪉧,談
舕,談
𤎡,談
腅,談
暫,談
蹔,談
豔,鹽A
艶,鹽A
焰,鹽A
𢴵,鹽A
灩,鹽A
贍,鹽A
窆,鹽B
驗,鹽B
𣄝,鹽B
掞,鹽A
壍,鹽A
塹,鹽A
嬱,鹽A
殮,鹽A
𧸘,鹽A
䠨,鹽A
韂,鹽A
㙴,鹽A
㮇,添
念,添
𦁇,添
店,添
墊,添
㝪,添
埝,添
䃸,添
䆎,添
磹,添
㼭,添
趝,添
僭,添
傔,添
釅,嚴
脅,嚴
姭,嚴
𤬯,嚴
𦲯,凡
陷,咸
蘸,咸
站,咸
𣳤,咸
𧸖,咸
譧,咸
𨼮,咸
懺,銜
摲,銜
𤮭,銜
覱,銜
釤,銜
㣌,銜
㒈,銜
湴,銜
㽉,銜
泛,凡
䀀,凡
𥁔,凡
姂,凡
劔,嚴
欠,嚴
㐸,嚴
𦑎,嚴
㛪,嚴
䛳,嚴
覎,嚴
屋,東
𡲃,東
𦤼,東
剭,東
𨜘,東
獨,東
黷,東
讟,東
髑,東
䫳,東
殰,東
讀,東
櫝,東
牘,東
儥,東
㾄,東
贕,東
䢱,東
䮷,東
皾,東
𤟩,東
瓄,東
瀆,東
𨽍,東
豄,東
韇,東
嬻,東
犢,東
𪇆,東
匵,東
穀,東
糓,東
轂,東
榖,東
濲,東
𪇗,東
𣨍,東
𪕸,東
䜼,東
𧣡,東
䐨,東
𥆌,東
䀰,東
唂,東
縠,東
槲,東
斛,東
螜,東
𧂔,東
蔛,東
𣫈,東
𣹬,東
㽇,東
䈸,東
焀,東
哭,東
𪍠,東
䵈,東
㲄,東
𣫓,東
秃,東
𣬜,東
𢬳,東
鵚,東
𣫔,東
𧞐,東
𢽴,東
剢,東
遬,東
𧫣,東
蔌,東
餗,東
𩱖,東
𨄞,東
樕,東
𣫎,東
𪋝,東
藗,東
殐,東
𡖯,東
棴,東
禄,東
鹿,東
漉,東
睩,東
𨏔,東
轆,東
㼾,東
𦪇,東
琭,東
簏,東
箓,東
螰,東
䍡,東
麓,東
㯟,東
盝,東
𥂖,東
䮽,東
磟,東
簶,東
𧌍,東
𥉶,東
摝,東
𥛞,東
𦌟,東
𥂇,東
𤽺,東
廘,東
𥪋,東
彔,東
鏕,東
䎑,東
𨌠,東
𩅄,東
蔍,東
𧹲,東
㷤,東
族,東
瘯,東
䃚,東
簇,東
鏃,東
鎐,東
㲫,東
䑑,東
𥐁,東
菐,東
𡕡,東
穙,東
扑,東
醭,東
𥣜,東
𪔿,東
撲,東
𪐙,東
卜,東
濮,東
䧤,東
𡡐,東
獛,東
蹼,東
纀,東
𩯏,東
鳪,東
木,東
沐,東
霂,東
𨍎,東
楘,東
蚞,東
腹,東
𠋩,東
葍,東
蝠,東
𥳇,東
輹,東
𦿁,東
虙,東
服,東
𦨈,東
茯,東
鵩,東
蕧,東
𨋩,東
澓,東
洑,東
箙,東
𩋟,東
𨌥,東
𪃃,東
𩢰,東
𥨍,東
复,東
𩊙,東
𩎧,東
鰒,東
栿,東
縮,東
莤,東
𩘹,東
樎,東
謖,東
䎘,東
蹜,東
摍,東
𧐴,東
六,東
陸,東
戮,東
剹,東
稑,東
穋,東
鵱,東
𦾷,東
𩣱,東
鯥,東
𦸐,東
𧌉,東
淕,東
䡜,東
坴,東
𡴆,東
踛,東
𥚊,東
逐,東
軸,東
舳,東
鱁,東
𧏿,東
筑,東
蓫,東
䮱,東
菊,東
鞠,東
蘜,東
𧃓,東
㥌,東
𡙳,東
掬,東
匊,東
𥷤,東
𦶗,東
鞫,東
𡫬,東
𥩁,東
㹼,東
𪈓,東
鵴,東
𨸰,東
㘲,東
㽤,東
椈,東
巈,東
䳔,東
𩛺,東
諊,東
𩬜,東
踘,東
閰,東
𣐊,東
𧿻,東
泦,東
趜,東
麴,東
𥶶,東
𩍔,東
𠤄,東
熟,東
孰,東
淑,東
塾,東
𨷙,東
婌,東
䃞,東
俶,東
柷,東
琡,東
𣥹,東
埱,東
育,東
毓,東
鬻,東
粥,東
𩱱,東
䋭,東
𧷗,東
棛,東
錥,東
焴,東
昱,東
蒮,東
淯,東
蜟,東
𢌻,東
堉,東
喅,東
𤳕,東
逳,東
𦱀,東
蘛,東
驧,東
𩣽,東
𪁁,東
毱,東
䗇,東
䜯,東
鼀,東
蹴,東
肉,東
衄,東
叔,東
儵,東
倐,東
虪,東
𨁀,東
鮛,東
掓,東
𢞣,東
尗,東
菽,東
㶖,東
蓄,東
稸,東
𤲸,東
㜅,東
鄐,東
慉,東
竹,東
築,東
𥴁,東
茿,東
蹙,東
𧑙,東
㗤,東
噈,東
槭,東
𥷛,東
縬,東
𣢰,東
𦟠,東
顣,東
珿,東
矗,東
𨴖,東
𧯩,東
䎌,東
𦗂,東
忸,東
䖡,東
䂇,東
𡎺,東
蝮,東
㙏,東
郁,東
戫,東
彧,東
薁,東
䉛,東
𨞓,東
稶,東
𠸹,東
𨪎,東
肅,東
蓿,東
夙,東
𠉦,東
𠈇,東
鷫,東
𪂸,東
驌,東
鱐,東
𤥔,東
䑿,東
㑉,東
璛,東
㪩,東
目,東
睦,東
穆,東
𦱒,東
牧,東
㙁,東
㣎,東
㾇,東
哊,東
滀,東
敊,東
傗,東
砡,東
沃,冬
鋈,冬
毒,冬
𡹆,冬
𦺇,冬
蝳,冬
𢃶,冬
篤,冬
督,冬
𧝴,冬
𧞶,冬
錖,冬
𤬂,冬
𥓍,冬
裻,冬
酷,冬
焅,冬
𥞴,冬
嚳,冬
𡷥,冬
鵠,冬
隺,冬
𤌍,冬
頶,冬
𨴬,冬
瞨,冬
鏷,冬
洬,冬
牿,冬
䧼,冬
臛,冬
傉,冬
傶,冬
𣪻,冬
錊,冬
𤛹,冬
燭,鍾
屬,鍾
属,鍾
矚,鍾
䌵,鍾
囑,鍾
䟉,鍾
蠾,鍾
蠋,鍾
玉,鍾
獄,鍾
鳿,鍾
頊,鍾
旭,鍾
勗,鍾
𩔴,鍾
𩪉,鍾
輂,鍾
鋦,鍾
挶,鍾
𦥑,鍾
梮,鍾
䡞,鍾
㮂,鍾
䋰,鍾
𦅽,鍾
𧤑,鍾
局,鍾
跼,鍾
駶,鍾
侷,鍾
䎤,鍾
蜀,鍾
欘,鍾
䙱,鍾
襩,鍾
㻿,鍾
觸,鍾
臅,鍾
辱,鍾
蓐,鍾
鄏,鍾
縟,鍾
溽,鍾
㦺,鍾
媷,鍾
嗕,鍾
𪑾,鍾
𩱜,鍾
束,鍾
欲,鍾
浴,鍾
鵒,鍾
𩀑,鍾
鋊,鍾
輍,鍾
慾,鍾
躅,鍾
録,鍾
綠,鍾
醁,鍾
騄,鍾
菉,鍾
逯,鍾
䱚,鍾
籙,鍾
䟿,鍾
𧨹,鍾
㫽,鍾
曲,鍾
䒼,鍾
匤,鍾
瘃,鍾
𤷚,鍾
斸,鍾
钃,鍾
𢒔,鍾
哫,鍾
贖,鍾
𩌮,鍾
䴰,鍾
幞,鍾
促,鍾
誎,鍾
𤗁,鍾
𦠁,鍾
續,鍾
俗,鍾
藚,鍾
粟,鍾
𥻆,鍾
憟,鍾
𣯼,鍾
㔄,鍾
𥹵,鍾
㙇,鍾
豖,鍾
斠,江
桷,江
䡈,江
珏,江
榷,江
捔,江
搉,江
傕,江
嶽,江
岳,江
鸑,江
𩓥,江
捳,江
㹊,江
浞,江
丵,江
鋜,江
灂,江
鷟,江
篧,江
齺,江
𢋱,江
捉,江
穛,江
𥼚,江
穱,江
𧂒,江
朔,江
矟,江
槊,江
蒴,江
𦂗,江
㮶,江
𦋞,江
斲,江
涿,江
諑,江
㧻,江
琢,江
卓,江
桌,江
𥢔,江
斀,江
啅,江
𢁁,江
倬,江
晫,江
𢽚,江
剥,江
駮,江
駁,江
𩐟,江
𦢊,江
嚗,江
𥭖,江
髉,江
㿺,江
䑈,江
趵,江
邈,江
㦝,江
𢷕,江
瞐,江
雹,江
𩅟,江
𢷏,江
䮀,江
𩺽,江
䈏,江
瓝,江
㼎,江
謈,江
窇,江
𥭓,江
懪,江
㩧,江
璞,江
朴,江
㹒,江
圤,江
𤆝,江
𥛟,江
㺪,江
𧴤,江
㱿,江
毃,江
愨,江
確,江
碻,江
𤿩,江
嶨,江
塙,江
𣤇,江
𡴊,江
埆,江
𡇱,江
濁,江
擢,江
𧃔,江
𢺡,江
㺟,江
蠗,江
鸐,江
𩑂,江
𢢗,江
𩆸,江
㪬,江
渥,江
握,江
偓,江
幄,江
楃,江
喔,江
鷽,江
腛,江
齷,江
媉,江
𦯏,江
𠿟,江
䚥,江
𧢺,江
𧣺,江
犖,江
䃕,江
𡁆,江
學,江
确,江
𥀣,江
㕰,江
𩌥,江
𦰾,江
瀥,江
䤕,江
娖,江
䃗,江
娕,江
擉,江
齪,江
晊,眞A
郅,眞A
桎,眞A
櫍,眞A
騭,眞A
劕,眞A
䑇,眞A
鑕,眞A
𡂒,眞A
侄,眞A
日,眞A
馹,眞A
㠴,眞A
實,眞A
秩,眞B
紩,眞B
帙,眞B
袠,眞B
翐,眞B
妷,眞B
豑,眞B
𣗻,眞B
𧽮,眞B
𡙮,眞B
悉,眞A
厀,眞A
膝,眞A
𧀬,眞A
𦸝,眞A
窸,眞A
一,眞A
弌,眞A
壹,眞A
七,眞A
漆,眞A
柒,眞A
䣛,眞A
𪄭,眞A
桼,眞A
𣛺,眞A
𦸓,眞A
㯃,眞A
匹,眞A
鷝,眞A
𠯔,眞A
䏘,眞A
吉,眞A
郆,眞A
洁,眞A
𤿠,眞A
暱,眞B
昵,眞B
䵒,眞B
䵑,眞B
䘌,眞B
逸,眞A
佚,眞A
佾,眞A
溢,眞A
鎰,眞A
劮,眞A
詰,眞A
蛣,眞A
𩢴,眞A
欯,眞A
恄,眞A
㣟,眞A
抶,眞B
栗,眞A
㮚,眞A
𣡷,眞A
慄,眞A
溧,眞A
𠞉,眞A
鷅,眞A
凓,眞A
篥,眞A
麜,眞A
𨍫,眞A
瑮,眞A
𦃊,眞A
塛,眞A
搮,眞A
䔁,眞A
㗚,眞A
㟳,眞A
挃,眞B
庢,眞B
秷,眞B
𦤻,眞B
㲳,眞B
𨖹,眞B
螲,眞B
𥎹,眞B
疾,眞A
𤕺,眞A
蒺,眞A
㑵,眞A
𧎿,眞A
愱,眞A
槉,眞A
𠹋,眞A
𧪠,眞A
㓼,臻
䜉,臻
失,眞A
室,眞A
𩋡,眞A
㘍,眞A
㲺,眞A
𧉍,眞A
蜜,眞A
𧖅,眞A
謐,眞A
䤉,眞A
榓,眞A
𥁑,眞A
淧,眞A
𥋱,眞A
必,眞A
畢,眞A
篳,眞A
蓽,眞A
韠,眞A
㻫,眞A
䟆,眞A
蹕,眞A
滭,眞A
㪤,眞A
珌,眞A
㓖,眞A
熚,眞A
𡠚,眞A
彃,眞A
㮿,眞A
縪,眞A
鮅,眞A
饆,眞A
鏎,眞A
𡻞,眞A
𥀕,眞A
𥛘,眞A
罼,眞A
姞,眞B
佶,眞B
鮚,眞B
䩛,眞A
怭,眞A
𨠔,眞A
䖩,眞A
𣢠,眞A
妼,眞A
䫻,眞B
𣅕,眞B
𦳯,眞B
㧒,眞B
蟀,諄
𧍓,諄
䢦,諄
𧜠,諄
咰,諄
𠌭,諄
𧗿,諄
叱,眞A
𪗨,臻
密,眞B
𡶇,眞B
蔤,眞B
滵,眞B
樒,眞B
𥄃,眞B
𪅮,眞B
𥉴,眞B
弼,眞B
𢐀,眞B
㢸,眞B
𠡂,眞B
𢘍,眞B
胇,眞B
乙,眞B
鳦,眞B
𦨇,眞B
𠡝,眞B
筆,眞B
潷,眞B
𢴩,眞B
㻶,眞B
𨅗,眞B
獝,眞B
術,諄
述,諄
秫,諄
术,諄
沭,諄
噊,諄
驈,諄
𧑐,諄
橘,諄
繘,諄
𧽻,諄
䤎,諄
𦙮,諄
𣎛,諄
崒,諄
踤,諄
聿,諄
鴪,諄
燏,諄
遹,諄
鷸,諄
𩙅,諄
矞,諄
霱,諄
䢖,諄
䋖,諄
銉,諄
𦒔,諄
𥎐,諄
䱣,諄
㰵,諄
卹,諄
恤,諄
戌,諄
訹,諄
珬,諄
䳳,諄
賉,諄
𣸃,諄
㖅,諄
𧊥,諄
銊,諄
欰,諄
𥚋,諄
𨜿,諄
律,諄
寽,諄
繂,諄
膟,諄
䔞,諄
葎,諄
𥭐,諄
𠷈,諄
黜,諄
怵,諄
𧺶,諄
䟣,諄
㤕,諄
𤝞,諄
窋,諄
絀,諄
㑁,諄
逫,諄
𡢑,諄
𦬸,諄
炢,諄
𦦖,諄
䎉,諄
怴,諄
𥄵,諄
櫛,臻
瀄,臻
㘉,臻
𥠈,臻
擳,臻
瑟,臻
飋,臻
蝨,臻
璱,臻
𦆄,臻
物,文
勿,文
𣃦,文
芴,文
岉,文
弗,文
紱,文
黻,文
綍,文
紼,文
巿,文
𨚓,文
翇,文
柫,文
𡗻,文
𩖼,文
笰,文
𤊸,文
甶,文
鬱,文
欝,文
灪,文
爩,文
𥘄,文
𩰪,文
𠀔,文
屈,文
鶌,文
趉,文
䠇,文
詘,文
𧌑,文
倔,文
崛,文
𡲬,文
䘿,文
𡲗,文
佛,文
坲,文
𡶒,文
咈,文
䞞,文
刜,文
𣀣,文
炥,文
𩘐,文
欻,文
𦱧,文
㗵,文
烼,文
𢯮,文
䁌,文
𢔥,文
拂,文
𢂀,文
祓,文
乀,文
䭮,文
彿,文
𧿳,文
迄,欣
仡,欣
釳,欣
忔,欣
䒗,欣
䛥,欣
汔,欣
訖,欣
吃,欣
䰴,欣
疙,欣
屹,欣
𧆫,欣
䞘,欣
𢇓,欣
乞,欣
月,元
跀,元
𧿁,元
抈,元
鈅,元
玥,元
𦘹,元
伐,元
栰,元
罰,元
閥,元
垡,元
瞂,元
藅,元
䣹,元
𨒋,元
粤,元
戉,元
鉞,元
䋐,元
樾,元
蚏,元
曰,元
𥩡,元
𡛟,元
𣐋,元
𧊎,元
氒,元
𨇮,元
𧽸,元
𧼞,元
瘚,元
劂,元
蕨,元
蟨,元
蟩,元
橜,元
𥕲,元
𠢤,元
欮,元
撅,元
𠄌,元
𡡕,元
𧤼,元
鷢,元
蹷,元
憠,元
𨬐,元
䞷,元
𣖬,元
𩪜,元
亅,元
闕,元
㵐,元
髮,元
𩠖,元
𩑛,元
發,元
韤,元
韈,元
襪,元
䟠,元
狘,元
䎀,元
㞽,元
謁,元
歇,元
蠍,元
𤢔,元
𦪬,元
𧼨,元
羯,元
𢶆,元
鍻,元
𢷒,元
没,魂
殁,魂
𤣻,魂
𩑦,魂
𠬛,魂
莈,魂
𣅝,魂
骨,魂
縎,魂
䮩,魂
啒,魂
汩,魂
愲,魂
蓇,魂
尳,魂
㾶,魂
榾,魂
䓛,魂
㒴,魂
勃,魂
渤,魂
𩱚,魂
餑,魂
𡋯,魂
馞,魂
郣,魂
浡,魂
𣭷,魂
𢠜,魂
㪍,魂
㶿,魂
桲,魂
挬,魂
脖,魂
𦸦,魂
鵓,魂
𩢎,魂
𩨳,魂
宊,魂
𠫓,魂
𡿮,魂
䠈,魂
突,魂
揬,魂
腯,魂
鼵,魂
葖,魂
鶟,魂
堗,魂
𦩤,魂
鈯,魂
𦔅,魂
𣔻,魂
鍎,魂
腽,魂
榅,魂
淴,魂
忽,魂
㾁,魂
匫,魂
寣,魂
笏,魂
䩐,魂
曶,魂
𣓗,魂
㦌,魂
𦁕,魂
𢑢,魂
惚,魂
𤶘,魂
兀,魂
杌,魂
屼,魂
矹,魂
䦍,魂
鼿,魂
𦨉,魂
䑢,魂
𠨜,魂
㽾,魂
𤴰,魂
𧈭,魂
𦬂,魂
䪬,魂
昢,魂
哱,魂
㛘,魂
硉,魂
𨁸,魂
𥓎,魂
㪐,魂
窟,魂
矻,魂
㧾,魂
圣,魂
㩿,魂
𡑣,魂
𡼿,魂
𥌄,魂
訥,魂
𣧍,魂
窣,魂
𪌯,魂
𪍛,魂
㲞,魂
𪖶,魂
𪅄,魂
㞕,魂
猝,魂
𢪃,魂
𥾛,魂
椊,魂
䚝,魂
崪,魂
𩩠,魂
麧,痕
𥝖,痕
搰,魂
𣝗,魂
𦗣,魂
抇,魂
𡰅,魂
稡,魂
曷,寒
褐,寒
毼,寒
鶡,寒
蝎,寒
䫘,寒
𩩲,寒
㮫,寒
𠿒,寒
㿣,寒
𩡔,寒
怛,寒
𢛁,寒
妲,寒
呾,寒
炟,寒
䵣,寒
𦬹,寒
闥,寒
㒓,寒
撻,寒
躂,寒
澾,寒
𣥂,寒
羍,寒
𦍒,寒
達,寒
遏,寒
齃,寒
頞,寒
堨,寒
胺,寒
咹,寒
𠥜,寒
剌,寒
揧,寒
辢,寒
瘌,寒
攋,寒
𢈠,寒
𢃴,寒
䶛,寒
㻝,寒
𥈙,寒
楋,寒
蝲,寒
㵣,寒
𤸎,寒
嵑,寒
薘,寒
囐,寒
㩵,寒
枿,寒
𣡌,寒
𣎴,寒
𠱥,寒
𠲗,寒
歺,寒
葛,寒
䈓,寒
割,寒
𩢛,寒
輵,寒
𨞛,寒
𥢸,寒
㵧,寒
躠,寒
薩,寒
𥻦,寒
攃,寒
𦼧,寒
𨐖,寒
䌨,寒
礤,寒
捺,寒
䖧,寒
末,桓
昩,桓
𩑷,桓
䴲,桓
𨣱,桓
䬴,桓
秣,桓
𥬎,桓
靺,桓
𥽘,桓
䱅,桓
眜,桓
抹,桓
妺,桓
𠇱,桓
𢗿,桓
𡊉,桓
𩿣,桓
沫,桓
𦫕,桓
袜,桓
撥,桓
癶,桓
茇,桓
鉢,桓
盋,桓
䳊,桓
鱍,桓
䢌,桓
𩯌,桓
襏,桓
𦪑,桓
驋,桓
拶,桓
㳨,桓
𨀨,桓
括,桓
活,桓
𣽅,桓
髺,桓
聒,桓
䒷,桓
𦸈,桓
萿,桓
适,桓
佸,桓
葀,桓
䯏,桓
懖,桓
𦗾,桓
筈,桓
闊,桓
蛞,桓
䟯,桓
𤫵,桓
秳,桓
奪,桓
𡙜,桓
敚,桓
脫,桓
挩,桓
莌,桓
痥,桓
鮵,桓
豁,桓
𧯆,桓
奯,桓
𤃴,桓
眓,桓
斡,桓
焥,桓
䩊,桓
捾,桓
𥄗,桓
繓,桓
撮,桓
攥,桓
鏺,桓
𢯸,桓
𨂩,桓
㧊,桓
䣪,桓
𨡩,桓
𣸍,桓
𧘟,桓
𦫔,桓
䍨,桓
𠷑,桓
侻,桓
捋,桓
𠜖,桓
裰,桓
跋,桓
𧺡,桓
𧺺,桓
魃,桓
𢇷,桓
䣮,桓
馛,桓
炦,桓
癹,桓
妭,桓
犮,桓
胈,桓
鈸,桓
䮂,桓
𩃶,桓
䯋,桓
黠,山
𩪲,山
札,山
㱜,山
蚻,山
紮,山
𩿤,山
扎,山
𥎱,山
𤫶,山
劼,山
𠛉,山
㓤,山
硈,山
𦸉,山
䂒,山
𢼣,山
猾,山
䱻,山
磆,山
螖,山
䴳,山
𧽌,山
八,山
𩡩,山
朳,山
㺴,山
䤢,山
哵,山
玐,山
釟,山
𠿡,山
穵,山
嗗,山
豽,山
貀,山
𪙻,山
䕓,山
察,山
𣘤,山
𩴳,山
𠟽,山
戛,山
扴,山
圿,山
鴶,山
秸,山
鞂,山
忦,山
嘎,山
𠜵,山
㮖,山
軋,山
圠,山
揠,山
嫼,山
䝟,山
䰲,山
窫,山
煞,山
𣻑,山
榝,山
㑻,山
䯦,山
𪒜,山
睰,山
礣,山
傄,山
䀨,山
痆,山
𧞍,山
𦤙,山
𦘍,山
𪗔,山
𥐙,山
𨋐,山
鎋,刪
舝,刪
𪗾,刪
鶷,刪
𧕱,刪
𤪍,刪
𦵯,刪
縖,刪
𩝛,刪
𥰶,刪
𠢆,刪
𢮟,刪
𪆰,刪
䦪,刪
𡇼,刪
劜,刪
聐,刪
𩮝,刪
刹,刪
䓭,刪
𥴭,刪
趏,刪
瞎,刪
𩮂,刪
㔠,刪
刮,刪
𤁪,刪
𦧠,刪
敌,刪
䫄,刪
𤁫,刪
䎳,刪
䚴,刪
𥗥,刪
帓,刪
帕,刪
𤬷,刪
袦,刪
𪈟,刪
𨰉,刪
㳐,刪
哳,刪
𢧖,刪
𧶇,刪
𩭿,刪
屑,先
揳,先
𨇨,先
榍,先
糏,先
偰,先
㴽,先
𦵱,先
𦞚,先
㨝,先
㗫,先
𪙇,先
竊,先
沏,先
䟙,先
結,先
絜,先
潔,先
䥛,先
鍥,先
桔,先
𣚃,先
𧾯,先
魝,先
𡔣,先
𧍩,先
節,先
𢎛,先
癤,先
楶,先
㸅,先
𡴺,先
䲙,先
幯,先
𠬨,先
𧞩,先
血,先
𥅧,先
䆷,先
䆝,先
䦑,先
泬,先
疦,先
瞲,先
決,先
䛎,先
䒸,先
坹,先
闋,先
𨴒,先
玦,先
䀗,先
譎,先
訣,先
𧤾,先
觼,先
鐍,先
𦯊,先
芵,先
赽,先
鴂,先
鈌,先
𣬎,先
㭈,先
趹,先
憰,先
𧝃,先
䏐,先
抉,先
穴,先
䋉,先
䆕,先
𥈾,先
䆢,先
昳,先
胅,先
垤,先
耋,先
迭,先
跌,先
絰,先
驖,先
嵽,先
𨳺,先
瓞,先
戜,先
苵,先
镻,先
𢲼,先
恎,先
詄,先
𪀒,先
𠽧,先
𡼄,先
𥑇,先
趃,先
㦅,先
鐵,先
僣,先
餮,先
飻,先
蛈,先
𢶋,先
纈,先
擷,先
𢴲,先
頁,先
襭,先
𥊯,先
𧀺,先
翓,先
奊,先
籺,先
𨵪,先
𥢹,先
涅,先
捏,先
𦵐,先
𡍤,先
圼,先
篞,先
𥔄,先
𤶚,先
㖏,先
𦛠,先
𢧵,先
岊,先
蠞,先
䕙,先
𩟦,先
齧,先
嵲,先
槷,先
臬,先
臲,先
隉,先
𡶫,先
蔑,先
懱,先
𧂝,先
蠛,先
篾,先
幭,先
鱴,先
𥾝,先
衊,先
䩏,先
𤊾,先
𪇴,先
𥣫,先
鴓,先
𥸴,先
𥌨,先
㢼,先
䋢,先
𩋇,先
𡘴,先
䌘,先
䘷,先
㔡,先
噎,先
䊦,先
蠮,先
𤝱,先
挈,先
㼤,先
蛪,先
𡘐,先
䩤,先
褉,先
䙽,先
撆,先
𢠳,先
䭱,先
嫳,先
鐅,先
暼,先
蹩,先
𩓝,先
䏟,先
蛂,先
𢛎,先
襒,先
𥉺,先
𨴗,先
𡇓,先
𥸸,先
𥃎,先
薛,仙A
紲,仙A
緤,仙A
褻,仙A
辥,仙A
禼,仙A
𥝁,仙A
媟,仙A
齛,仙A
𣽒,仙A
𣊓,仙A
絬,仙A
疶,仙A
迾,仙A
蛚,仙A
烈,仙A
冽,仙A
裂,仙A
茢,仙A
颲,仙A
鴷,仙A
㤠,仙A
挒,仙A
𩢾,仙A
𡊻,仙A
姴,仙A
哲,仙B
悊,仙B
喆,仙B
嚞,仙B
蜇,仙B
傑,仙B
桀,仙B
榤,仙B
嵥,仙B
滐,仙B
櫭,仙B
杰,仙B
搩,仙B
熱,仙A
晣,仙A
浙,仙A
𩍕,仙A
䏳,仙A
䀿,仙A
蛥,仙A
孼,仙B
糱,仙B
𤅊,仙B
蠥,仙B
㜸,仙B
𡴎,仙B
滅,仙A
搣,仙A
朅,仙B
藒,仙B
𡐤,仙B
鼈,仙A
虌,仙A
𡐞,仙A
憋,仙A
䳤,仙A
絕,仙A
㔢,仙A
𨼎,仙A
雪,仙A
䨮,仙A
𤿫,仙B
悅,仙A
閱,仙A
𧀲,仙A
蒛,仙A
爇,仙A
焫,仙A
㨎,仙A
拙,仙A
梲,仙A
䫎,仙A
䪼,仙A
𨢬,仙A
䖦,仙A
歠,仙A
惙,仙B
罬,仙B
䟾,仙B
𩋁,仙B
叕,仙B
𧖀,仙B
劣,仙A
𢚃,仙A
埒,仙A
䟹,仙A
鋝,仙A
浖,仙A
哷,仙A
𦓤,仙A
别,仙B
𡷘,仙B
轍,仙B
徹,仙B
撤,仙B
澈,仙B
㯙,仙B
䇷,仙B
𧧸,仙B
莂,仙B
㕞,仙B
𠴪,仙B
孑,仙B
𨥂,仙B
設,仙A
蔎,仙A
呐,仙B
𩖶,仙B
𣧡,仙B
烕,仙B
𦐋,仙B
吷,仙B
𧣸,仙B
䞵,仙B
𥕹,仙A
蠽,仙A
𧓷,仙A
𪇲,仙A
尐,仙A
𣧖,仙A
𠯙,仙A
𠵭,仙B
屮,仙B
䒆,仙B
焎,仙B
㿱,仙A
𧋍,仙A
𨵊,仙B
藥,陽
躍,陽
礿,陽
禴,陽
蘥,陽
鑰,陽
𩱲,陽
瀹,陽
𤅢,陽
𤄶,陽
爚,陽
龠,陽
䋤,陽
𠩃,陽
籥,陽
𢅹,陽
𥌺,陽
𧕋,陽
纅,陽
鸙,陽
㜰,陽
𤒀,陽
䟑,陽
㿑,陽
𨷲,陽
䠯,陽
𨈋,陽
䖃,陽
略,陽
䌎,陽
㗉,陽
䂮,陽
𧎾,陽
䛚,陽
腳,陽
脚,陽
卻,陽
屩,陽
灼,陽
斫,陽
彴,陽
勺,陽
酌,陽
焯,陽
妁,陽
謶,陽
𥯩,陽
犳,陽
𧘑,陽
禚,陽
爍,陽
鑠,陽
獡,陽
䁻,陽
弱,陽
鄀,陽
箬,陽
蒻,陽
楉,陽
䐞,陽
叒,陽
𨀝,陽
綽,陽
繛,陽
婥,陽
却,陽
𤷽,陽
虐,陽
瘧,陽
仢,陽
㲋,陽
𤟭,陽
辵,陽
削,陽
爵,陽
𩰥,陽
雀,陽
㩱,陽
嚼,陽
鵲,陽
趞,陽
碏,陽
䇎,陽
噱,陽
臄,陽
䐘,陽
𡤬,陽
䂄,陽
矆,陽
彏,陽
戄,陽
籰,陽
𧤽,陽
𧅚,陽
𥸘,陽
䢲,陽
玃,陽
貜,陽
𧾵,陽
钁,陽
攫,陽
矍,陽
𡚠,陽
躩,陽
𪈴,陽
𨏹,陽
𥖛,陽
櫡,陽
鐯,陽
𣃈,陽
擆,陽
𢖦,陽
䣤,陽
逽,陽
𨵫,陽
𩅿,陽
謔,陽
鐸,唐
剫,唐
𢜬,唐
踱,唐
凙,唐
𧩧,唐
𩍜,唐
䐾,唐
㤞,唐
喥,唐
仛,唐
𨍏,唐
莫,唐
幕,唐
鄚,唐
鏌,唐
漠,唐
瘼,唐
寞,唐
瞙,唐
塻,唐
𣩎,唐
𢊗,唐
𡈗,唐
𠢓,唐
落,唐
絡,唐
烙,唐
洛,唐
珞,唐
酪,唐
𩂣,唐
笿,唐
硌,唐
駱,唐
𤽼,唐
𩊚,唐
㓢,唐
𩧐,唐
鮥,唐
䶅,唐
雒,唐
𣛗,唐
𧭥,唐
𣧳,唐
𤽥,唐
𪇱,唐
袼,唐
𨏒,唐
託,唐
袥,唐
橐,唐
魠,唐
籜,唐
𣔳,唐
𣟄,唐
𨂫,唐
蘀,唐
𦚈,唐
侂,唐
飥,唐
沰,唐
柞,唐
糳,唐
㘀,唐
逪,唐
剒,唐
莡,唐
各,唐
閣,唐
胳,唐
恪,唐
㤩,唐
愙,唐
咢,唐
愕,唐
鄂,唐
諤,唐
𠟎,唐
𧊜,唐
𧍞,唐
遌,唐
萼,唐
鍔,唐
𡅡,唐
崿,唐
鶚,唐
鰐,唐
噩,唐
㗁,唐
齶,唐
顎,唐
𡾙,唐
鑩,唐
偔,唐
堮,唐
𡓐,唐
㮙,唐
湂,唐
𩔈,唐
奤,唐
䨰,唐
粕,唐
膊,唐
𦢸,唐
䪙,唐
胉,唐
蒪,唐
𥴮,唐
𦿍,唐
𦥭,唐
𦐦,唐
𢙣,唐
堊,唐
蝁,唐
泊,唐
亳,唐
箔,唐
薄,唐
礴,唐
𩍿,唐
鑮,唐
踄,唐
𩽛,唐
䭦,唐
壑,唐
㕡,唐
矐,唐
𢱢,唐
𩌈,唐
𦵫,唐
㮦,唐
涸,唐
鶴,唐
貈,唐
狢,唐
𠗂,唐
佫,唐
䅂,唐
昨,唐
酢,唐
莋,唐
怍,唐
𣫞,唐
筰,唐
㸲,唐
䎰,唐
𦁎,唐
𢂃,唐
鈼,唐
砟,唐
博,唐
髆,唐
鎛,唐
㗘,唐
𪙍,唐
簙,唐
䗚,唐
猼,唐
䍸,唐
䶈,唐
餺,唐
䙏,唐
諾,唐
霍,唐
霩,唐
䁨,唐
藿,唐
彉,唐
彍,唐
攉,唐
瀖,唐
劐,唐
癨,唐
郭,唐
𩫏,唐
𨟍,唐
崞,唐
椁,唐
槨,唐
𦘅,唐
雘,唐
蠖,唐
𩟓,唐
鸌,唐
穫,唐
鑊,唐
㦜,唐
𤐰,唐
䨥,唐
𤻙,唐
𢋒,唐
廓,唐
鞹,唐
籗,唐
瓁,唐
硦,唐
陌,庚
帞,庚
袹,庚
𡠜,庚
㱳,庚
貘,庚
蛨,庚
貊,庚
佰,庚
驀,庚
㹮,庚
𩢷,庚
洦,庚
𢫦,庚
𧻙,庚
銆,庚
磔,庚
虴,庚
舴,庚
𤜤,庚
𥧮,庚
杔,庚
白,庚
帛,庚
舶,庚
鮊,庚
𦰬,庚
伯,庚
迫,庚
敀,庚
百,庚
柏,庚
湐,庚
𦯉,庚
㼟,庚
劇,庚
屐,庚
𨍺,庚
𢜭,庚
㘌,庚
戟,庚
撠,庚
𦺩,庚
𤜾,庚
谻,庚
丮,庚
𩯋,庚
䞽,庚
𥻨,庚
䜺,庚
嚄,庚
𡄴,庚
窄,庚
蚱,庚
齚,庚
泎,庚
隙,庚
郤,庚
綌,庚
𧯈,庚
𡭴,庚
額,庚
頟,庚
䱮,庚
峉,庚
詻,庚
逆,庚
屰,庚
縌,庚
㘙,庚
𥿬,庚
𠱘,庚
客,庚
喀,庚
揢,庚
𡍩,庚
𧼳,庚
㿭,庚
𤖴,庚
𩎚,庚
䪝,庚
拍,庚
珀,庚
𤖼,庚
赫,庚
爀,庚
𢅰,庚
𥋿,庚
垎,庚
䞦,庚
楁,庚
𨍇,庚
𢓜,庚
茖,庚
骼,庚
觡,庚
㦴,庚
蛒,庚
𪌣,庚
𢼛,庚
𩹿,庚
謋,庚
諕,庚
𦒧,庚
硅,庚
𢝇,庚
宅,庚
㡯,庚
擇,庚
澤,庚
𪀥,庚
䕪,庚
鸅,庚
𩏪,庚
蠌,庚
𤂥,庚
虢,庚
㶁,庚
𧭣,庚
㠛,庚
𣝍,庚
麥,耕
𧖴,耕
脈,耕
脉,耕
衇,耕
霢,耕
眽,耕
𧡒,耕
獲,耕
嫿,耕
劃,耕
㗲,耕
咟,耕
蟈,耕
馘,耕
聝,耕
膕,耕
𩪐,耕
摑,耕
漍,耕
𢹖,耕
䂸,耕
嘓,耕
䬎,耕
𧖻,耕
檗,耕
擘,耕
𤖟,耕
糪,耕
䌟,耕
𦌠,耕
賾,耕
㣱,耕
矠,耕
責,耕
𩔳,耕
簀,耕
幘,耕
謮,耕
𦟜,耕
䞰,耕
策,耕
冊,耕
笧,耕
䶦,耕
𣆩,耕
憡,耕
皟,耕
㥽,耕
𧶷,耕
拺,耕
𩱝,耕
䙐,耕
緙,耕
諽,耕
剨,耕
𦑌,耕
㦎,耕
捇,耕
掝,耕
㖪,耕
䐸,耕
焃,耕
㩇,耕
𢄶,耕
𨐶,耕
𥊮,耕
䦝,耕
𤁹,耕
䬉,耕
𠜻,耕
䃒,耕
翮,耕
㮝,耕
核,耕
𤈧,耕
滆,耕
隔,耕
膈,耕
搹,耕
槅,耕
革,耕
𥴩,耕
𢡍,耕
䪂,耕
𧈑,耕
䨣,耕
𥉅,耕
𦑜,耕
嗝,耕
謫,耕
讁,耕
𤟍,耕
𡇠,耕
䊞,耕
厇,耕
戹,耕
厄,耕
搤,耕
㧖,耕
軶,耕
豟,耕
呝,耕
貖,耕
蚅,耕
𧠞,耕
栜,耕
𣽤,耕
㾊,耕
䨛,耕
擌,耕
𢶉,耕
㣂,耕
𥖪,耕
𢷾,耕
𧾛,耕
䭆,耕
昔,清
𦠡,清
腊,清
惜,清
潟,清
磶,清
𩍆,清
蕮,清
鬄,清
𩾼,清
焟,清
棤,清
脊,清
蹐,清
迹,清
跡,清
𩺀,清
蹟,清
襀,清
庴,清
益,清
嗌,清
𨜶,清
膉,清
𦶩,清
繹,清
亦,清
弈,清
奕,清
帟,清
譯,清
懌,清
驛,清
嶧,清
醳,清
腋,清
掖,清
䘸,清
液,清
痬,清
蜴,清
埸,清
圛,清
墿,清
焲,清
𥜃,清
㴒,清
燡,清
𦔥,清
𡱿,清
㘁,清
𤑹,清
𠓋,清
釋,清
𥼶,清
奭,清
睗,清
晹,清
𡣪,清
螫,清
冟,清
䁺,清
襫,清
尺,清
赤,清
烾,清
蚇,清
㡿,清
𠧚,清
𠧵,清
石,清
碩,清
祏,清
鉐,清
䄷,清
鼫,清
䲽,清
隻,清
墌,清
摭,清
蹠,清
跖,清
𩀝,清
䞠,清
𠪮,清
擲,清
擿,清
躑,清
𧓸,清
磧,清
𧻕,清
洓,清
𧙞,清
席,清
夕,清
穸,清
汐,清
𨛳,清
蓆,清
籍,清
𨆮,清
耤,清
塉,清
瘠,清
猎,清
膌,清
䣢,清
擗,清
躃,清
闢,清
辟,清
𩪧,清
𣮐,清
役,清
疫,清
𩷍,清
垼,清
炈,清
𪁛,清
鈠,清
𩂹,清
豛,清
𧈻,清
璧,清
鐴,清
躄,清
𣦢,清
襞,清
𨐨,清
碧,清
彳,清
𦳮,清
𢔠,清
錫,青
析,青
㭊,青
裼,青
皙,青
緆,青
𪎥,青
蜥,青
淅,青
惁,青
𧋐,青
㱤,青
擊,青
墼,青
𦼷,青
𡫀,青
霹,青
劈,青
澼,青
憵,青
䤨,青
靂,青
䟐,青
癧,青
鎘,青
䥶,青
礫,青
瓅,青
秝,青
櫪,青
䍽,青
𩽏,青
歷,青
曆,青
藶,青
瀝,青
磿,青
㽁,青
皪,青
𥌮,青
䍥,青
𪙽,青
𤪢,青
厤,青
攊,青
䮥,青
𧙉,青
䤙,青
𡳸,青
𦠓,青
𨢌,青
㔏,青
𪅼,青
𥽗,青
蝷,青
的,青
甋,青
靮,青
鏑,青
馰,青
滴,青
玓,青
樀,青
𦉹,青
𥕐,青
𥐝,青
𣂉,青
啇,青
魡,青
檄,青
覡,青
薂,青
椺,青
鷁,青
鶂,青
艗,青
𠩫,青
荻,青
狄,青
敵,青
籊,青
迪,青
覿,青
𧠫,青
笛,青
糴,青
籴,青
滌,青
蔋,青
𩷎,青
梑,青
䊮,青
䢮,青
㹍,青
㣙,青
逖,青
逷,青
倜,青
趯,青
䢰,青
剔,青
𠜓,青
惕,青
踢,青
䚐,青
𤈥,青
蓨,青
悐,青
𢞒,青
𥊕,青
績,青
勣,青
樍,青
𪄸,青
𢶡,青
𣪠,青
喫,青
𠿊,青
𥍰,青
惄,青
𧗂,青
愵,青
寂,青
𡧘,青
𡧯,青
覓,青
幎,青
幦,青
𧜀,青
䮭,青
糸,青
鼏,青
羃,青
漞,青
冂,青
䖑,青
𧱻,青
䌐,青
𪒄,青
䈿,青
濗,青
𧐎,青
塓,青
甓,青
鷿,青
壁,青
鼊,青
𧲜,青
闃,青
䠐,青
郹,青
狊,青
鶪,青
湨,青
鼳,青
犑,青
𠋬,青
戚,青
慼,青
𧒕,青
鼜,青
鏚,青
𪒑,青
𧠪,青
慽,青
𧐶,青
𦸗,青
磩,青
赥,青
䦧,青
𥍠,青
𤄎,青
𧨃,青
䈪,青
㤸,青
𣣉,青
㦦,青
𥍟,青
殈,青
𣤩,青
𥛚,青
職,蒸
軄,蒸
戠,蒸
𥋏,蒸
蟙,蒸
𧄕,蒸
䐈,蒸
直,蒸
犆,蒸
𡸜,蒸
力,蒸
屴,蒸
鳨,蒸
𠢠,蒸
𣲒,蒸
𡯄,蒸
𧲡,蒸
敕,蒸
勅,蒸
飭,蒸
淔,蒸
趩,蒸
栻,蒸
侙,蒸
𪀦,蒸
鷘,蒸
恜,蒸
慗,蒸
遫,蒸
㽚,蒸
陟,蒸
稙,蒸
蝕,蒸
息,蒸
㮩,蒸
鄎,蒸
瘜,蒸
蒠,蒸
熄,蒸
𦞜,蒸
䭒,蒸
㴧,蒸
𥰝,蒸
𪄛,蒸
寔,蒸
湜,蒸
殖,蒸
𢨀,蒸
遈,蒸
式,蒸
拭,蒸
𢂑,蒸
軾,蒸
飾,蒸
𥿮,蒸
鉽,蒸
烒,蒸
𧄹,蒸
赩,蒸
䀌,蒸
䵱,蒸
𥈜,蒸
𢤋,蒸
崱,蒸
𡸦,蒸
溭,蒸
萴,蒸
極,蒸
匿,蒸
𧈟,蒸
𧏾,蒸
𩺱,蒸
測,蒸
惻,蒸
畟,蒸
𦔎,蒸
𡍫,蒸
䔴,蒸
憶,蒸
億,蒸
臆,蒸
肊,蒸
𠶷,蒸
澺,蒸
薏,蒸
𦺳,蒸
䗷,蒸
𩍖,蒸
檍,蒸
𣚍,蒸
抑,蒸
𡊁,蒸
癔,蒸
色,蒸
㱇,蒸
嗇,蒸
𩍙,蒸
穡,蒸
轖,蒸
繬,蒸
䉢,蒸
𧒗,蒸
懎,蒸
𩕡,蒸
𠢳,蒸
䩯,蒸
殛,蒸
㥛,蒸
襋,蒸
棘,蒸
㻷,蒸
蕀,蒸
𧩦,蒸
弋,蒸
翊,蒸
翌,蒸
黓,蒸
翼,蒸
𩙺,蒸
𦏵,蒸
䴬,蒸
隿,蒸
𧃟,蒸
㚤,蒸
杙,蒸
芅,蒸
㔴,蒸
𧾰,蒸
𨙒,蒸
𥡪,蒸
蛡,蒸
𢦭,蒸
𢖺,蒸
瀷,蒸
𢎀,蒸
𠥦,蒸
熼,蒸
釴,蒸
𤼌,蒸
𧑌,蒸
𦔜,蒸
䄩,蒸
𢓀,蒸
䘝,蒸
䣧,蒸
即,蒸
卽,蒸
稷,蒸
㮨,蒸
㹄,蒸
𨂢,蒸
𤠎,蒸
䐚,蒸
逼,蒸
皕,蒸
䮠,蒸
湢,蒸
㘠,蒸
域,蒸
罭,蒸
棫,蒸
㚜,蒸
𪂉,蒸
𦈸,蒸
琙,蒸
緎,蒸
䮙,蒸
魊,蒸
淢,蒸
𦱂,蒸
洫,蒸
䦗,蒸
閾,蒸
𨵨,蒸
𦑍,蒸
𠷾,蒸
𧹭,蒸
堛,蒸
愊,蒸
𤗚,蒸
𩜰,蒸
揊,蒸
稫,蒸
䦼,蒸
𢾇,蒸
㽬,蒸
疈,蒸
稄,蒸
𥟔,蒸
𣅔,蒸
𢯩,蒸
仄,蒸
𣅦,蒸
㳁,蒸
側,蒸
𠨮,蒸
愎,蒸
腷,蒸
𤐧,蒸
𥻅,蒸
𡮞,蒸
𣮊,蒸
𢕚,蒸
𦔫,蒸
德,登
惪,登
㥁,登
得,登
淂,登
𨁽,登
𣌏,登
𠮊,登
則,登
𠟻,登
𠟭,登
勒,登
肋,登
扐,登
艻,登
𤨕,登
玏,登
泐,登
㔹,登
阞,登
竻,登
忒,登
㧹,登
慝,登
貣,登
𥊸,登
㥂,登
刻,登
克,登
剋,登
勀,登
𡞢,登
特,登
𧈩,登
𧎢,登
𤙰,登
鴏,登
黑,登
潶,登
㱄,登
墨,登
默,登
䘃,登
纆,登
𢄏,登
𡣫,登
䁿,登
𤲰,登
賊,登
𧵪,登
鱡,登
鰂,登
蠈,登
𦽒,登
𡫼,登
㥶,登
𢥛,登
北,登
𧉥,登
蔔,登
僰,登
𠣵,登
垘,登
䵗,登
𧟱,登
𢫯,登
或,登
惑,登
䰥,登
𡿿,登
國,登
餩,登
䘅,登
䎪,登
裓,登
𢧧,登
墄,登
𧕡,登
𠣾,登
𢃤,登
𥇙,登
緝,侵A
葺,侵A
諿,侵A
𧚨,侵A
𪔪,侵A
咠,侵A
十,侵A
什,侵A
拾,侵A
執,侵A
汁,侵A
瓡,侵A
習,侵A
襲,侵A
隰,侵A
鰼,侵A
飁,侵A
槢,侵A
𪄶,侵A
𦸚,侵A
䒁,侵A
霫,侵A
集,侵A
輯,侵A
亼,侵A
𠦫,侵A
𦺴,侵A
箿,侵A
入,侵A
廿,侵A
揖,侵A
挹,侵A
溼,侵A
䏉,侵A
㗱,侵A
潗,侵A
湒,侵A
蓻,侵A
䁒,侵A
𥠋,侵A
㠍,侵A
及,侵B
𨕤,侵B
𦶍,侵B
䲯,侵B
㧀,侵B
蟄,侵B
䐲,侵B
俋,侵B
㞏,侵B
縶,侵B
𩢏,侵B
𡂣,侵B
立,侵A
粒,侵A
笠,侵A
鴗,侵A
岦,侵A
砬,侵A
急,侵B
汲,侵B
給,侵B
伋,侵B
級,侵B
芨,侵B
𦳌,侵B
彶,侵B
岌,侵B
㱞,侵B
泣,侵B
㬤,侵B
湆,侵B
卌,侵A
𧿅,侵A
㗩,侵A
歰,侵B
澀,侵B
澁,侵B
雭,侵B
㒊,侵B
吸,侵B
噏,侵B
翕,侵B
𧬈,侵B
潝,侵B
熻,侵B
嬆,侵B
翖,侵B
𨝫,侵B
闟,侵B
𪅲,侵B
戢,侵B
𥊬,侵B
𧤏,侵B
𧥄,侵B
㗊,侵B
蕺,侵B
濈,侵B
𠿠,侵B
霵,侵B
邑,侵B
悒,侵B
䓃,侵B
䭂,侵B
𦶂,侵B
湁,侵B
雴,侵B
漐,侵B
㵫,侵B
𣲷,侵B
𦮾,侵B
𡍪,侵B
合,覃
郃,覃
榙,覃
䢔,覃
詥,覃
耠,覃
𡇶,覃
𪘁,覃
𦳬,覃
盒,覃
閤,覃
鴿,覃
㪉,覃
鉿,覃
鮯,覃
蛤,覃
匌,覃
佮,覃
𣭝,覃
㠷,覃
答,覃
畣,覃
𨅞,覃
撘,覃
荅,覃
㜓,覃
㾑,覃
𤝰,覃
㿯,覃
㯚,覃
趿,覃
颯,覃
馺,覃
𠦄,覃
㚫,覃
𣬬,覃
沓,覃
誻,覃
遝,覃
㧺,覃
㭼,覃
涾,覃
𩣯,覃
龖,覃
𠉤,覃
𣝋,覃
蹹,覃
䂿,覃
䜚,覃
𦂀,覃
𦾽,覃
𧌏,覃
眔,覃
錔,覃
嚃,覃
㛥,覃
踏,覃
𢃕,覃
鞜,覃
𦑇,覃
漯,覃
㹺,覃
𦧟,覃
䵬,覃
𨌭,覃
䍝,覃
濌,覃
𪂌,覃
䈋,覃
雜,覃
韴,覃
磼,覃
雥,覃
帀,覃
迊,覃
𠯗,覃
魳,覃
嘁,覃
沞,覃
䞙,覃
拉,覃
𦒆,覃
磖,覃
菈,覃
𣤊,覃
㕇,覃
𤛊,覃
納,覃
䪏,覃
蒳,覃
軜,覃
衲,覃
㨥,覃
𣩄,覃
𠩧,覃
䆟,覃
姶,覃
㔩,覃
𩇠,覃
搕,覃
鞥,覃
㬎,覃
礏,覃
哈,覃
𡀾,覃
砐,覃
礘,覃
䑥,覃
遪,覃
盍,談
闔,談
𨶩,談
嗑,談
篕,談
熆,談
臘,談
臈,談
𪙷,談
鑞,談
蠟,談
䗶,談
𥀰,談
𦒦,談
𦅶,談
㿴,談
耷,談
𢴄,談
𠞈,談
𩝣,談
䪚,談
榻,談
㯓,談
𦪙,談
毾,談
鰈,談
鰨,談
𦶑,談
狧,談
𦧭,談
𧪦,談
𦐇,談
鞳,談
塔,談
搭,談
遢,談
𩥑,談
𩵢,談
笝,談
𩚛,談
蹋,談
躢,談
闒,談
𤒻,談
𧮑,談
譫,談
䍇,談
䳴,談
䈳,談
𦑲,談
𠎷,談
𠿓,談
𢶍,談
𠦃,談
𨆂,談
㪪,談
𥋙,談
䪞,談
䫦,談
䗘,談
榼,談
𧛾,談
㕎,談
𨍰,談
鰪,談
廅,談
囃,談
𥗭,談
䵽,談
𪁍,談
葉,鹽A
楪,鹽A
鍱,鹽A
枼,鹽A
㯿,鹽A
接,鹽A
椄,鹽A
睫,鹽A
䀹,鹽A
楫,鹽A
婕,鹽A
菨,鹽A
𣶏,鹽A
鯜,鹽A
灄,鹽A
欇,鹽A
𥍉,鹽A
𣻣,鹽A
䤮,鹽A
獵,鹽A
鬣,鹽A
㲱,鹽A
躐,鹽A
䁽,鹽A
𣋲,鹽A
儠,鹽A
犣,鹽A
䪉,鹽A
䉭,鹽A
鱲,鹽A
𡂏,鹽A
𥪂,鹽A
𠠗,鹽A
䜲,鹽A
䃳,鹽A
巤,鹽A
捷,鹽A
疌,鹽A
倢,鹽A
崨,鹽A
踕,鹽A
誱,鹽A
䐑,鹽B
𢽱,鹽B
聶,鹽B
躡,鹽B
鑷,鹽B
㚔,鹽B
帇,鹽B
𩣘,鹽B
䌜,鹽B
𣌍,鹽B
㸎,鹽B
踂,鹽B
𥬬,鹽B
䳖,鹽B
𣀳,鹽B
謵,鹽A
𣠞,鹽A
䧪,鹽A
㳧,鹽A
𦛖,鹽A
讘,鹽A
顳,鹽A
喦,鹽A
囁,鹽A
𦣀,鹽A
讋,鹽A
懾,鹽A
䜆,鹽A
謺,鹽A
䝕,鹽A
妾,鹽A
緁,鹽A
䌌,鹽A
淁,鹽A
𣠺,鹽A
穕,鹽A
踥,鹽A
锸,鹽B
𩂻,鹽B
𥯥,鹽B
輒,鹽B
𦯍,鹽B
鮿,鹽B
㭯,鹽B
曅,鹽B
饁,鹽B
燁,鹽B
爗,鹽B
皣,鹽B
瞱,鹽B
𤷾,鹽B
㰼,鹽B
靨,鹽A
𣚕,鹽A
怗,添
帖,添
𪔧,添
䩞,添
貼,添
跕,添
蝶,添
䑜,添
呫,添
協,添
叶,添
勰,添
綊,添
挾,添
俠,添
劦,添
𤙒,添
𢂐,添
頰,添
𩠣,添
鋏,添
莢,添
蛺,添
唊,添
𥞵,添
愜,添
㥦,添
悏,添
㾜,添
匧,添
篋,添
㤲,添
牒,添
蹀,添
諜,添
堞,添
𨈈,添
㲲,添
𣯉,添
褺,添
曡,添
疊,添
䥡,添
䠟,添
㥈,添
𥷕,添
牃,添
褋,添
惵,添
𨐁,添
䴑,添
㩹,添
𪑧,添
䁋,添
𤗨,添
暬,添
𩐭,添
捻,添
錜,添
敜,添
㘨,添
𩋏,添
燮,添
屧,添
屟,添
躞,添
𤫉,添
𤏻,添
徢,添
𦔼,添
𤗈,添
蜨,添
𧕊,添
䕈,添
𡞘,添
𦩌,添
𡂩,添
𦖩,添
聑,添
𠲷,添
笘,添
㑙,添
𨓊,添
浹,添
㼪,添
䢡,添
洽,咸
䨐,咸
狹,咸
陜,咸
陿,咸
祫,咸
峽,咸
硤,咸
𢈙,咸
𪘘,咸
𤲍,咸
烚,咸
珨,咸
䞩,咸
恰,咸
掐,咸
䁍,咸
㓣,咸
䶢,咸
帢,咸
𠕣,咸
𢂿,咸
㡊,咸
𣁴,咸
𥯦,咸
䮢,咸
牐,咸
𧼰,咸
夾,咸
郟,咸
裌,咸
䀫,咸
餄,咸
㿓,咸
鵊,咸
䩡,咸
眨,咸
偛,咸
𥀈,咸
䛽,咸
插,咸
臿,咸
疀,咸
鍤,咸
扱,咸
㛼,咸
㷅,咸
𤜯,咸
𡤙,咸
㗙,咸
䶎,咸
㰰,咸
敮,咸
𧳛,咸
劄,咸
𠍹,咸
𧉫,咸
凹,咸
圔,咸
𥃐,咸
狎,銜
翈,銜
柙,銜
匣,銜
𧆥,銜
𦾏,銜
𢘉,銜
炠,銜
𤁳,銜
鴨,銜
壓,銜
庘,銜
䆘,銜
押,銜
甲,銜
胛,銜
𥑐,銜
玾,銜
𨒇,銜
𠩘,銜
𩌍,銜
翣,銜
𧲌,銜
帹,銜
䬊,銜
𧻵,銜
呷,銜
䛅,銜
𣢗,銜
業,嚴
㸣,嚴
鄴,嚴
驜,嚴
嶪,嚴
䧨,嚴
㗼,嚴
𠄅,嚴
𩑃,嚴
䲜,嚴
𢢜,嚴
𩼋,嚴
鸈,嚴
澲,嚴
𣣲,嚴
𣢩,嚴
愶,嚴
㢵,嚴
嗋,嚴
熁,嚴
𣹩,嚴
拹,嚴
怯,嚴
㹤,嚴
𠩂,嚴
㾀,嚴
𤴼,嚴
劫,嚴
蜐,嚴
鉣,嚴
䀷,嚴
䱒,嚴
䎨,嚴
殗,嚴
㡋,嚴
㪑,嚴
䤶,嚴
鄓,嚴
餣,嚴
䁆,嚴
𩐱,嚴
昅,嚴
乏,凡
法,凡
灋,凡
𥎰,凡
䎎,凡
𣹵,凡
𡷝,凡
𦑣,凡
